cve_entidad,entidad,periodo,categoria,sexo,cve_municipio,municipio,conteo,consultado_en
01,AGUASCALIENTES,2025-03,DESAPARECIDA_O_NO_LOCALIZADA,HOMBRE,01002,ASIENTOS,1,2026-08-09
01,AGUASCALIENTES,2025-03,DESAPARECIDA_O_NO_LOCALIZADA,HOMBRE,01003,CALVILLO,1,2026-08-09
01,AGUASCALIENTES,2025-03,DESAPARECIDA_O_NO_LOCALIZADA,HOMBRE,01004,COSÍO,1,2026-08-09
01,AGUASCALIENTES,2025-03,DESAPARECIDA_O_NO_LOCALIZADA,HOMBRE,01007,RINCÓN DE ROMOS,2,2026-08-09
01,AGUASCALIENTES,2025-03,LOCALIZADA_CON_VIDA,HOMBRE,01001,AGUASCALIENTES,26,2026-08-09
01,AGUASCALIENTES,2025-03,LOCALIZADA_CON_VIDA,INDETERMINADO,01001,AGUASCALIENTES,1,2026-08-09
01,AGUASCALIENTES,2025-03,LOCALIZADA_CON_VIDA,MUJER,01001,AGUASCALIENTES,22,2026-08-09
01,AGUASCALIENTES,2025-03,LOCALIZADA_CON_VIDA,MUJER,01002,ASIENTOS,1,2026-08-09
01,AGUASCALIENTES,2025-03,LOCALIZADA_CON_VIDA,HOMBRE,01003,CALVILLO,1,2026-08-09
01,AGUASCALIENTES,2025-03,LOCALIZADA_CON_VIDA,HOMBRE,01005,JESÚS MARÍA,3,2026-08-09
01,AGUASCALIENTES,2025-03,LOCALIZADA_CON_VIDA,MUJER,01005,JESÚS MARÍA,2,2026-08-09
01,AGUASCALIENTES,2025-03,LOCALIZADA_CON_VIDA,HOMBRE,01006,PABELLÓN DE ARTEAGA,1,2026-08-09
01,AGUASCALIENTES,2025-03,LOCALIZADA_CON_VIDA,HOMBRE,01007,RINCÓN DE ROMOS,1,2026-08-09
01,AGUASCALIENTES,2025-03,LOCALIZADA_CON_VIDA,MUJER,01007,RINCÓN DE ROMOS,1,2026-08-09
01,AGUASCALIENTES,2025-03,LOCALIZADA_CON_VIDA,MUJER,01009,TEPEZALA,1,2026-08-09
01,AGUASCALIENTES,2025-03,LOCALIZADA_CON_VIDA,HOMBRE,01010,EL LLANO,1,2026-08-09
01,AGUASCALIENTES,2025-03,LOCALIZADA_CON_VIDA,MUJER,01011,SAN FRANCISCO DE LOS ROMO,1,2026-08-09
01,AGUASCALIENTES,2025-03,LOCALIZADA_SIN_VIDA,HOMBRE,01001,AGUASCALIENTES,2,2026-08-09
01,AGUASCALIENTES,2025-03,LOCALIZADA_SIN_VIDA,MUJER,01001,AGUASCALIENTES,1,2026-08-09
02,BAJA CALIFORNIA,2025-03,DESAPARECIDA_O_NO_LOCALIZADA,HOMBRE,02001,ENSENADA,6,2026-08-09
02,BAJA CALIFORNIA,2025-03,DESAPARECIDA_O_NO_LOCALIZADA,MUJER,02001,ENSENADA,2,2026-08-09
02,BAJA CALIFORNIA,2025-03,DESAPARECIDA_O_NO_LOCALIZADA,HOMBRE,02002,MEXICALI,5,2026-08-09
02,BAJA CALIFORNIA,2025-03,DESAPARECIDA_O_NO_LOCALIZADA,MUJER,02002,MEXICALI,2,2026-08-09
02,BAJA CALIFORNIA,2025-03,DESAPARECIDA_O_NO_LOCALIZADA,HOMBRE,02003,TECATE,5,2026-08-09
02,BAJA CALIFORNIA,2025-03,DESAPARECIDA_O_NO_LOCALIZADA,HOMBRE,02004,TIJUANA,53,2026-08-09
02,BAJA CALIFORNIA,2025-03,DESAPARECIDA_O_NO_LOCALIZADA,MUJER,02004,TIJUANA,11,2026-08-09
02,BAJA CALIFORNIA,2025-03,DESAPARECIDA_O_NO_LOCALIZADA,HOMBRE,02005,PLAYAS DE ROSARITO,1,2026-08-09
02,BAJA CALIFORNIA,2025-03,DESAPARECIDA_O_NO_LOCALIZADA,HOMBRE,02006,SE DESCONOCE,1,2026-08-09
02,BAJA CALIFORNIA,2025-03,DESAPARECIDA_O_NO_LOCALIZADA,HOMBRE,02007,SAN QUINTÍN,4,2026-08-09
02,BAJA CALIFORNIA,2025-03,LOCALIZADA_CON_VIDA,HOMBRE,02001,ENSENADA,2,2026-08-09
02,BAJA CALIFORNIA,2025-03,LOCALIZADA_CON_VIDA,MUJER,02001,ENSENADA,1,2026-08-09
02,BAJA CALIFORNIA,2025-03,LOCALIZADA_CON_VIDA,HOMBRE,02004,TIJUANA,30,2026-08-09
02,BAJA CALIFORNIA,2025-03,LOCALIZADA_CON_VIDA,MUJER,02004,TIJUANA,19,2026-08-09
02,BAJA CALIFORNIA,2025-03,LOCALIZADA_CON_VIDA,MUJER,02005,PLAYAS DE ROSARITO,1,2026-08-09
02,BAJA CALIFORNIA,2025-03,LOCALIZADA_SIN_VIDA,HOMBRE,02004,TIJUANA,5,2026-08-09
02,BAJA CALIFORNIA,2025-03,LOCALIZADA_SIN_VIDA,MUJER,02004,TIJUANA,4,2026-08-09
03,BAJA CALIFORNIA SUR,2025-03,DESAPARECIDA_O_NO_LOCALIZADA,HOMBRE,03001,COMONDÚ,1,2026-08-09
03,BAJA CALIFORNIA SUR,2025-03,DESAPARECIDA_O_NO_LOCALIZADA,HOMBRE,03003,LA PAZ,1,2026-08-09
03,BAJA CALIFORNIA SUR,2025-03,DESAPARECIDA_O_NO_LOCALIZADA,MUJER,03003,LA PAZ,1,2026-08-09
03,BAJA CALIFORNIA SUR,2025-03,DESAPARECIDA_O_NO_LOCALIZADA,HOMBRE,03008,LOS CABOS,5,2026-08-09
03,BAJA CALIFORNIA SUR,2025-03,LOCALIZADA_CON_VIDA,HOMBRE,03001,COMONDÚ,1,2026-08-09
03,BAJA CALIFORNIA SUR,2025-03,LOCALIZADA_CON_VIDA,MUJER,03001,COMONDÚ,1,2026-08-09
03,BAJA CALIFORNIA SUR,2025-03,LOCALIZADA_CON_VIDA,HOMBRE,03002,MULEGÉ,4,2026-08-09
03,BAJA CALIFORNIA SUR,2025-03,LOCALIZADA_CON_VIDA,HOMBRE,03003,LA PAZ,8,2026-08-09
03,BAJA CALIFORNIA SUR,2025-03,LOCALIZADA_CON_VIDA,MUJER,03003,LA PAZ,6,2026-08-09
03,BAJA CALIFORNIA SUR,2025-03,LOCALIZADA_CON_VIDA,HOMBRE,03008,LOS CABOS,8,2026-08-09
03,BAJA CALIFORNIA SUR,2025-03,LOCALIZADA_CON_VIDA,MUJER,03008,LOS CABOS,13,2026-08-09
03,BAJA CALIFORNIA SUR,2025-03,LOCALIZADA_CON_VIDA,HOMBRE,03009,LORETO,1,2026-08-09
03,BAJA CALIFORNIA SUR,2025-03,LOCALIZADA_SIN_VIDA,HOMBRE,03001,COMONDÚ,1,2026-08-09
03,BAJA CALIFORNIA SUR,2025-03,LOCALIZADA_SIN_VIDA,HOMBRE,03003,LA PAZ,1,2026-08-09
03,BAJA CALIFORNIA SUR,2025-03,LOCALIZADA_SIN_VIDA,MUJER,03003,LA PAZ,1,2026-08-09
03,BAJA CALIFORNIA SUR,2025-03,LOCALIZADA_SIN_VIDA,HOMBRE,03008,LOS CABOS,1,2026-08-09
04,CAMPECHE,2025-03,DESAPARECIDA_O_NO_LOCALIZADA,HOMBRE,04003,CARMEN,2,2026-08-09
04,CAMPECHE,2025-03,DESAPARECIDA_O_NO_LOCALIZADA,MUJER,04004,CHAMPOTÓN,1,2026-08-09
04,CAMPECHE,2025-03,DESAPARECIDA_O_NO_LOCALIZADA,HOMBRE,04006,HOPELCHÉN,1,2026-08-09
04,CAMPECHE,2025-03,LOCALIZADA_CON_VIDA,HOMBRE,04002,CAMPECHE,9,2026-08-09
04,CAMPECHE,2025-03,LOCALIZADA_CON_VIDA,MUJER,04002,CAMPECHE,9,2026-08-09
04,CAMPECHE,2025-03,LOCALIZADA_CON_VIDA,HOMBRE,04003,CARMEN,3,2026-08-09
04,CAMPECHE,2025-03,LOCALIZADA_CON_VIDA,MUJER,04003,CARMEN,5,2026-08-09
04,CAMPECHE,2025-03,LOCALIZADA_CON_VIDA,HOMBRE,04006,HOPELCHÉN,1,2026-08-09
04,CAMPECHE,2025-03,LOCALIZADA_CON_VIDA,MUJER,04009,ESCÁRCEGA,1,2026-08-09
04,CAMPECHE,2025-03,LOCALIZADA_CON_VIDA,HOMBRE,04010,CALAKMUL,1,2026-08-09
04,CAMPECHE,2025-03,LOCALIZADA_CON_VIDA,MUJER,04010,CALAKMUL,2,2026-08-09
04,CAMPECHE,2025-03,LOCALIZADA_SIN_VIDA,HOMBRE,04002,CAMPECHE,1,2026-08-09
04,CAMPECHE,2025-03,LOCALIZADA_SIN_VIDA,HOMBRE,04009,ESCÁRCEGA,1,2026-08-09
05,COAHUILA,2025-03,DESAPARECIDA_O_NO_LOCALIZADA,HOMBRE,05020,MÚZQUIZ,1,2026-08-09
05,COAHUILA,2025-03,DESAPARECIDA_O_NO_LOCALIZADA,HOMBRE,05025,PIEDRAS NEGRAS,1,2026-08-09
05,COAHUILA,2025-03,DESAPARECIDA_O_NO_LOCALIZADA,HOMBRE,05030,SALTILLO,1,2026-08-09
05,COAHUILA,2025-03,DESAPARECIDA_O_NO_LOCALIZADA,MUJER,05030,SALTILLO,1,2026-08-09
05,COAHUILA,2025-03,DESAPARECIDA_O_NO_LOCALIZADA,HOMBRE,05035,TORREÓN,1,2026-08-09
05,COAHUILA,2025-03,LOCALIZADA_CON_VIDA,HOMBRE,05024,PARRAS,1,2026-08-09
05,COAHUILA,2025-03,LOCALIZADA_CON_VIDA,HOMBRE,05025,PIEDRAS NEGRAS,1,2026-08-09
05,COAHUILA,2025-03,LOCALIZADA_CON_VIDA,HOMBRE,05030,SALTILLO,2,2026-08-09
06,COLIMA,2025-03,DESAPARECIDA_O_NO_LOCALIZADA,HOMBRE,06005,CUAUHTÉMOC,1,2026-08-09
06,COLIMA,2025-03,DESAPARECIDA_O_NO_LOCALIZADA,HOMBRE,06009,TECOMÁN,3,2026-08-09
06,COLIMA,2025-03,LOCALIZADA_CON_VIDA,MUJER,06002,COLIMA,1,2026-08-09
07,CHIAPAS,2025-03,DESAPARECIDA_O_NO_LOCALIZADA,HOMBRE,07030,CHICOMUSELO,1,2026-08-09
07,CHIAPAS,2025-03,DESAPARECIDA_O_NO_LOCALIZADA,MUJER,07031,CHILÓN,1,2026-08-09
07,CHIAPAS,2025-03,DESAPARECIDA_O_NO_LOCALIZADA,HOMBRE,07051,MAPASTEPEC,1,2026-08-09
07,CHIAPAS,2025-03,DESAPARECIDA_O_NO_LOCALIZADA,MUJER,07059,OCOSINGO,3,2026-08-09
07,CHIAPAS,2025-03,DESAPARECIDA_O_NO_LOCALIZADA,MUJER,07069,PIJIJIAPAN,2,2026-08-09
07,CHIAPAS,2025-03,DESAPARECIDA_O_NO_LOCALIZADA,HOMBRE,07079,SAN FERNANDO,2,2026-08-09
07,CHIAPAS,2025-03,DESAPARECIDA_O_NO_LOCALIZADA,HOMBRE,07087,SUCHIATE,1,2026-08-09
07,CHIAPAS,2025-03,DESAPARECIDA_O_NO_LOCALIZADA,HOMBRE,07089,TAPACHULA,7,2026-08-09
07,CHIAPAS,2025-03,DESAPARECIDA_O_NO_LOCALIZADA,MUJER,07097,TONALÁ,1,2026-08-09
07,CHIAPAS,2025-03,DESAPARECIDA_O_NO_LOCALIZADA,HOMBRE,07102,TUXTLA CHICO,1,2026-08-09
07,CHIAPAS,2025-03,DESAPARECIDA_O_NO_LOCALIZADA,HOMBRE,07109,YAJALÓN,1,2026-08-09
07,CHIAPAS,2025-03,DESAPARECIDA_O_NO_LOCALIZADA,HOMBRE,07113,ALDAMA,1,2026-08-09
07,CHIAPAS,2025-03,LOCALIZADA_CON_VIDA,HOMBRE,07001,ACACOYAGUA,1,2026-08-09
07,CHIAPAS,2025-03,LOCALIZADA_CON_VIDA,MUJER,07003,ACAPETAHUA,1,2026-08-09
07,CHIAPAS,2025-03,LOCALIZADA_CON_VIDA,MUJER,07008,ANGEL ALBINO CORZO,1,2026-08-09
07,CHIAPAS,2025-03,LOCALIZADA_CON_VIDA,HOMBRE,07012,BERRIOZÁBAL,3,2026-08-09
07,CHIAPAS,2025-03,LOCALIZADA_CON_VIDA,MUJER,07012,BERRIOZÁBAL,4,2026-08-09
07,CHIAPAS,2025-03,LOCALIZADA_CON_VIDA,MUJER,07015,CACAHOATÁN,1,2026-08-09
07,CHIAPAS,2025-03,LOCALIZADA_CON_VIDA,HOMBRE,07017,CINTALAPA,1,2026-08-09
07,CHIAPAS,2025-03,LOCALIZADA_CON_VIDA,MUJER,07017,CINTALAPA,1,2026-08-09
07,CHIAPAS,2025-03,LOCALIZADA_CON_VIDA,MUJER,07019,COMITÁN DE DOMÍNGUEZ,2,2026-08-09
07,CHIAPAS,2025-03,LOCALIZADA_CON_VIDA,MUJER,07023,CHAMULA,1,2026-08-09
07,CHIAPAS,2025-03,LOCALIZADA_CON_VIDA,MUJER,07024,CHANAL,1,2026-08-09
07,CHIAPAS,2025-03,LOCALIZADA_CON_VIDA,MUJER,07027,CHIAPA DE CORZO,3,2026-08-09
07,CHIAPAS,2025-03,LOCALIZADA_CON_VIDA,HOMBRE,07035,FRONTERA HIDALGO,1,2026-08-09
07,CHIAPAS,2025-03,LOCALIZADA_CON_VIDA,HOMBRE,07039,HUITIUPÁN,1,2026-08-09
07,CHIAPAS,2025-03,LOCALIZADA_CON_VIDA,HOMBRE,07040,HUIXTLA,1,2026-08-09
07,CHIAPAS,2025-03,LOCALIZADA_CON_VIDA,MUJER,07040,HUIXTLA,1,2026-08-09
07,CHIAPAS,2025-03,LOCALIZADA_CON_VIDA,MUJER,07048,JUÁREZ,1,2026-08-09
07,CHIAPAS,2025-03,LOCALIZADA_CON_VIDA,MUJER,07049,LARRÁINZAR,1,2026-08-09
07,CHIAPAS,2025-03,LOCALIZADA_CON_VIDA,HOMBRE,07051,MAPASTEPEC,1,2026-08-09
07,CHIAPAS,2025-03,LOCALIZADA_CON_VIDA,MUJER,07057,MOTOZINTLA,1,2026-08-09
07,CHIAPAS,2025-03,LOCALIZADA_CON_VIDA,MUJER,07059,OCOSINGO,1,2026-08-09
07,CHIAPAS,2025-03,LOCALIZADA_CON_VIDA,HOMBRE,07061,OCOZOCOAUTLA DE ESPINOSA,1,2026-08-09
07,CHIAPAS,2025-03,LOCALIZADA_CON_VIDA,MUJER,07061,OCOZOCOAUTLA DE ESPINOSA,2,2026-08-09
07,CHIAPAS,2025-03,LOCALIZADA_CON_VIDA,MUJER,07065,PALENQUE,1,2026-08-09
07,CHIAPAS,2025-03,LOCALIZADA_CON_VIDA,HOMBRE,07069,PIJIJIAPAN,1,2026-08-09
07,CHIAPAS,2025-03,LOCALIZADA_CON_VIDA,MUJER,07071,VILLA COMALTITLÁN,1,2026-08-09
07,CHIAPAS,2025-03,LOCALIZADA_CON_VIDA,HOMBRE,07072,PUEBLO NUEVO SOLISTAHUACÁN,1,2026-08-09
07,CHIAPAS,2025-03,LOCALIZADA_CON_VIDA,MUJER,07074,REFORMA,1,2026-08-09
07,CHIAPAS,2025-03,LOCALIZADA_CON_VIDA,HOMBRE,07077,SALTO DE AGUA,1,2026-08-09
07,CHIAPAS,2025-03,LOCALIZADA_CON_VIDA,HOMBRE,07078,SAN CRISTÓBAL DE LAS CASAS,3,2026-08-09
07,CHIAPAS,2025-03,LOCALIZADA_CON_VIDA,MUJER,07078,SAN CRISTÓBAL DE LAS CASAS,3,2026-08-09
07,CHIAPAS,2025-03,LOCALIZADA_CON_VIDA,HOMBRE,07079,SAN FERNANDO,1,2026-08-09
07,CHIAPAS,2025-03,LOCALIZADA_CON_VIDA,MUJER,07079,SAN FERNANDO,1,2026-08-09
07,CHIAPAS,2025-03,LOCALIZADA_CON_VIDA,HOMBRE,07086,SUCHIAPA,1,2026-08-09
07,CHIAPAS,2025-03,LOCALIZADA_CON_VIDA,MUJER,07086,SUCHIAPA,1,2026-08-09
07,CHIAPAS,2025-03,LOCALIZADA_CON_VIDA,HOMBRE,07089,TAPACHULA,2,2026-08-09
07,CHIAPAS,2025-03,LOCALIZADA_CON_VIDA,MUJER,07089,TAPACHULA,5,2026-08-09
07,CHIAPAS,2025-03,LOCALIZADA_CON_VIDA,HOMBRE,07093,TENEJAPA,1,2026-08-09
07,CHIAPAS,2025-03,LOCALIZADA_CON_VIDA,HOMBRE,07099,LA TRINITARIA,1,2026-08-09
07,CHIAPAS,2025-03,LOCALIZADA_CON_VIDA,MUJER,07099,LA TRINITARIA,1,2026-08-09
07,CHIAPAS,2025-03,LOCALIZADA_CON_VIDA,HOMBRE,07101,TUXTLA GUTIÉRREZ,12,2026-08-09
07,CHIAPAS,2025-03,LOCALIZADA_CON_VIDA,MUJER,07101,TUXTLA GUTIÉRREZ,8,2026-08-09
07,CHIAPAS,2025-03,LOCALIZADA_CON_VIDA,MUJER,07102,TUXTLA CHICO,1,2026-08-09
07,CHIAPAS,2025-03,LOCALIZADA_CON_VIDA,HOMBRE,07103,TUZANTÁN,1,2026-08-09
07,CHIAPAS,2025-03,LOCALIZADA_CON_VIDA,HOMBRE,07106,VENUSTIANO CARRANZA,1,2026-08-09
07,CHIAPAS,2025-03,LOCALIZADA_CON_VIDA,HOMBRE,07107,VILLA CORZO,1,2026-08-09
07,CHIAPAS,2025-03,LOCALIZADA_CON_VIDA,MUJER,07107,VILLA CORZO,1,2026-08-09
07,CHIAPAS,2025-03,LOCALIZADA_CON_VIDA,HOMBRE,07108,VILLAFLORES,1,2026-08-09
07,CHIAPAS,2025-03,LOCALIZADA_CON_VIDA,HOMBRE,07109,YAJALÓN,1,2026-08-09
07,CHIAPAS,2025-03,LOCALIZADA_CON_VIDA,HOMBRE,07119,SANTIAGO EL PINAR,1,2026-08-09
07,CHIAPAS,2025-03,LOCALIZADA_SIN_VIDA,MUJER,07051,MAPASTEPEC,2,2026-08-09
08,CHIHUAHUA,2025-03,DESAPARECIDA_O_NO_LOCALIZADA,HOMBRE,08005,ASCENSIÓN,1,2026-08-09
08,CHIHUAHUA,2025-03,DESAPARECIDA_O_NO_LOCALIZADA,HOMBRE,08009,BOCOYNA,1,2026-08-09
08,CHIHUAHUA,2025-03,DESAPARECIDA_O_NO_LOCALIZADA,MUJER,08009,BOCOYNA,1,2026-08-09
08,CHIHUAHUA,2025-03,DESAPARECIDA_O_NO_LOCALIZADA,HOMBRE,08010,BUENAVENTURA,1,2026-08-09
08,CHIHUAHUA,2025-03,DESAPARECIDA_O_NO_LOCALIZADA,HOMBRE,08019,CHIHUAHUA,2,2026-08-09
08,CHIHUAHUA,2025-03,DESAPARECIDA_O_NO_LOCALIZADA,MUJER,08019,CHIHUAHUA,5,2026-08-09
08,CHIHUAHUA,2025-03,DESAPARECIDA_O_NO_LOCALIZADA,HOMBRE,08021,DELICIAS,1,2026-08-09
08,CHIHUAHUA,2025-03,DESAPARECIDA_O_NO_LOCALIZADA,HOMBRE,08037,JUÁREZ,1,2026-08-09
08,CHIHUAHUA,2025-03,DESAPARECIDA_O_NO_LOCALIZADA,MUJER,08037,JUÁREZ,2,2026-08-09
08,CHIHUAHUA,2025-03,DESAPARECIDA_O_NO_LOCALIZADA,HOMBRE,08047,MORIS,1,2026-08-09
08,CHIHUAHUA,2025-03,DESAPARECIDA_O_NO_LOCALIZADA,HOMBRE,08050,NUEVO CASAS GRANDES,6,2026-08-09
08,CHIHUAHUA,2025-03,LOCALIZADA_CON_VIDA,HOMBRE,08017,CUAUHTÉMOC,1,2026-08-09
08,CHIHUAHUA,2025-03,LOCALIZADA_CON_VIDA,MUJER,08019,CHIHUAHUA,3,2026-08-09
08,CHIHUAHUA,2025-03,LOCALIZADA_CON_VIDA,HOMBRE,08037,JUÁREZ,1,2026-08-09
09,CIUDAD DE MEXICO,2025-03,DESAPARECIDA_O_NO_LOCALIZADA,HOMBRE,09002,AZCAPOTZALCO,1,2026-08-09
09,CIUDAD DE MEXICO,2025-03,DESAPARECIDA_O_NO_LOCALIZADA,HOMBRE,09003,COYOACÁN,1,2026-08-09
09,CIUDAD DE MEXICO,2025-03,DESAPARECIDA_O_NO_LOCALIZADA,MUJER,09003,COYOACÁN,2,2026-08-09
09,CIUDAD DE MEXICO,2025-03,DESAPARECIDA_O_NO_LOCALIZADA,HOMBRE,09005,GUSTAVO A. MADERO,5,2026-08-09
09,CIUDAD DE MEXICO,2025-03,DESAPARECIDA_O_NO_LOCALIZADA,MUJER,09005,GUSTAVO A. MADERO,3,2026-08-09
09,CIUDAD DE MEXICO,2025-03,DESAPARECIDA_O_NO_LOCALIZADA,HOMBRE,09006,IZTACALCO,2,2026-08-09
09,CIUDAD DE MEXICO,2025-03,DESAPARECIDA_O_NO_LOCALIZADA,MUJER,09006,IZTACALCO,1,2026-08-09
09,CIUDAD DE MEXICO,2025-03,DESAPARECIDA_O_NO_LOCALIZADA,HOMBRE,09007,IZTAPALAPA,6,2026-08-09
09,CIUDAD DE MEXICO,2025-03,DESAPARECIDA_O_NO_LOCALIZADA,MUJER,09007,IZTAPALAPA,2,2026-08-09
09,CIUDAD DE MEXICO,2025-03,DESAPARECIDA_O_NO_LOCALIZADA,HOMBRE,09009,MILPA ALTA,2,2026-08-09
09,CIUDAD DE MEXICO,2025-03,DESAPARECIDA_O_NO_LOCALIZADA,HOMBRE,09010,ÁLVARO OBREGÓN,2,2026-08-09
09,CIUDAD DE MEXICO,2025-03,DESAPARECIDA_O_NO_LOCALIZADA,HOMBRE,09011,TLÁHUAC,2,2026-08-09
09,CIUDAD DE MEXICO,2025-03,DESAPARECIDA_O_NO_LOCALIZADA,HOMBRE,09012,TLALPAN,1,2026-08-09
09,CIUDAD DE MEXICO,2025-03,DESAPARECIDA_O_NO_LOCALIZADA,MUJER,09012,TLALPAN,1,2026-08-09
09,CIUDAD DE MEXICO,2025-03,DESAPARECIDA_O_NO_LOCALIZADA,HOMBRE,09013,XOCHIMILCO,2,2026-08-09
09,CIUDAD DE MEXICO,2025-03,DESAPARECIDA_O_NO_LOCALIZADA,MUJER,09013,XOCHIMILCO,1,2026-08-09
09,CIUDAD DE MEXICO,2025-03,DESAPARECIDA_O_NO_LOCALIZADA,HOMBRE,09014,BENITO JUÁREZ,3,2026-08-09
09,CIUDAD DE MEXICO,2025-03,DESAPARECIDA_O_NO_LOCALIZADA,HOMBRE,09015,CUAUHTÉMOC,6,2026-08-09
09,CIUDAD DE MEXICO,2025-03,DESAPARECIDA_O_NO_LOCALIZADA,MUJER,09015,CUAUHTÉMOC,8,2026-08-09
09,CIUDAD DE MEXICO,2025-03,DESAPARECIDA_O_NO_LOCALIZADA,HOMBRE,09016,MIGUEL HIDALGO,3,2026-08-09
09,CIUDAD DE MEXICO,2025-03,DESAPARECIDA_O_NO_LOCALIZADA,HOMBRE,09017,VENUSTIANO CARRANZA,4,2026-08-09
09,CIUDAD DE MEXICO,2025-03,LOCALIZADA_CON_VIDA,HOMBRE,09002,AZCAPOTZALCO,4,2026-08-09
09,CIUDAD DE MEXICO,2025-03,LOCALIZADA_CON_VIDA,MUJER,09002,AZCAPOTZALCO,3,2026-08-09
09,CIUDAD DE MEXICO,2025-03,LOCALIZADA_CON_VIDA,HOMBRE,09003,COYOACÁN,9,2026-08-09
09,CIUDAD DE MEXICO,2025-03,LOCALIZADA_CON_VIDA,MUJER,09003,COYOACÁN,5,2026-08-09
09,CIUDAD DE MEXICO,2025-03,LOCALIZADA_CON_VIDA,HOMBRE,09004,CUAJIMALPA DE MORELOS,2,2026-08-09
09,CIUDAD DE MEXICO,2025-03,LOCALIZADA_CON_VIDA,HOMBRE,09005,GUSTAVO A. MADERO,10,2026-08-09
09,CIUDAD DE MEXICO,2025-03,LOCALIZADA_CON_VIDA,MUJER,09005,GUSTAVO A. MADERO,11,2026-08-09
09,CIUDAD DE MEXICO,2025-03,LOCALIZADA_CON_VIDA,HOMBRE,09006,IZTACALCO,4,2026-08-09
09,CIUDAD DE MEXICO,2025-03,LOCALIZADA_CON_VIDA,MUJER,09006,IZTACALCO,9,2026-08-09
09,CIUDAD DE MEXICO,2025-03,LOCALIZADA_CON_VIDA,HOMBRE,09007,IZTAPALAPA,26,2026-08-09
09,CIUDAD DE MEXICO,2025-03,LOCALIZADA_CON_VIDA,MUJER,09007,IZTAPALAPA,26,2026-08-09
09,CIUDAD DE MEXICO,2025-03,LOCALIZADA_CON_VIDA,HOMBRE,09008,MAGDALENA CONTRERAS,1,2026-08-09
09,CIUDAD DE MEXICO,2025-03,LOCALIZADA_CON_VIDA,HOMBRE,09009,MILPA ALTA,1,2026-08-09
09,CIUDAD DE MEXICO,2025-03,LOCALIZADA_CON_VIDA,MUJER,09009,MILPA ALTA,1,2026-08-09
09,CIUDAD DE MEXICO,2025-03,LOCALIZADA_CON_VIDA,HOMBRE,09010,ÁLVARO OBREGÓN,5,2026-08-09
09,CIUDAD DE MEXICO,2025-03,LOCALIZADA_CON_VIDA,MUJER,09010,ÁLVARO OBREGÓN,9,2026-08-09
09,CIUDAD DE MEXICO,2025-03,LOCALIZADA_CON_VIDA,HOMBRE,09011,TLÁHUAC,3,2026-08-09
09,CIUDAD DE MEXICO,2025-03,LOCALIZADA_CON_VIDA,MUJER,09011,TLÁHUAC,3,2026-08-09
09,CIUDAD DE MEXICO,2025-03,LOCALIZADA_CON_VIDA,HOMBRE,09012,TLALPAN,4,2026-08-09
09,CIUDAD DE MEXICO,2025-03,LOCALIZADA_CON_VIDA,MUJER,09012,TLALPAN,7,2026-08-09
09,CIUDAD DE MEXICO,2025-03,LOCALIZADA_CON_VIDA,HOMBRE,09013,XOCHIMILCO,3,2026-08-09
09,CIUDAD DE MEXICO,2025-03,LOCALIZADA_CON_VIDA,MUJER,09013,XOCHIMILCO,7,2026-08-09
09,CIUDAD DE MEXICO,2025-03,LOCALIZADA_CON_VIDA,HOMBRE,09014,BENITO JUÁREZ,5,2026-08-09
09,CIUDAD DE MEXICO,2025-03,LOCALIZADA_CON_VIDA,MUJER,09014,BENITO JUÁREZ,4,2026-08-09
09,CIUDAD DE MEXICO,2025-03,LOCALIZADA_CON_VIDA,HOMBRE,09015,CUAUHTÉMOC,20,2026-08-09
09,CIUDAD DE MEXICO,2025-03,LOCALIZADA_CON_VIDA,MUJER,09015,CUAUHTÉMOC,18,2026-08-09
09,CIUDAD DE MEXICO,2025-03,LOCALIZADA_CON_VIDA,HOMBRE,09016,MIGUEL HIDALGO,4,2026-08-09
09,CIUDAD DE MEXICO,2025-03,LOCALIZADA_CON_VIDA,MUJER,09016,MIGUEL HIDALGO,3,2026-08-09
09,CIUDAD DE MEXICO,2025-03,LOCALIZADA_CON_VIDA,HOMBRE,09017,VENUSTIANO CARRANZA,3,2026-08-09
09,CIUDAD DE MEXICO,2025-03,LOCALIZADA_CON_VIDA,MUJER,09017,VENUSTIANO CARRANZA,5,2026-08-09
09,CIUDAD DE MEXICO,2025-03,LOCALIZADA_SIN_VIDA,MUJER,09003,COYOACÁN,1,2026-08-09
09,CIUDAD DE MEXICO,2025-03,LOCALIZADA_SIN_VIDA,HOMBRE,09010,ÁLVARO OBREGÓN,1,2026-08-09
09,CIUDAD DE MEXICO,2025-03,LOCALIZADA_SIN_VIDA,HOMBRE,09014,BENITO JUÁREZ,3,2026-08-09
09,CIUDAD DE MEXICO,2025-03,LOCALIZADA_SIN_VIDA,HOMBRE,09015,CUAUHTÉMOC,1,2026-08-09
09,CIUDAD DE MEXICO,2025-03,LOCALIZADA_SIN_VIDA,HOMBRE,09017,VENUSTIANO CARRANZA,2,2026-08-09
10,DURANGO,2025-03,DESAPARECIDA_O_NO_LOCALIZADA,HOMBRE,10005,DURANGO,3,2026-08-09
10,DURANGO,2025-03,DESAPARECIDA_O_NO_LOCALIZADA,HOMBRE,10007,GÓMEZ PALACIO,2,2026-08-09
10,DURANGO,2025-03,LOCALIZADA_CON_VIDA,HOMBRE,10005,DURANGO,17,2026-08-09
10,DURANGO,2025-03,LOCALIZADA_CON_VIDA,MUJER,10005,DURANGO,18,2026-08-09
10,DURANGO,2025-03,LOCALIZADA_CON_VIDA,HOMBRE,10007,GÓMEZ PALACIO,3,2026-08-09
10,DURANGO,2025-03,LOCALIZADA_CON_VIDA,MUJER,10007,GÓMEZ PALACIO,1,2026-08-09
10,DURANGO,2025-03,LOCALIZADA_CON_VIDA,MUJER,10014,MEZQUITAL,1,2026-08-09
10,DURANGO,2025-03,LOCALIZADA_CON_VIDA,MUJER,10016,NOMBRE DE DIOS,1,2026-08-09
10,DURANGO,2025-03,LOCALIZADA_CON_VIDA,HOMBRE,10023,PUEBLO NUEVO,1,2026-08-09
10,DURANGO,2025-03,LOCALIZADA_CON_VIDA,MUJER,10023,PUEBLO NUEVO,1,2026-08-09
10,DURANGO,2025-03,LOCALIZADA_CON_VIDA,MUJER,10028,SAN JUAN DEL RÍO,1,2026-08-09
10,DURANGO,2025-03,LOCALIZADA_CON_VIDA,MUJER,10032,SANTIAGO PAPASQUIARO,2,2026-08-09
10,DURANGO,2025-03,LOCALIZADA_SIN_VIDA,HOMBRE,10005,DURANGO,1,2026-08-09
11,GUANAJUATO,2025-03,DESAPARECIDA_O_NO_LOCALIZADA,HOMBRE,,SIN MUNICIPIO DE REFERENCIA,1,2026-08-09
11,GUANAJUATO,2025-03,DESAPARECIDA_O_NO_LOCALIZADA,HOMBRE,11002,ACÁMBARO,1,2026-08-09
11,GUANAJUATO,2025-03,DESAPARECIDA_O_NO_LOCALIZADA,HOMBRE,11005,APASEO EL GRANDE,3,2026-08-09
11,GUANAJUATO,2025-03,DESAPARECIDA_O_NO_LOCALIZADA,HOMBRE,11007,CELAYA,7,2026-08-09
11,GUANAJUATO,2025-03,DESAPARECIDA_O_NO_LOCALIZADA,MUJER,11007,CELAYA,1,2026-08-09
11,GUANAJUATO,2025-03,DESAPARECIDA_O_NO_LOCALIZADA,HOMBRE,11009,COMONFORT,1,2026-08-09
11,GUANAJUATO,2025-03,DESAPARECIDA_O_NO_LOCALIZADA,HOMBRE,11011,CORTAZAR,1,2026-08-09
11,GUANAJUATO,2025-03,DESAPARECIDA_O_NO_LOCALIZADA,HOMBRE,11012,CUERÁMARO,1,2026-08-09
11,GUANAJUATO,2025-03,DESAPARECIDA_O_NO_LOCALIZADA,HOMBRE,11015,GUANAJUATO,3,2026-08-09
11,GUANAJUATO,2025-03,DESAPARECIDA_O_NO_LOCALIZADA,HOMBRE,11017,IRAPUATO,4,2026-08-09
11,GUANAJUATO,2025-03,DESAPARECIDA_O_NO_LOCALIZADA,MUJER,11017,IRAPUATO,2,2026-08-09
11,GUANAJUATO,2025-03,DESAPARECIDA_O_NO_LOCALIZADA,HOMBRE,11018,JARAL DEL PROGRESO,2,2026-08-09
11,GUANAJUATO,2025-03,DESAPARECIDA_O_NO_LOCALIZADA,HOMBRE,11019,JERÉCUARO,1,2026-08-09
11,GUANAJUATO,2025-03,DESAPARECIDA_O_NO_LOCALIZADA,HOMBRE,11020,LEÓN,3,2026-08-09
11,GUANAJUATO,2025-03,DESAPARECIDA_O_NO_LOCALIZADA,MUJER,11020,LEÓN,2,2026-08-09
11,GUANAJUATO,2025-03,DESAPARECIDA_O_NO_LOCALIZADA,MUJER,11021,MOROLEÓN,1,2026-08-09
11,GUANAJUATO,2025-03,DESAPARECIDA_O_NO_LOCALIZADA,HOMBRE,11023,PÉNJAMO,4,2026-08-09
11,GUANAJUATO,2025-03,DESAPARECIDA_O_NO_LOCALIZADA,HOMBRE,11025,PURÍSIMA DEL RINCÓN,2,2026-08-09
11,GUANAJUATO,2025-03,DESAPARECIDA_O_NO_LOCALIZADA,HOMBRE,11027,SALAMANCA,1,2026-08-09
11,GUANAJUATO,2025-03,DESAPARECIDA_O_NO_LOCALIZADA,MUJER,11027,SALAMANCA,1,2026-08-09
11,GUANAJUATO,2025-03,DESAPARECIDA_O_NO_LOCALIZADA,HOMBRE,11028,SALVATIERRA,3,2026-08-09
11,GUANAJUATO,2025-03,DESAPARECIDA_O_NO_LOCALIZADA,HOMBRE,11029,SAN DIEGO DE LA UNIÓN,1,2026-08-09
11,GUANAJUATO,2025-03,DESAPARECIDA_O_NO_LOCALIZADA,HOMBRE,11032,SAN JOSÉ ITURBIDE,1,2026-08-09
11,GUANAJUATO,2025-03,DESAPARECIDA_O_NO_LOCALIZADA,HOMBRE,11035,SANTA CRUZ DE JUVENTINO ROSAS,2,2026-08-09
11,GUANAJUATO,2025-03,DESAPARECIDA_O_NO_LOCALIZADA,HOMBRE,11037,SILAO,1,2026-08-09
11,GUANAJUATO,2025-03,DESAPARECIDA_O_NO_LOCALIZADA,MUJER,11041,URIANGATO,1,2026-08-09
11,GUANAJUATO,2025-03,DESAPARECIDA_O_NO_LOCALIZADA,HOMBRE,11042,VALLE DE SANTIAGO,3,2026-08-09
11,GUANAJUATO,2025-03,DESAPARECIDA_O_NO_LOCALIZADA,HOMBRE,11044,VILLAGRÁN,3,2026-08-09
11,GUANAJUATO,2025-03,DESAPARECIDA_O_NO_LOCALIZADA,HOMBRE,11046,YURIRIA,1,2026-08-09
11,GUANAJUATO,2025-03,LOCALIZADA_CON_VIDA,HOMBRE,11001,ABASOLO,1,2026-08-09
11,GUANAJUATO,2025-03,LOCALIZADA_CON_VIDA,MUJER,11001,ABASOLO,2,2026-08-09
11,GUANAJUATO,2025-03,LOCALIZADA_CON_VIDA,HOMBRE,11002,ACÁMBARO,1,2026-08-09
11,GUANAJUATO,2025-03,LOCALIZADA_CON_VIDA,MUJER,11002,ACÁMBARO,4,2026-08-09
11,GUANAJUATO,2025-03,LOCALIZADA_CON_VIDA,HOMBRE,11003,SAN MIGUEL DE ALLENDE,2,2026-08-09
11,GUANAJUATO,2025-03,LOCALIZADA_CON_VIDA,MUJER,11003,SAN MIGUEL DE ALLENDE,2,2026-08-09
11,GUANAJUATO,2025-03,LOCALIZADA_CON_VIDA,HOMBRE,11004,APASEO EL ALTO,2,2026-08-09
11,GUANAJUATO,2025-03,LOCALIZADA_CON_VIDA,MUJER,11004,APASEO EL ALTO,2,2026-08-09
11,GUANAJUATO,2025-03,LOCALIZADA_CON_VIDA,HOMBRE,11005,APASEO EL GRANDE,3,2026-08-09
11,GUANAJUATO,2025-03,LOCALIZADA_CON_VIDA,MUJER,11005,APASEO EL GRANDE,1,2026-08-09
11,GUANAJUATO,2025-03,LOCALIZADA_CON_VIDA,HOMBRE,11007,CELAYA,16,2026-08-09
11,GUANAJUATO,2025-03,LOCALIZADA_CON_VIDA,MUJER,11007,CELAYA,15,2026-08-09
11,GUANAJUATO,2025-03,LOCALIZADA_CON_VIDA,HOMBRE,11009,COMONFORT,1,2026-08-09
11,GUANAJUATO,2025-03,LOCALIZADA_CON_VIDA,HOMBRE,11011,CORTAZAR,3,2026-08-09
11,GUANAJUATO,2025-03,LOCALIZADA_CON_VIDA,MUJER,11011,CORTAZAR,2,2026-08-09
11,GUANAJUATO,2025-03,LOCALIZADA_CON_VIDA,HOMBRE,11014,DOLORES HIDALGO,3,2026-08-09
11,GUANAJUATO,2025-03,LOCALIZADA_CON_VIDA,MUJER,11014,DOLORES HIDALGO,7,2026-08-09
11,GUANAJUATO,2025-03,LOCALIZADA_CON_VIDA,HOMBRE,11015,GUANAJUATO,3,2026-08-09
11,GUANAJUATO,2025-03,LOCALIZADA_CON_VIDA,MUJER,11015,GUANAJUATO,3,2026-08-09
11,GUANAJUATO,2025-03,LOCALIZADA_CON_VIDA,HOMBRE,11017,IRAPUATO,19,2026-08-09
11,GUANAJUATO,2025-03,LOCALIZADA_CON_VIDA,MUJER,11017,IRAPUATO,6,2026-08-09
11,GUANAJUATO,2025-03,LOCALIZADA_CON_VIDA,MUJER,11019,JERÉCUARO,1,2026-08-09
11,GUANAJUATO,2025-03,LOCALIZADA_CON_VIDA,HOMBRE,11020,LEÓN,33,2026-08-09
11,GUANAJUATO,2025-03,LOCALIZADA_CON_VIDA,MUJER,11020,LEÓN,20,2026-08-09
11,GUANAJUATO,2025-03,LOCALIZADA_CON_VIDA,HOMBRE,11023,PÉNJAMO,2,2026-08-09
11,GUANAJUATO,2025-03,LOCALIZADA_CON_VIDA,MUJER,11023,PÉNJAMO,2,2026-08-09
11,GUANAJUATO,2025-03,LOCALIZADA_CON_VIDA,MUJER,11025,PURÍSIMA DEL RINCÓN,1,2026-08-09
11,GUANAJUATO,2025-03,LOCALIZADA_CON_VIDA,HOMBRE,11026,ROMITA,1,2026-08-09
11,GUANAJUATO,2025-03,LOCALIZADA_CON_VIDA,HOMBRE,11027,SALAMANCA,5,2026-08-09
11,GUANAJUATO,2025-03,LOCALIZADA_CON_VIDA,MUJER,11027,SALAMANCA,2,2026-08-09
11,GUANAJUATO,2025-03,LOCALIZADA_CON_VIDA,HOMBRE,11028,SALVATIERRA,1,2026-08-09
11,GUANAJUATO,2025-03,LOCALIZADA_CON_VIDA,MUJER,11028,SALVATIERRA,3,2026-08-09
11,GUANAJUATO,2025-03,LOCALIZADA_CON_VIDA,HOMBRE,11030,SAN FELIPE,1,2026-08-09
11,GUANAJUATO,2025-03,LOCALIZADA_CON_VIDA,MUJER,11030,SAN FELIPE,2,2026-08-09
11,GUANAJUATO,2025-03,LOCALIZADA_CON_VIDA,HOMBRE,11032,SAN JOSÉ ITURBIDE,2,2026-08-09
11,GUANAJUATO,2025-03,LOCALIZADA_CON_VIDA,MUJER,11032,SAN JOSÉ ITURBIDE,1,2026-08-09
11,GUANAJUATO,2025-03,LOCALIZADA_CON_VIDA,HOMBRE,11033,SAN LUIS DE LA PAZ,3,2026-08-09
11,GUANAJUATO,2025-03,LOCALIZADA_CON_VIDA,MUJER,11033,SAN LUIS DE LA PAZ,4,2026-08-09
11,GUANAJUATO,2025-03,LOCALIZADA_CON_VIDA,HOMBRE,11035,SANTA CRUZ DE JUVENTINO ROSAS,1,2026-08-09
11,GUANAJUATO,2025-03,LOCALIZADA_CON_VIDA,HOMBRE,11037,SILAO,1,2026-08-09
11,GUANAJUATO,2025-03,LOCALIZADA_CON_VIDA,MUJER,11037,SILAO,4,2026-08-09
11,GUANAJUATO,2025-03,LOCALIZADA_CON_VIDA,HOMBRE,11038,TARANDACUAO,2,2026-08-09
11,GUANAJUATO,2025-03,LOCALIZADA_CON_VIDA,HOMBRE,11039,TARIMORO,1,2026-08-09
11,GUANAJUATO,2025-03,LOCALIZADA_CON_VIDA,HOMBRE,11041,URIANGATO,1,2026-08-09
11,GUANAJUATO,2025-03,LOCALIZADA_CON_VIDA,HOMBRE,11042,VALLE DE SANTIAGO,1,2026-08-09
11,GUANAJUATO,2025-03,LOCALIZADA_CON_VIDA,MUJER,11042,VALLE DE SANTIAGO,2,2026-08-09
11,GUANAJUATO,2025-03,LOCALIZADA_CON_VIDA,HOMBRE,11044,VILLAGRÁN,1,2026-08-09
11,GUANAJUATO,2025-03,LOCALIZADA_CON_VIDA,MUJER,11044,VILLAGRÁN,1,2026-08-09
11,GUANAJUATO,2025-03,LOCALIZADA_CON_VIDA,HOMBRE,11046,YURIRIA,1,2026-08-09
11,GUANAJUATO,2025-03,LOCALIZADA_CON_VIDA,MUJER,11046,YURIRIA,2,2026-08-09
11,GUANAJUATO,2025-03,LOCALIZADA_SIN_VIDA,HOMBRE,11002,ACÁMBARO,1,2026-08-09
11,GUANAJUATO,2025-03,LOCALIZADA_SIN_VIDA,HOMBRE,11007,CELAYA,5,2026-08-09
11,GUANAJUATO,2025-03,LOCALIZADA_SIN_VIDA,MUJER,11007,CELAYA,4,2026-08-09
11,GUANAJUATO,2025-03,LOCALIZADA_SIN_VIDA,HOMBRE,11009,COMONFORT,1,2026-08-09
11,GUANAJUATO,2025-03,LOCALIZADA_SIN_VIDA,HOMBRE,11017,IRAPUATO,10,2026-08-09
11,GUANAJUATO,2025-03,LOCALIZADA_SIN_VIDA,HOMBRE,11018,JARAL DEL PROGRESO,4,2026-08-09
11,GUANAJUATO,2025-03,LOCALIZADA_SIN_VIDA,HOMBRE,11020,LEÓN,2,2026-08-09
11,GUANAJUATO,2025-03,LOCALIZADA_SIN_VIDA,HOMBRE,11033,SAN LUIS DE LA PAZ,1,2026-08-09
11,GUANAJUATO,2025-03,LOCALIZADA_SIN_VIDA,HOMBRE,11037,SILAO,1,2026-08-09
11,GUANAJUATO,2025-03,LOCALIZADA_SIN_VIDA,HOMBRE,11042,VALLE DE SANTIAGO,1,2026-08-09
11,GUANAJUATO,2025-03,LOCALIZADA_SIN_VIDA,HOMBRE,11044,VILLAGRÁN,1,2026-08-09
11,GUANAJUATO,2025-03,LOCALIZADA_SIN_VIDA,HOMBRE,11046,YURIRIA,1,2026-08-09
12,GUERRERO,2025-03,DESAPARECIDA_O_NO_LOCALIZADA,HOMBRE,12001,ACAPULCO DE JUÁREZ,3,2026-08-09
12,GUERRERO,2025-03,DESAPARECIDA_O_NO_LOCALIZADA,HOMBRE,12011,ATOYAC DE ALVAREZ,1,2026-08-09
12,GUERRERO,2025-03,DESAPARECIDA_O_NO_LOCALIZADA,HOMBRE,12021,COYUCA DE BENÍTEZ,1,2026-08-09
12,GUERRERO,2025-03,DESAPARECIDA_O_NO_LOCALIZADA,HOMBRE,12029,CHILPANCINGO DE LOS BRAVO,1,2026-08-09
12,GUERRERO,2025-03,DESAPARECIDA_O_NO_LOCALIZADA,HOMBRE,12034,HUITZUCO DE LOS FIGUEROA,2,2026-08-09
12,GUERRERO,2025-03,DESAPARECIDA_O_NO_LOCALIZADA,HOMBRE,12035,IGUALA DE LA INDEPENDENCIA,2,2026-08-09
12,GUERRERO,2025-03,DESAPARECIDA_O_NO_LOCALIZADA,MUJER,12035,IGUALA DE LA INDEPENDENCIA,1,2026-08-09
12,GUERRERO,2025-03,DESAPARECIDA_O_NO_LOCALIZADA,HOMBRE,12038,JOSÉ AZUETA,2,2026-08-09
12,GUERRERO,2025-03,DESAPARECIDA_O_NO_LOCALIZADA,HOMBRE,12041,MALINALTEPEC,1,2026-08-09
12,GUERRERO,2025-03,DESAPARECIDA_O_NO_LOCALIZADA,MUJER,12048,PETATLÁN,1,2026-08-09
12,GUERRERO,2025-03,DESAPARECIDA_O_NO_LOCALIZADA,HOMBRE,12057,TÉCPAN DE GALEANA,1,2026-08-09
12,GUERRERO,2025-03,LOCALIZADA_CON_VIDA,HOMBRE,12001,ACAPULCO DE JUÁREZ,1,2026-08-09
12,GUERRERO,2025-03,LOCALIZADA_CON_VIDA,MUJER,12001,ACAPULCO DE JUÁREZ,1,2026-08-09
12,GUERRERO,2025-03,LOCALIZADA_CON_VIDA,HOMBRE,12007,ARCELIA,1,2026-08-09
12,GUERRERO,2025-03,LOCALIZADA_CON_VIDA,HOMBRE,12012,AYUTLA DE LOS LIBRES,1,2026-08-09
12,GUERRERO,2025-03,LOCALIZADA_CON_VIDA,HOMBRE,12029,CHILPANCINGO DE LOS BRAVO,1,2026-08-09
12,GUERRERO,2025-03,LOCALIZADA_CON_VIDA,HOMBRE,12050,PUNGARABATO,1,2026-08-09
12,GUERRERO,2025-03,LOCALIZADA_CON_VIDA,HOMBRE,12059,TEPECOACUILCO DE TRUJANO,1,2026-08-09
12,GUERRERO,2025-03,LOCALIZADA_SIN_VIDA,HOMBRE,12001,ACAPULCO DE JUÁREZ,2,2026-08-09
12,GUERRERO,2025-03,LOCALIZADA_SIN_VIDA,HOMBRE,12057,TÉCPAN DE GALEANA,3,2026-08-09
13,HIDALGO,2025-03,DESAPARECIDA_O_NO_LOCALIZADA,HOMBRE,13051,MINERAL DE LA REFORMA,2,2026-08-09
13,HIDALGO,2025-03,DESAPARECIDA_O_NO_LOCALIZADA,MUJER,13069,TIZAYUCA,1,2026-08-09
13,HIDALGO,2025-03,DESAPARECIDA_O_NO_LOCALIZADA,HOMBRE,13075,TOLCAYUCA,1,2026-08-09
13,HIDALGO,2025-03,DESAPARECIDA_O_NO_LOCALIZADA,HOMBRE,13077,TULANCINGO DE BRAVO,1,2026-08-09
13,HIDALGO,2025-03,DESAPARECIDA_O_NO_LOCALIZADA,MUJER,13077,TULANCINGO DE BRAVO,1,2026-08-09
13,HIDALGO,2025-03,LOCALIZADA_CON_VIDA,MUJER,13005,AJACUBA,1,2026-08-09
13,HIDALGO,2025-03,LOCALIZADA_CON_VIDA,HOMBRE,13008,APAN,1,2026-08-09
13,HIDALGO,2025-03,LOCALIZADA_CON_VIDA,HOMBRE,13013,ATOTONILCO DE TULA,1,2026-08-09
13,HIDALGO,2025-03,LOCALIZADA_CON_VIDA,MUJER,13013,ATOTONILCO DE TULA,4,2026-08-09
13,HIDALGO,2025-03,LOCALIZADA_CON_VIDA,HOMBRE,13016,CUAUTEPEC DE HINOJOSA,1,2026-08-09
13,HIDALGO,2025-03,LOCALIZADA_CON_VIDA,MUJER,13016,CUAUTEPEC DE HINOJOSA,3,2026-08-09
13,HIDALGO,2025-03,LOCALIZADA_CON_VIDA,HOMBRE,13019,CHILCUAUTLA,1,2026-08-09
13,HIDALGO,2025-03,LOCALIZADA_CON_VIDA,MUJER,13021,EMILIANO ZAPATA,2,2026-08-09
13,HIDALGO,2025-03,LOCALIZADA_CON_VIDA,HOMBRE,13022,EPAZOYUCAN,1,2026-08-09
13,HIDALGO,2025-03,LOCALIZADA_CON_VIDA,MUJER,13022,EPAZOYUCAN,1,2026-08-09
13,HIDALGO,2025-03,LOCALIZADA_CON_VIDA,HOMBRE,13023,FRANCISCO I. MADERO,1,2026-08-09
13,HIDALGO,2025-03,LOCALIZADA_CON_VIDA,MUJER,13023,FRANCISCO I. MADERO,3,2026-08-09
13,HIDALGO,2025-03,LOCALIZADA_CON_VIDA,HOMBRE,13024,HUASCA DE OCAMPO,1,2026-08-09
13,HIDALGO,2025-03,LOCALIZADA_CON_VIDA,HOMBRE,13027,HUEHUETLA,1,2026-08-09
13,HIDALGO,2025-03,LOCALIZADA_CON_VIDA,HOMBRE,13028,HUEJUTLA DE REYES,2,2026-08-09
13,HIDALGO,2025-03,LOCALIZADA_CON_VIDA,MUJER,13030,IXMIQUILPAN,2,2026-08-09
13,HIDALGO,2025-03,LOCALIZADA_CON_VIDA,MUJER,13037,METZTITLÁN,1,2026-08-09
13,HIDALGO,2025-03,LOCALIZADA_CON_VIDA,MUJER,13041,MIXQUIAHUALA DE JUÁREZ,3,2026-08-09
13,HIDALGO,2025-03,LOCALIZADA_CON_VIDA,MUJER,13046,SAN FELIPE ORIZATLÁN,1,2026-08-09
13,HIDALGO,2025-03,LOCALIZADA_CON_VIDA,HOMBRE,13048,PACHUCA DE SOTO,14,2026-08-09
13,HIDALGO,2025-03,LOCALIZADA_CON_VIDA,MUJER,13048,PACHUCA DE SOTO,7,2026-08-09
13,HIDALGO,2025-03,LOCALIZADA_CON_VIDA,MUJER,13050,PROGRESO DE OBREGÓN,1,2026-08-09
13,HIDALGO,2025-03,LOCALIZADA_CON_VIDA,HOMBRE,13051,MINERAL DE LA REFORMA,4,2026-08-09
13,HIDALGO,2025-03,LOCALIZADA_CON_VIDA,MUJER,13051,MINERAL DE LA REFORMA,4,2026-08-09
13,HIDALGO,2025-03,LOCALIZADA_CON_VIDA,HOMBRE,13052,SAN AGUSTÍN TLAXIACA,1,2026-08-09
13,HIDALGO,2025-03,LOCALIZADA_CON_VIDA,MUJER,13052,SAN AGUSTÍN TLAXIACA,1,2026-08-09
13,HIDALGO,2025-03,LOCALIZADA_CON_VIDA,HOMBRE,13053,SAN BARTOLO TUTOTEPEC,1,2026-08-09
13,HIDALGO,2025-03,LOCALIZADA_CON_VIDA,MUJER,13053,SAN BARTOLO TUTOTEPEC,1,2026-08-09
13,HIDALGO,2025-03,LOCALIZADA_CON_VIDA,MUJER,13060,TENANGO DE DORIA,1,2026-08-09
13,HIDALGO,2025-03,LOCALIZADA_CON_VIDA,MUJER,13063,TEPEJI DEL RÍO DE OCAMPO,2,2026-08-09
13,HIDALGO,2025-03,LOCALIZADA_CON_VIDA,MUJER,13067,TEZONTEPEC DE ALDAMA,1,2026-08-09
13,HIDALGO,2025-03,LOCALIZADA_CON_VIDA,HOMBRE,13069,TIZAYUCA,3,2026-08-09
13,HIDALGO,2025-03,LOCALIZADA_CON_VIDA,MUJER,13069,TIZAYUCA,3,2026-08-09
13,HIDALGO,2025-03,LOCALIZADA_CON_VIDA,HOMBRE,13070,TLAHUELILPAN,1,2026-08-09
13,HIDALGO,2025-03,LOCALIZADA_CON_VIDA,MUJER,13074,TLAXCOAPAN,1,2026-08-09
13,HIDALGO,2025-03,LOCALIZADA_CON_VIDA,HOMBRE,13076,TULA DE ALLENDE,5,2026-08-09
13,HIDALGO,2025-03,LOCALIZADA_CON_VIDA,MUJER,13076,TULA DE ALLENDE,1,2026-08-09
13,HIDALGO,2025-03,LOCALIZADA_CON_VIDA,HOMBRE,13077,TULANCINGO DE BRAVO,5,2026-08-09
13,HIDALGO,2025-03,LOCALIZADA_CON_VIDA,MUJER,13077,TULANCINGO DE BRAVO,7,2026-08-09
13,HIDALGO,2025-03,LOCALIZADA_CON_VIDA,HOMBRE,13081,ZACUALTIPÁN DE ÁNGELES,2,2026-08-09
13,HIDALGO,2025-03,LOCALIZADA_CON_VIDA,MUJER,13082,ZAPOTLÁN DE JUÁREZ,2,2026-08-09
13,HIDALGO,2025-03,LOCALIZADA_CON_VIDA,HOMBRE,13083,ZEMPOALA,1,2026-08-09
13,HIDALGO,2025-03,LOCALIZADA_CON_VIDA,MUJER,13083,ZEMPOALA,3,2026-08-09
13,HIDALGO,2025-03,LOCALIZADA_SIN_VIDA,HOMBRE,13003,ACTOPAN,1,2026-08-09
13,HIDALGO,2025-03,LOCALIZADA_SIN_VIDA,HOMBRE,13008,APAN,1,2026-08-09
13,HIDALGO,2025-03,LOCALIZADA_SIN_VIDA,HOMBRE,13048,PACHUCA DE SOTO,1,2026-08-09
13,HIDALGO,2025-03,LOCALIZADA_SIN_VIDA,MUJER,13048,PACHUCA DE SOTO,1,2026-08-09
13,HIDALGO,2025-03,LOCALIZADA_SIN_VIDA,HOMBRE,13068,TIANGUISTENGO,1,2026-08-09
13,HIDALGO,2025-03,LOCALIZADA_SIN_VIDA,HOMBRE,13069,TIZAYUCA,1,2026-08-09
13,HIDALGO,2025-03,LOCALIZADA_SIN_VIDA,HOMBRE,13076,TULA DE ALLENDE,1,2026-08-09
13,HIDALGO,2025-03,LOCALIZADA_SIN_VIDA,HOMBRE,13083,ZEMPOALA,1,2026-08-09
14,JALISCO,2025-03,DESAPARECIDA_O_NO_LOCALIZADA,HOMBRE,14006,AMECA,1,2026-08-09
14,JALISCO,2025-03,DESAPARECIDA_O_NO_LOCALIZADA,HOMBRE,14009,EL ARENAL,1,2026-08-09
14,JALISCO,2025-03,DESAPARECIDA_O_NO_LOCALIZADA,HOMBRE,14023,ZAPOTLÁN EL GRANDE,1,2026-08-09
14,JALISCO,2025-03,DESAPARECIDA_O_NO_LOCALIZADA,HOMBRE,14035,ENCARNACIÓN DE DÍAZ,1,2026-08-09
14,JALISCO,2025-03,DESAPARECIDA_O_NO_LOCALIZADA,MUJER,14035,ENCARNACIÓN DE DÍAZ,4,2026-08-09
14,JALISCO,2025-03,DESAPARECIDA_O_NO_LOCALIZADA,HOMBRE,14039,GUADALAJARA,10,2026-08-09
14,JALISCO,2025-03,DESAPARECIDA_O_NO_LOCALIZADA,MUJER,14039,GUADALAJARA,1,2026-08-09
14,JALISCO,2025-03,DESAPARECIDA_O_NO_LOCALIZADA,MUJER,14041,HUEJÚCAR,1,2026-08-09
14,JALISCO,2025-03,DESAPARECIDA_O_NO_LOCALIZADA,HOMBRE,14053,LAGOS DE MORENO,1,2026-08-09
14,JALISCO,2025-03,DESAPARECIDA_O_NO_LOCALIZADA,HOMBRE,14067,PUERTO VALLARTA,1,2026-08-09
14,JALISCO,2025-03,DESAPARECIDA_O_NO_LOCALIZADA,HOMBRE,14070,EL SALTO,3,2026-08-09
14,JALISCO,2025-03,DESAPARECIDA_O_NO_LOCALIZADA,MUJER,14085,TAMAZULA DE GORDIANO,1,2026-08-09
14,JALISCO,2025-03,DESAPARECIDA_O_NO_LOCALIZADA,HOMBRE,14091,TEOCALTICHE,1,2026-08-09
14,JALISCO,2025-03,DESAPARECIDA_O_NO_LOCALIZADA,HOMBRE,14093,TEPATITLÁN DE MORELOS,1,2026-08-09
14,JALISCO,2025-03,DESAPARECIDA_O_NO_LOCALIZADA,HOMBRE,14097,TLAJOMULCO DE ZÚÑIGA,12,2026-08-09
14,JALISCO,2025-03,DESAPARECIDA_O_NO_LOCALIZADA,MUJER,14097,TLAJOMULCO DE ZÚÑIGA,1,2026-08-09
14,JALISCO,2025-03,DESAPARECIDA_O_NO_LOCALIZADA,HOMBRE,14098,TLAQUEPAQUE,7,2026-08-09
14,JALISCO,2025-03,DESAPARECIDA_O_NO_LOCALIZADA,MUJER,14098,TLAQUEPAQUE,2,2026-08-09
14,JALISCO,2025-03,DESAPARECIDA_O_NO_LOCALIZADA,HOMBRE,14101,TONALÁ,4,2026-08-09
14,JALISCO,2025-03,DESAPARECIDA_O_NO_LOCALIZADA,HOMBRE,14116,VILLA HIDALGO,1,2026-08-09
14,JALISCO,2025-03,DESAPARECIDA_O_NO_LOCALIZADA,MUJER,14116,VILLA HIDALGO,1,2026-08-09
14,JALISCO,2025-03,DESAPARECIDA_O_NO_LOCALIZADA,HOMBRE,14120,ZAPOPAN,10,2026-08-09
14,JALISCO,2025-03,DESAPARECIDA_O_NO_LOCALIZADA,MUJER,14120,ZAPOPAN,2,2026-08-09
14,JALISCO,2025-03,LOCALIZADA_CON_VIDA,HOMBRE,,AGUASCALIENTES,1,2026-08-09
14,JALISCO,2025-03,LOCALIZADA_CON_VIDA,HOMBRE,14039,GUADALAJARA,6,2026-08-09
14,JALISCO,2025-03,LOCALIZADA_CON_VIDA,MUJER,14039,GUADALAJARA,1,2026-08-09
14,JALISCO,2025-03,LOCALIZADA_CON_VIDA,HOMBRE,14044,IXTLAHUACÁN DE LOS MEMBRILLOS,2,2026-08-09
14,JALISCO,2025-03,LOCALIZADA_CON_VIDA,HOMBRE,14063,OCOTLÁN,1,2026-08-09
14,JALISCO,2025-03,LOCALIZADA_CON_VIDA,HOMBRE,14067,PUERTO VALLARTA,1,2026-08-09
14,JALISCO,2025-03,LOCALIZADA_CON_VIDA,MUJER,14067,PUERTO VALLARTA,1,2026-08-09
14,JALISCO,2025-03,LOCALIZADA_CON_VIDA,HOMBRE,14070,EL SALTO,3,2026-08-09
14,JALISCO,2025-03,LOCALIZADA_CON_VIDA,HOMBRE,14097,TLAJOMULCO DE ZÚÑIGA,6,2026-08-09
14,JALISCO,2025-03,LOCALIZADA_CON_VIDA,MUJER,14097,TLAJOMULCO DE ZÚÑIGA,2,2026-08-09
14,JALISCO,2025-03,LOCALIZADA_CON_VIDA,HOMBRE,14098,TLAQUEPAQUE,2,2026-08-09
14,JALISCO,2025-03,LOCALIZADA_CON_VIDA,HOMBRE,14101,TONALÁ,1,2026-08-09
14,JALISCO,2025-03,LOCALIZADA_CON_VIDA,HOMBRE,14120,ZAPOPAN,4,2026-08-09
14,JALISCO,2025-03,LOCALIZADA_CON_VIDA,MUJER,14120,ZAPOPAN,3,2026-08-09
14,JALISCO,2025-03,LOCALIZADA_SIN_VIDA,HOMBRE,14120,ZAPOPAN,1,2026-08-09
15,ESTADO DE MEXICO,2025-03,DESAPARECIDA_O_NO_LOCALIZADA,HOMBRE,,PUERTO VALLARTA,1,2026-08-09
15,ESTADO DE MEXICO,2025-03,DESAPARECIDA_O_NO_LOCALIZADA,HOMBRE,15002,ACOLMAN,1,2026-08-09
15,ESTADO DE MEXICO,2025-03,DESAPARECIDA_O_NO_LOCALIZADA,HOMBRE,15003,ACULCO,2,2026-08-09
15,ESTADO DE MEXICO,2025-03,DESAPARECIDA_O_NO_LOCALIZADA,HOMBRE,15007,AMANALCO,1,2026-08-09
15,ESTADO DE MEXICO,2025-03,DESAPARECIDA_O_NO_LOCALIZADA,MUJER,15007,AMANALCO,1,2026-08-09
15,ESTADO DE MEXICO,2025-03,DESAPARECIDA_O_NO_LOCALIZADA,HOMBRE,15009,AMECAMECA,1,2026-08-09
15,ESTADO DE MEXICO,2025-03,DESAPARECIDA_O_NO_LOCALIZADA,HOMBRE,15010,APAXCO,1,2026-08-09
15,ESTADO DE MEXICO,2025-03,DESAPARECIDA_O_NO_LOCALIZADA,HOMBRE,15011,ATENCO,1,2026-08-09
15,ESTADO DE MEXICO,2025-03,DESAPARECIDA_O_NO_LOCALIZADA,HOMBRE,15013,ATIZAPÁN DE ZARAGOZA,3,2026-08-09
15,ESTADO DE MEXICO,2025-03,DESAPARECIDA_O_NO_LOCALIZADA,MUJER,15013,ATIZAPÁN DE ZARAGOZA,3,2026-08-09
15,ESTADO DE MEXICO,2025-03,DESAPARECIDA_O_NO_LOCALIZADA,HOMBRE,15014,ATLACOMULCO,1,2026-08-09
15,ESTADO DE MEXICO,2025-03,DESAPARECIDA_O_NO_LOCALIZADA,HOMBRE,15020,COACALCO DE BERRIOZÁBAL,1,2026-08-09
15,ESTADO DE MEXICO,2025-03,DESAPARECIDA_O_NO_LOCALIZADA,MUJER,15020,COACALCO DE BERRIOZÁBAL,6,2026-08-09
15,ESTADO DE MEXICO,2025-03,DESAPARECIDA_O_NO_LOCALIZADA,HOMBRE,15023,COYOTEPEC,1,2026-08-09
15,ESTADO DE MEXICO,2025-03,DESAPARECIDA_O_NO_LOCALIZADA,HOMBRE,15025,CHALCO,5,2026-08-09
15,ESTADO DE MEXICO,2025-03,DESAPARECIDA_O_NO_LOCALIZADA,MUJER,15025,CHALCO,3,2026-08-09
15,ESTADO DE MEXICO,2025-03,DESAPARECIDA_O_NO_LOCALIZADA,HOMBRE,15029,CHICOLOAPAN,4,2026-08-09
15,ESTADO DE MEXICO,2025-03,DESAPARECIDA_O_NO_LOCALIZADA,MUJER,15029,CHICOLOAPAN,2,2026-08-09
15,ESTADO DE MEXICO,2025-03,DESAPARECIDA_O_NO_LOCALIZADA,HOMBRE,15031,CHIMALHUACÁN,7,2026-08-09
15,ESTADO DE MEXICO,2025-03,DESAPARECIDA_O_NO_LOCALIZADA,MUJER,15031,CHIMALHUACÁN,2,2026-08-09
15,ESTADO DE MEXICO,2025-03,DESAPARECIDA_O_NO_LOCALIZADA,HOMBRE,15033,ECATEPEC DE MORELOS,13,2026-08-09
15,ESTADO DE MEXICO,2025-03,DESAPARECIDA_O_NO_LOCALIZADA,MUJER,15033,ECATEPEC DE MORELOS,9,2026-08-09
15,ESTADO DE MEXICO,2025-03,DESAPARECIDA_O_NO_LOCALIZADA,HOMBRE,15035,HUEHUETOCA,2,2026-08-09
15,ESTADO DE MEXICO,2025-03,DESAPARECIDA_O_NO_LOCALIZADA,HOMBRE,15037,HUIXQUILUCAN,1,2026-08-09
15,ESTADO DE MEXICO,2025-03,DESAPARECIDA_O_NO_LOCALIZADA,HOMBRE,15039,IXTAPALUCA,2,2026-08-09
15,ESTADO DE MEXICO,2025-03,DESAPARECIDA_O_NO_LOCALIZADA,MUJER,15039,IXTAPALUCA,3,2026-08-09
15,ESTADO DE MEXICO,2025-03,DESAPARECIDA_O_NO_LOCALIZADA,MUJER,15040,IXTAPAN DE LA SAL,1,2026-08-09
15,ESTADO DE MEXICO,2025-03,DESAPARECIDA_O_NO_LOCALIZADA,MUJER,15043,XALATLACO,1,2026-08-09
15,ESTADO DE MEXICO,2025-03,DESAPARECIDA_O_NO_LOCALIZADA,HOMBRE,15044,JALTENCO,1,2026-08-09
15,ESTADO DE MEXICO,2025-03,DESAPARECIDA_O_NO_LOCALIZADA,HOMBRE,15045,JILOTEPEC,2,2026-08-09
15,ESTADO DE MEXICO,2025-03,DESAPARECIDA_O_NO_LOCALIZADA,MUJER,15045,JILOTEPEC,1,2026-08-09
15,ESTADO DE MEXICO,2025-03,DESAPARECIDA_O_NO_LOCALIZADA,HOMBRE,15046,JILOTZINGO,1,2026-08-09
15,ESTADO DE MEXICO,2025-03,DESAPARECIDA_O_NO_LOCALIZADA,MUJER,15048,JOCOTITLÁN,1,2026-08-09
15,ESTADO DE MEXICO,2025-03,DESAPARECIDA_O_NO_LOCALIZADA,HOMBRE,15053,MELCHOR OCAMPO,1,2026-08-09
15,ESTADO DE MEXICO,2025-03,DESAPARECIDA_O_NO_LOCALIZADA,HOMBRE,15054,METEPEC,2,2026-08-09
15,ESTADO DE MEXICO,2025-03,DESAPARECIDA_O_NO_LOCALIZADA,MUJER,15054,METEPEC,1,2026-08-09
15,ESTADO DE MEXICO,2025-03,DESAPARECIDA_O_NO_LOCALIZADA,HOMBRE,15057,NAUCALPAN DE JUÁREZ,4,2026-08-09
15,ESTADO DE MEXICO,2025-03,DESAPARECIDA_O_NO_LOCALIZADA,MUJER,15057,NAUCALPAN DE JUÁREZ,1,2026-08-09
15,ESTADO DE MEXICO,2025-03,DESAPARECIDA_O_NO_LOCALIZADA,HOMBRE,15058,NEZAHUALCÓYOTL,7,2026-08-09
15,ESTADO DE MEXICO,2025-03,DESAPARECIDA_O_NO_LOCALIZADA,MUJER,15058,NEZAHUALCÓYOTL,4,2026-08-09
15,ESTADO DE MEXICO,2025-03,DESAPARECIDA_O_NO_LOCALIZADA,HOMBRE,15059,NEXTLALPAN,1,2026-08-09
15,ESTADO DE MEXICO,2025-03,DESAPARECIDA_O_NO_LOCALIZADA,HOMBRE,15060,NICOLÁS ROMERO,1,2026-08-09
15,ESTADO DE MEXICO,2025-03,DESAPARECIDA_O_NO_LOCALIZADA,MUJER,15060,NICOLÁS ROMERO,2,2026-08-09
15,ESTADO DE MEXICO,2025-03,DESAPARECIDA_O_NO_LOCALIZADA,MUJER,15065,OTUMBA,1,2026-08-09
15,ESTADO DE MEXICO,2025-03,DESAPARECIDA_O_NO_LOCALIZADA,HOMBRE,15067,OTZOLOTEPEC,2,2026-08-09
15,ESTADO DE MEXICO,2025-03,DESAPARECIDA_O_NO_LOCALIZADA,HOMBRE,15070,LA PAZ,3,2026-08-09
15,ESTADO DE MEXICO,2025-03,DESAPARECIDA_O_NO_LOCALIZADA,MUJER,15070,LA PAZ,1,2026-08-09
15,ESTADO DE MEXICO,2025-03,DESAPARECIDA_O_NO_LOCALIZADA,HOMBRE,15076,SAN MATEO ATENCO,1,2026-08-09
15,ESTADO DE MEXICO,2025-03,DESAPARECIDA_O_NO_LOCALIZADA,MUJER,15078,SANTO TOMÁS,1,2026-08-09
15,ESTADO DE MEXICO,2025-03,DESAPARECIDA_O_NO_LOCALIZADA,HOMBRE,15079,SOYANIQUILPAN DE JUÁREZ,1,2026-08-09
15,ESTADO DE MEXICO,2025-03,DESAPARECIDA_O_NO_LOCALIZADA,HOMBRE,15080,SULTEPEC,1,2026-08-09
15,ESTADO DE MEXICO,2025-03,DESAPARECIDA_O_NO_LOCALIZADA,HOMBRE,15081,TECÁMAC,3,2026-08-09
15,ESTADO DE MEXICO,2025-03,DESAPARECIDA_O_NO_LOCALIZADA,MUJER,15081,TECÁMAC,1,2026-08-09
15,ESTADO DE MEXICO,2025-03,DESAPARECIDA_O_NO_LOCALIZADA,HOMBRE,15082,TEJUPILCO,1,2026-08-09
15,ESTADO DE MEXICO,2025-03,DESAPARECIDA_O_NO_LOCALIZADA,MUJER,15083,TEMAMATLA,1,2026-08-09
15,ESTADO DE MEXICO,2025-03,DESAPARECIDA_O_NO_LOCALIZADA,HOMBRE,15085,TEMASCALCINGO,3,2026-08-09
15,ESTADO DE MEXICO,2025-03,DESAPARECIDA_O_NO_LOCALIZADA,MUJER,15085,TEMASCALCINGO,2,2026-08-09
15,ESTADO DE MEXICO,2025-03,DESAPARECIDA_O_NO_LOCALIZADA,HOMBRE,15091,TEOLOYUCÁN,1,2026-08-09
15,ESTADO DE MEXICO,2025-03,DESAPARECIDA_O_NO_LOCALIZADA,MUJER,15091,TEOLOYUCÁN,1,2026-08-09
15,ESTADO DE MEXICO,2025-03,DESAPARECIDA_O_NO_LOCALIZADA,HOMBRE,15093,TEPETLAOXTOC,1,2026-08-09
15,ESTADO DE MEXICO,2025-03,DESAPARECIDA_O_NO_LOCALIZADA,HOMBRE,15095,TEPOTZOTLÁN,4,2026-08-09
15,ESTADO DE MEXICO,2025-03,DESAPARECIDA_O_NO_LOCALIZADA,HOMBRE,15099,TEXCOCO,2,2026-08-09
15,ESTADO DE MEXICO,2025-03,DESAPARECIDA_O_NO_LOCALIZADA,MUJER,15099,TEXCOCO,2,2026-08-09
15,ESTADO DE MEXICO,2025-03,DESAPARECIDA_O_NO_LOCALIZADA,HOMBRE,15101,TIANGUISTENCO,2,2026-08-09
15,ESTADO DE MEXICO,2025-03,DESAPARECIDA_O_NO_LOCALIZADA,MUJER,15101,TIANGUISTENCO,1,2026-08-09
15,ESTADO DE MEXICO,2025-03,DESAPARECIDA_O_NO_LOCALIZADA,HOMBRE,15104,TLALNEPANTLA DE BAZ,1,2026-08-09
15,ESTADO DE MEXICO,2025-03,DESAPARECIDA_O_NO_LOCALIZADA,MUJER,15104,TLALNEPANTLA DE BAZ,3,2026-08-09
15,ESTADO DE MEXICO,2025-03,DESAPARECIDA_O_NO_LOCALIZADA,HOMBRE,15106,TOLUCA,7,2026-08-09
15,ESTADO DE MEXICO,2025-03,DESAPARECIDA_O_NO_LOCALIZADA,MUJER,15106,TOLUCA,3,2026-08-09
15,ESTADO DE MEXICO,2025-03,DESAPARECIDA_O_NO_LOCALIZADA,HOMBRE,15108,TULTEPEC,2,2026-08-09
15,ESTADO DE MEXICO,2025-03,DESAPARECIDA_O_NO_LOCALIZADA,MUJER,15108,TULTEPEC,1,2026-08-09
15,ESTADO DE MEXICO,2025-03,DESAPARECIDA_O_NO_LOCALIZADA,HOMBRE,15109,TULTITLÁN,2,2026-08-09
15,ESTADO DE MEXICO,2025-03,DESAPARECIDA_O_NO_LOCALIZADA,MUJER,15109,TULTITLÁN,3,2026-08-09
15,ESTADO DE MEXICO,2025-03,DESAPARECIDA_O_NO_LOCALIZADA,MUJER,15110,VALLE DE BRAVO,1,2026-08-09
15,ESTADO DE MEXICO,2025-03,DESAPARECIDA_O_NO_LOCALIZADA,HOMBRE,15118,ZINACANTEPEC,4,2026-08-09
15,ESTADO DE MEXICO,2025-03,DESAPARECIDA_O_NO_LOCALIZADA,MUJER,15118,ZINACANTEPEC,1,2026-08-09
15,ESTADO DE MEXICO,2025-03,DESAPARECIDA_O_NO_LOCALIZADA,HOMBRE,15119,ZUMPAHUACÁN,2,2026-08-09
15,ESTADO DE MEXICO,2025-03,DESAPARECIDA_O_NO_LOCALIZADA,HOMBRE,15120,ZUMPANGO,7,2026-08-09
15,ESTADO DE MEXICO,2025-03,DESAPARECIDA_O_NO_LOCALIZADA,MUJER,15120,ZUMPANGO,1,2026-08-09
15,ESTADO DE MEXICO,2025-03,DESAPARECIDA_O_NO_LOCALIZADA,HOMBRE,15121,CUAUTITLÁN IZCALLI,4,2026-08-09
15,ESTADO DE MEXICO,2025-03,DESAPARECIDA_O_NO_LOCALIZADA,MUJER,15121,CUAUTITLÁN IZCALLI,3,2026-08-09
15,ESTADO DE MEXICO,2025-03,DESAPARECIDA_O_NO_LOCALIZADA,HOMBRE,15122,VALLE DE CHALCO SOLIDARIDAD,2,2026-08-09
15,ESTADO DE MEXICO,2025-03,DESAPARECIDA_O_NO_LOCALIZADA,MUJER,15122,VALLE DE CHALCO SOLIDARIDAD,1,2026-08-09
15,ESTADO DE MEXICO,2025-03,DESAPARECIDA_O_NO_LOCALIZADA,MUJER,15125,TONANITLA,1,2026-08-09
15,ESTADO DE MEXICO,2025-03,LOCALIZADA_CON_VIDA,MUJER,15002,ACOLMAN,1,2026-08-09
15,ESTADO DE MEXICO,2025-03,LOCALIZADA_CON_VIDA,MUJER,15005,ALMOLOYA DE JUÁREZ,3,2026-08-09
15,ESTADO DE MEXICO,2025-03,LOCALIZADA_CON_VIDA,MUJER,15006,ALMOLOYA DEL RÍO,1,2026-08-09
15,ESTADO DE MEXICO,2025-03,LOCALIZADA_CON_VIDA,HOMBRE,15013,ATIZAPÁN DE ZARAGOZA,7,2026-08-09
15,ESTADO DE MEXICO,2025-03,LOCALIZADA_CON_VIDA,MUJER,15013,ATIZAPÁN DE ZARAGOZA,8,2026-08-09
15,ESTADO DE MEXICO,2025-03,LOCALIZADA_CON_VIDA,HOMBRE,15014,ATLACOMULCO,2,2026-08-09
15,ESTADO DE MEXICO,2025-03,LOCALIZADA_CON_VIDA,MUJER,15014,ATLACOMULCO,2,2026-08-09
15,ESTADO DE MEXICO,2025-03,LOCALIZADA_CON_VIDA,MUJER,15015,ATLAUTLA,1,2026-08-09
15,ESTADO DE MEXICO,2025-03,LOCALIZADA_CON_VIDA,HOMBRE,15018,CALIMAYA,1,2026-08-09
15,ESTADO DE MEXICO,2025-03,LOCALIZADA_CON_VIDA,MUJER,15018,CALIMAYA,2,2026-08-09
15,ESTADO DE MEXICO,2025-03,LOCALIZADA_CON_VIDA,HOMBRE,15020,COACALCO DE BERRIOZÁBAL,2,2026-08-09
15,ESTADO DE MEXICO,2025-03,LOCALIZADA_CON_VIDA,MUJER,15020,COACALCO DE BERRIOZÁBAL,5,2026-08-09
15,ESTADO DE MEXICO,2025-03,LOCALIZADA_CON_VIDA,MUJER,15023,COYOTEPEC,2,2026-08-09
15,ESTADO DE MEXICO,2025-03,LOCALIZADA_CON_VIDA,HOMBRE,15024,CUAUTITLÁN,2,2026-08-09
15,ESTADO DE MEXICO,2025-03,LOCALIZADA_CON_VIDA,MUJER,15024,CUAUTITLÁN,2,2026-08-09
15,ESTADO DE MEXICO,2025-03,LOCALIZADA_CON_VIDA,HOMBRE,15025,CHALCO,3,2026-08-09
15,ESTADO DE MEXICO,2025-03,LOCALIZADA_CON_VIDA,MUJER,15025,CHALCO,6,2026-08-09
15,ESTADO DE MEXICO,2025-03,LOCALIZADA_CON_VIDA,MUJER,15028,CHIAUTLA,1,2026-08-09
15,ESTADO DE MEXICO,2025-03,LOCALIZADA_CON_VIDA,MUJER,15029,CHICOLOAPAN,3,2026-08-09
15,ESTADO DE MEXICO,2025-03,LOCALIZADA_CON_VIDA,HOMBRE,15031,CHIMALHUACÁN,9,2026-08-09
15,ESTADO DE MEXICO,2025-03,LOCALIZADA_CON_VIDA,MUJER,15031,CHIMALHUACÁN,4,2026-08-09
15,ESTADO DE MEXICO,2025-03,LOCALIZADA_CON_VIDA,HOMBRE,15033,ECATEPEC DE MORELOS,23,2026-08-09
15,ESTADO DE MEXICO,2025-03,LOCALIZADA_CON_VIDA,MUJER,15033,ECATEPEC DE MORELOS,24,2026-08-09
15,ESTADO DE MEXICO,2025-03,LOCALIZADA_CON_VIDA,HOMBRE,15035,HUEHUETOCA,7,2026-08-09
15,ESTADO DE MEXICO,2025-03,LOCALIZADA_CON_VIDA,MUJER,15035,HUEHUETOCA,3,2026-08-09
15,ESTADO DE MEXICO,2025-03,LOCALIZADA_CON_VIDA,HOMBRE,15037,HUIXQUILUCAN,3,2026-08-09
15,ESTADO DE MEXICO,2025-03,LOCALIZADA_CON_VIDA,MUJER,15037,HUIXQUILUCAN,1,2026-08-09
15,ESTADO DE MEXICO,2025-03,LOCALIZADA_CON_VIDA,HOMBRE,15039,IXTAPALUCA,6,2026-08-09
15,ESTADO DE MEXICO,2025-03,LOCALIZADA_CON_VIDA,MUJER,15039,IXTAPALUCA,8,2026-08-09
15,ESTADO DE MEXICO,2025-03,LOCALIZADA_CON_VIDA,HOMBRE,15042,IXTLAHUACA,2,2026-08-09
15,ESTADO DE MEXICO,2025-03,LOCALIZADA_CON_VIDA,MUJER,15042,IXTLAHUACA,2,2026-08-09
15,ESTADO DE MEXICO,2025-03,LOCALIZADA_CON_VIDA,HOMBRE,15043,XALATLACO,1,2026-08-09
15,ESTADO DE MEXICO,2025-03,LOCALIZADA_CON_VIDA,MUJER,15043,XALATLACO,1,2026-08-09
15,ESTADO DE MEXICO,2025-03,LOCALIZADA_CON_VIDA,MUJER,15045,JILOTEPEC,1,2026-08-09
15,ESTADO DE MEXICO,2025-03,LOCALIZADA_CON_VIDA,MUJER,15047,JIQUIPILCO,1,2026-08-09
15,ESTADO DE MEXICO,2025-03,LOCALIZADA_CON_VIDA,HOMBRE,15051,LERMA,1,2026-08-09
15,ESTADO DE MEXICO,2025-03,LOCALIZADA_CON_VIDA,MUJER,15051,LERMA,1,2026-08-09
15,ESTADO DE MEXICO,2025-03,LOCALIZADA_CON_VIDA,HOMBRE,15053,MELCHOR OCAMPO,1,2026-08-09
15,ESTADO DE MEXICO,2025-03,LOCALIZADA_CON_VIDA,HOMBRE,15054,METEPEC,3,2026-08-09
15,ESTADO DE MEXICO,2025-03,LOCALIZADA_CON_VIDA,MUJER,15054,METEPEC,6,2026-08-09
15,ESTADO DE MEXICO,2025-03,LOCALIZADA_CON_VIDA,HOMBRE,15057,NAUCALPAN DE JUÁREZ,18,2026-08-09
15,ESTADO DE MEXICO,2025-03,LOCALIZADA_CON_VIDA,MUJER,15057,NAUCALPAN DE JUÁREZ,14,2026-08-09
15,ESTADO DE MEXICO,2025-03,LOCALIZADA_CON_VIDA,HOMBRE,15058,NEZAHUALCÓYOTL,8,2026-08-09
15,ESTADO DE MEXICO,2025-03,LOCALIZADA_CON_VIDA,MUJER,15058,NEZAHUALCÓYOTL,6,2026-08-09
15,ESTADO DE MEXICO,2025-03,LOCALIZADA_CON_VIDA,HOMBRE,15059,NEXTLALPAN,1,2026-08-09
15,ESTADO DE MEXICO,2025-03,LOCALIZADA_CON_VIDA,MUJER,15059,NEXTLALPAN,1,2026-08-09
15,ESTADO DE MEXICO,2025-03,LOCALIZADA_CON_VIDA,HOMBRE,15060,NICOLÁS ROMERO,7,2026-08-09
15,ESTADO DE MEXICO,2025-03,LOCALIZADA_CON_VIDA,MUJER,15060,NICOLÁS ROMERO,5,2026-08-09
15,ESTADO DE MEXICO,2025-03,LOCALIZADA_CON_VIDA,HOMBRE,15062,OCOYOACAC,2,2026-08-09
15,ESTADO DE MEXICO,2025-03,LOCALIZADA_CON_VIDA,MUJER,15062,OCOYOACAC,2,2026-08-09
15,ESTADO DE MEXICO,2025-03,LOCALIZADA_CON_VIDA,HOMBRE,15065,OTUMBA,1,2026-08-09
15,ESTADO DE MEXICO,2025-03,LOCALIZADA_CON_VIDA,MUJER,15065,OTUMBA,1,2026-08-09
15,ESTADO DE MEXICO,2025-03,LOCALIZADA_CON_VIDA,HOMBRE,15067,OTZOLOTEPEC,3,2026-08-09
15,ESTADO DE MEXICO,2025-03,LOCALIZADA_CON_VIDA,MUJER,15067,OTZOLOTEPEC,2,2026-08-09
15,ESTADO DE MEXICO,2025-03,LOCALIZADA_CON_VIDA,HOMBRE,15069,PAPALOTLA,1,2026-08-09
15,ESTADO DE MEXICO,2025-03,LOCALIZADA_CON_VIDA,HOMBRE,15070,LA PAZ,8,2026-08-09
15,ESTADO DE MEXICO,2025-03,LOCALIZADA_CON_VIDA,MUJER,15070,LA PAZ,3,2026-08-09
15,ESTADO DE MEXICO,2025-03,LOCALIZADA_CON_VIDA,HOMBRE,15074,SAN FELIPE DEL PROGRESO,1,2026-08-09
15,ESTADO DE MEXICO,2025-03,LOCALIZADA_CON_VIDA,HOMBRE,15076,SAN MATEO ATENCO,1,2026-08-09
15,ESTADO DE MEXICO,2025-03,LOCALIZADA_CON_VIDA,MUJER,15076,SAN MATEO ATENCO,1,2026-08-09
15,ESTADO DE MEXICO,2025-03,LOCALIZADA_CON_VIDA,HOMBRE,15081,TECÁMAC,11,2026-08-09
15,ESTADO DE MEXICO,2025-03,LOCALIZADA_CON_VIDA,MUJER,15081,TECÁMAC,4,2026-08-09
15,ESTADO DE MEXICO,2025-03,LOCALIZADA_CON_VIDA,MUJER,15082,TEJUPILCO,1,2026-08-09
15,ESTADO DE MEXICO,2025-03,LOCALIZADA_CON_VIDA,HOMBRE,15085,TEMASCALCINGO,1,2026-08-09
15,ESTADO DE MEXICO,2025-03,LOCALIZADA_CON_VIDA,MUJER,15085,TEMASCALCINGO,2,2026-08-09
15,ESTADO DE MEXICO,2025-03,LOCALIZADA_CON_VIDA,MUJER,15087,TEMOAYA,3,2026-08-09
15,ESTADO DE MEXICO,2025-03,LOCALIZADA_CON_VIDA,HOMBRE,15088,TENANCINGO,2,2026-08-09
15,ESTADO DE MEXICO,2025-03,LOCALIZADA_CON_VIDA,HOMBRE,15091,TEOLOYUCÁN,4,2026-08-09
15,ESTADO DE MEXICO,2025-03,LOCALIZADA_CON_VIDA,MUJER,15091,TEOLOYUCÁN,1,2026-08-09
15,ESTADO DE MEXICO,2025-03,LOCALIZADA_CON_VIDA,MUJER,15093,TEPETLAOXTOC,2,2026-08-09
15,ESTADO DE MEXICO,2025-03,LOCALIZADA_CON_VIDA,HOMBRE,15095,TEPOTZOTLÁN,2,2026-08-09
15,ESTADO DE MEXICO,2025-03,LOCALIZADA_CON_VIDA,HOMBRE,15096,TEQUIXQUIAC,1,2026-08-09
15,ESTADO DE MEXICO,2025-03,LOCALIZADA_CON_VIDA,MUJER,15099,TEXCOCO,8,2026-08-09
15,ESTADO DE MEXICO,2025-03,LOCALIZADA_CON_VIDA,HOMBRE,15100,TEZOYUCA,2,2026-08-09
15,ESTADO DE MEXICO,2025-03,LOCALIZADA_CON_VIDA,HOMBRE,15101,TIANGUISTENCO,2,2026-08-09
15,ESTADO DE MEXICO,2025-03,LOCALIZADA_CON_VIDA,MUJER,15101,TIANGUISTENCO,2,2026-08-09
15,ESTADO DE MEXICO,2025-03,LOCALIZADA_CON_VIDA,HOMBRE,15104,TLALNEPANTLA DE BAZ,8,2026-08-09
15,ESTADO DE MEXICO,2025-03,LOCALIZADA_CON_VIDA,MUJER,15104,TLALNEPANTLA DE BAZ,8,2026-08-09
15,ESTADO DE MEXICO,2025-03,LOCALIZADA_CON_VIDA,HOMBRE,15106,TOLUCA,20,2026-08-09
15,ESTADO DE MEXICO,2025-03,LOCALIZADA_CON_VIDA,MUJER,15106,TOLUCA,13,2026-08-09
15,ESTADO DE MEXICO,2025-03,LOCALIZADA_CON_VIDA,HOMBRE,15108,TULTEPEC,2,2026-08-09
15,ESTADO DE MEXICO,2025-03,LOCALIZADA_CON_VIDA,MUJER,15108,TULTEPEC,1,2026-08-09
15,ESTADO DE MEXICO,2025-03,LOCALIZADA_CON_VIDA,HOMBRE,15109,TULTITLÁN,3,2026-08-09
15,ESTADO DE MEXICO,2025-03,LOCALIZADA_CON_VIDA,MUJER,15109,TULTITLÁN,2,2026-08-09
15,ESTADO DE MEXICO,2025-03,LOCALIZADA_CON_VIDA,MUJER,15110,VALLE DE BRAVO,1,2026-08-09
15,ESTADO DE MEXICO,2025-03,LOCALIZADA_CON_VIDA,HOMBRE,15111,VILLA DE ALLENDE,1,2026-08-09
15,ESTADO DE MEXICO,2025-03,LOCALIZADA_CON_VIDA,MUJER,15118,ZINACANTEPEC,2,2026-08-09
15,ESTADO DE MEXICO,2025-03,LOCALIZADA_CON_VIDA,HOMBRE,15120,ZUMPANGO,6,2026-08-09
15,ESTADO DE MEXICO,2025-03,LOCALIZADA_CON_VIDA,MUJER,15120,ZUMPANGO,2,2026-08-09
15,ESTADO DE MEXICO,2025-03,LOCALIZADA_CON_VIDA,HOMBRE,15121,CUAUTITLÁN IZCALLI,7,2026-08-09
15,ESTADO DE MEXICO,2025-03,LOCALIZADA_CON_VIDA,MUJER,15121,CUAUTITLÁN IZCALLI,12,2026-08-09
15,ESTADO DE MEXICO,2025-03,LOCALIZADA_CON_VIDA,HOMBRE,15122,VALLE DE CHALCO SOLIDARIDAD,5,2026-08-09
15,ESTADO DE MEXICO,2025-03,LOCALIZADA_CON_VIDA,MUJER,15122,VALLE DE CHALCO SOLIDARIDAD,3,2026-08-09
15,ESTADO DE MEXICO,2025-03,LOCALIZADA_CON_VIDA,HOMBRE,15124,SAN JOSÉ DEL RINCÓN,1,2026-08-09
15,ESTADO DE MEXICO,2025-03,LOCALIZADA_CON_VIDA,MUJER,15124,SAN JOSÉ DEL RINCÓN,1,2026-08-09
15,ESTADO DE MEXICO,2025-03,LOCALIZADA_SIN_VIDA,HOMBRE,15005,ALMOLOYA DE JUÁREZ,1,2026-08-09
15,ESTADO DE MEXICO,2025-03,LOCALIZADA_SIN_VIDA,HOMBRE,15014,ATLACOMULCO,1,2026-08-09
15,ESTADO DE MEXICO,2025-03,LOCALIZADA_SIN_VIDA,HOMBRE,15025,CHALCO,1,2026-08-09
15,ESTADO DE MEXICO,2025-03,LOCALIZADA_SIN_VIDA,HOMBRE,15033,ECATEPEC DE MORELOS,5,2026-08-09
15,ESTADO DE MEXICO,2025-03,LOCALIZADA_SIN_VIDA,MUJER,15033,ECATEPEC DE MORELOS,1,2026-08-09
15,ESTADO DE MEXICO,2025-03,LOCALIZADA_SIN_VIDA,HOMBRE,15035,HUEHUETOCA,1,2026-08-09
15,ESTADO DE MEXICO,2025-03,LOCALIZADA_SIN_VIDA,HOMBRE,15039,IXTAPALUCA,2,2026-08-09
15,ESTADO DE MEXICO,2025-03,LOCALIZADA_SIN_VIDA,MUJER,15039,IXTAPALUCA,1,2026-08-09
15,ESTADO DE MEXICO,2025-03,LOCALIZADA_SIN_VIDA,MUJER,15054,METEPEC,1,2026-08-09
15,ESTADO DE MEXICO,2025-03,LOCALIZADA_SIN_VIDA,HOMBRE,15057,NAUCALPAN DE JUÁREZ,4,2026-08-09
15,ESTADO DE MEXICO,2025-03,LOCALIZADA_SIN_VIDA,MUJER,15057,NAUCALPAN DE JUÁREZ,1,2026-08-09
15,ESTADO DE MEXICO,2025-03,LOCALIZADA_SIN_VIDA,HOMBRE,15059,NEXTLALPAN,1,2026-08-09
15,ESTADO DE MEXICO,2025-03,LOCALIZADA_SIN_VIDA,HOMBRE,15060,NICOLÁS ROMERO,1,2026-08-09
15,ESTADO DE MEXICO,2025-03,LOCALIZADA_SIN_VIDA,MUJER,15062,OCOYOACAC,1,2026-08-09
15,ESTADO DE MEXICO,2025-03,LOCALIZADA_SIN_VIDA,HOMBRE,15066,OTZOLOAPAN,1,2026-08-09
15,ESTADO DE MEXICO,2025-03,LOCALIZADA_SIN_VIDA,HOMBRE,15081,TECÁMAC,1,2026-08-09
15,ESTADO DE MEXICO,2025-03,LOCALIZADA_SIN_VIDA,HOMBRE,15090,TENANGO DEL VALLE,1,2026-08-09
15,ESTADO DE MEXICO,2025-03,LOCALIZADA_SIN_VIDA,HOMBRE,15091,TEOLOYUCÁN,1,2026-08-09
15,ESTADO DE MEXICO,2025-03,LOCALIZADA_SIN_VIDA,HOMBRE,15095,TEPOTZOTLÁN,2,2026-08-09
15,ESTADO DE MEXICO,2025-03,LOCALIZADA_SIN_VIDA,HOMBRE,15099,TEXCOCO,2,2026-08-09
15,ESTADO DE MEXICO,2025-03,LOCALIZADA_SIN_VIDA,HOMBRE,15106,TOLUCA,1,2026-08-09
15,ESTADO DE MEXICO,2025-03,LOCALIZADA_SIN_VIDA,HOMBRE,15108,TULTEPEC,1,2026-08-09
15,ESTADO DE MEXICO,2025-03,LOCALIZADA_SIN_VIDA,HOMBRE,15121,CUAUTITLÁN IZCALLI,1,2026-08-09
15,ESTADO DE MEXICO,2025-03,LOCALIZADA_SIN_VIDA,HOMBRE,15122,VALLE DE CHALCO SOLIDARIDAD,1,2026-08-09
16,MICHOACAN,2025-03,DESAPARECIDA_O_NO_LOCALIZADA,HOMBRE,16003,ALVARO OBREGÓN,3,2026-08-09
16,MICHOACAN,2025-03,DESAPARECIDA_O_NO_LOCALIZADA,HOMBRE,16006,APATZINGÁN,3,2026-08-09
16,MICHOACAN,2025-03,DESAPARECIDA_O_NO_LOCALIZADA,MUJER,16006,APATZINGÁN,3,2026-08-09
16,MICHOACAN,2025-03,DESAPARECIDA_O_NO_LOCALIZADA,HOMBRE,16009,ARIO,1,2026-08-09
16,MICHOACAN,2025-03,DESAPARECIDA_O_NO_LOCALIZADA,HOMBRE,16012,BUENAVISTA,1,2026-08-09
16,MICHOACAN,2025-03,DESAPARECIDA_O_NO_LOCALIZADA,HOMBRE,16017,CONTEPEC,1,2026-08-09
16,MICHOACAN,2025-03,DESAPARECIDA_O_NO_LOCALIZADA,HOMBRE,16019,COTIJA,2,2026-08-09
16,MICHOACAN,2025-03,DESAPARECIDA_O_NO_LOCALIZADA,HOMBRE,16020,CUITZEO,2,2026-08-09
16,MICHOACAN,2025-03,DESAPARECIDA_O_NO_LOCALIZADA,MUJER,16033,GABRIEL ZAMORA,1,2026-08-09
16,MICHOACAN,2025-03,DESAPARECIDA_O_NO_LOCALIZADA,HOMBRE,16034,HIDALGO,2,2026-08-09
16,MICHOACAN,2025-03,DESAPARECIDA_O_NO_LOCALIZADA,MUJER,16034,HIDALGO,1,2026-08-09
16,MICHOACAN,2025-03,DESAPARECIDA_O_NO_LOCALIZADA,HOMBRE,16035,LA HUACANA,5,2026-08-09
16,MICHOACAN,2025-03,DESAPARECIDA_O_NO_LOCALIZADA,HOMBRE,16038,HUETAMO,1,2026-08-09
16,MICHOACAN,2025-03,DESAPARECIDA_O_NO_LOCALIZADA,HOMBRE,16041,IRIMBO,1,2026-08-09
16,MICHOACAN,2025-03,DESAPARECIDA_O_NO_LOCALIZADA,HOMBRE,16043,JACONA,3,2026-08-09
16,MICHOACAN,2025-03,DESAPARECIDA_O_NO_LOCALIZADA,HOMBRE,16044,JIMÉNEZ,1,2026-08-09
16,MICHOACAN,2025-03,DESAPARECIDA_O_NO_LOCALIZADA,HOMBRE,16049,MADERO,2,2026-08-09
16,MICHOACAN,2025-03,DESAPARECIDA_O_NO_LOCALIZADA,HOMBRE,16050,MARAVATÍO,2,2026-08-09
16,MICHOACAN,2025-03,DESAPARECIDA_O_NO_LOCALIZADA,HOMBRE,16052,LÁZARO CÁRDENAS,1,2026-08-09
16,MICHOACAN,2025-03,DESAPARECIDA_O_NO_LOCALIZADA,MUJER,16052,LÁZARO CÁRDENAS,1,2026-08-09
16,MICHOACAN,2025-03,DESAPARECIDA_O_NO_LOCALIZADA,HOMBRE,16053,MORELIA,8,2026-08-09
16,MICHOACAN,2025-03,DESAPARECIDA_O_NO_LOCALIZADA,MUJER,16053,MORELIA,4,2026-08-09
16,MICHOACAN,2025-03,DESAPARECIDA_O_NO_LOCALIZADA,HOMBRE,16054,MORELOS,2,2026-08-09
16,MICHOACAN,2025-03,DESAPARECIDA_O_NO_LOCALIZADA,HOMBRE,16058,NUEVO PARANGARICUTIRO,2,2026-08-09
16,MICHOACAN,2025-03,DESAPARECIDA_O_NO_LOCALIZADA,HOMBRE,16059,NUEVO URECHO,1,2026-08-09
16,MICHOACAN,2025-03,DESAPARECIDA_O_NO_LOCALIZADA,HOMBRE,16061,OCAMPO,1,2026-08-09
16,MICHOACAN,2025-03,DESAPARECIDA_O_NO_LOCALIZADA,HOMBRE,16064,PARÁCUARO,1,2026-08-09
16,MICHOACAN,2025-03,DESAPARECIDA_O_NO_LOCALIZADA,HOMBRE,16066,PÁTZCUARO,2,2026-08-09
16,MICHOACAN,2025-03,DESAPARECIDA_O_NO_LOCALIZADA,HOMBRE,16069,LA PIEDAD,1,2026-08-09
16,MICHOACAN,2025-03,DESAPARECIDA_O_NO_LOCALIZADA,HOMBRE,16071,PURUÁNDIRO,3,2026-08-09
16,MICHOACAN,2025-03,DESAPARECIDA_O_NO_LOCALIZADA,HOMBRE,16073,QUIROGA,1,2026-08-09
16,MICHOACAN,2025-03,DESAPARECIDA_O_NO_LOCALIZADA,HOMBRE,16075,LOS REYES,2,2026-08-09
16,MICHOACAN,2025-03,DESAPARECIDA_O_NO_LOCALIZADA,HOMBRE,16082,TACÁMBARO,1,2026-08-09
16,MICHOACAN,2025-03,DESAPARECIDA_O_NO_LOCALIZADA,HOMBRE,16085,TANGANCÍCUARO,2,2026-08-09
16,MICHOACAN,2025-03,DESAPARECIDA_O_NO_LOCALIZADA,MUJER,16085,TANGANCÍCUARO,1,2026-08-09
16,MICHOACAN,2025-03,DESAPARECIDA_O_NO_LOCALIZADA,HOMBRE,16087,TARETAN,2,2026-08-09
16,MICHOACAN,2025-03,DESAPARECIDA_O_NO_LOCALIZADA,HOMBRE,16088,TARÍMBARO,3,2026-08-09
16,MICHOACAN,2025-03,DESAPARECIDA_O_NO_LOCALIZADA,MUJER,16092,TIQUICHEO DE NICOLÁS ROMERO,1,2026-08-09
16,MICHOACAN,2025-03,DESAPARECIDA_O_NO_LOCALIZADA,HOMBRE,16093,TLALPUJAHUA,1,2026-08-09
16,MICHOACAN,2025-03,DESAPARECIDA_O_NO_LOCALIZADA,HOMBRE,16097,TURICATO,2,2026-08-09
16,MICHOACAN,2025-03,DESAPARECIDA_O_NO_LOCALIZADA,HOMBRE,16098,TUXPAN,1,2026-08-09
16,MICHOACAN,2025-03,DESAPARECIDA_O_NO_LOCALIZADA,HOMBRE,16102,URUAPAN,5,2026-08-09
16,MICHOACAN,2025-03,DESAPARECIDA_O_NO_LOCALIZADA,MUJER,16102,URUAPAN,1,2026-08-09
16,MICHOACAN,2025-03,DESAPARECIDA_O_NO_LOCALIZADA,HOMBRE,16106,YURÉCUARO,1,2026-08-09
16,MICHOACAN,2025-03,DESAPARECIDA_O_NO_LOCALIZADA,HOMBRE,16108,ZAMORA,8,2026-08-09
16,MICHOACAN,2025-03,DESAPARECIDA_O_NO_LOCALIZADA,HOMBRE,16113,JOSÉ SIXTO VERDUZCO,4,2026-08-09
16,MICHOACAN,2025-03,DESAPARECIDA_O_NO_LOCALIZADA,HOMBRE,16114,SE DESCONOCE,1,2026-08-09
16,MICHOACAN,2025-03,LOCALIZADA_CON_VIDA,HOMBRE,16006,APATZINGÁN,1,2026-08-09
16,MICHOACAN,2025-03,LOCALIZADA_CON_VIDA,MUJER,16025,CHILCHOTA,1,2026-08-09
16,MICHOACAN,2025-03,LOCALIZADA_CON_VIDA,HOMBRE,16034,HIDALGO,1,2026-08-09
16,MICHOACAN,2025-03,LOCALIZADA_CON_VIDA,HOMBRE,16040,INDAPARAPEO,1,2026-08-09
16,MICHOACAN,2025-03,LOCALIZADA_CON_VIDA,HOMBRE,16043,JACONA,1,2026-08-09
16,MICHOACAN,2025-03,LOCALIZADA_CON_VIDA,MUJER,16045,JIQUILPAN,1,2026-08-09
16,MICHOACAN,2025-03,LOCALIZADA_CON_VIDA,HOMBRE,16052,LÁZARO CÁRDENAS,1,2026-08-09
16,MICHOACAN,2025-03,LOCALIZADA_CON_VIDA,MUJER,16052,LÁZARO CÁRDENAS,1,2026-08-09
16,MICHOACAN,2025-03,LOCALIZADA_CON_VIDA,HOMBRE,16053,MORELIA,16,2026-08-09
16,MICHOACAN,2025-03,LOCALIZADA_CON_VIDA,MUJER,16053,MORELIA,10,2026-08-09
16,MICHOACAN,2025-03,LOCALIZADA_CON_VIDA,HOMBRE,16069,LA PIEDAD,1,2026-08-09
16,MICHOACAN,2025-03,LOCALIZADA_CON_VIDA,HOMBRE,16072,QUERÉNDARO,1,2026-08-09
16,MICHOACAN,2025-03,LOCALIZADA_CON_VIDA,HOMBRE,16088,TARÍMBARO,1,2026-08-09
16,MICHOACAN,2025-03,LOCALIZADA_CON_VIDA,MUJER,16088,TARÍMBARO,1,2026-08-09
16,MICHOACAN,2025-03,LOCALIZADA_CON_VIDA,HOMBRE,16102,URUAPAN,2,2026-08-09
16,MICHOACAN,2025-03,LOCALIZADA_CON_VIDA,MUJER,16102,URUAPAN,1,2026-08-09
16,MICHOACAN,2025-03,LOCALIZADA_CON_VIDA,HOMBRE,16108,ZAMORA,1,2026-08-09
16,MICHOACAN,2025-03,LOCALIZADA_CON_VIDA,HOMBRE,16112,ZITÁCUARO,2,2026-08-09
16,MICHOACAN,2025-03,LOCALIZADA_CON_VIDA,MUJER,16112,ZITÁCUARO,1,2026-08-09
16,MICHOACAN,2025-03,LOCALIZADA_SIN_VIDA,MUJER,16043,JACONA,1,2026-08-09
16,MICHOACAN,2025-03,LOCALIZADA_SIN_VIDA,HOMBRE,16052,LÁZARO CÁRDENAS,1,2026-08-09
16,MICHOACAN,2025-03,LOCALIZADA_SIN_VIDA,HOMBRE,16053,MORELIA,1,2026-08-09
16,MICHOACAN,2025-03,LOCALIZADA_SIN_VIDA,HOMBRE,16098,TUXPAN,1,2026-08-09
16,MICHOACAN,2025-03,LOCALIZADA_SIN_VIDA,HOMBRE,16101,TZITZIO,1,2026-08-09
16,MICHOACAN,2025-03,LOCALIZADA_SIN_VIDA,HOMBRE,16102,URUAPAN,1,2026-08-09
16,MICHOACAN,2025-03,LOCALIZADA_SIN_VIDA,HOMBRE,16112,ZITÁCUARO,1,2026-08-09
17,MORELOS,2025-03,DESAPARECIDA_O_NO_LOCALIZADA,HOMBRE,17001,AMACUZAC,1,2026-08-09
17,MORELOS,2025-03,DESAPARECIDA_O_NO_LOCALIZADA,HOMBRE,17006,CUAUTLA,2,2026-08-09
17,MORELOS,2025-03,DESAPARECIDA_O_NO_LOCALIZADA,HOMBRE,17007,CUERNAVACA,1,2026-08-09
17,MORELOS,2025-03,DESAPARECIDA_O_NO_LOCALIZADA,MUJER,17007,CUERNAVACA,1,2026-08-09
17,MORELOS,2025-03,DESAPARECIDA_O_NO_LOCALIZADA,HOMBRE,17025,TLAQUILTENANGO,1,2026-08-09
17,MORELOS,2025-03,DESAPARECIDA_O_NO_LOCALIZADA,HOMBRE,17029,YAUTEPEC,2,2026-08-09
17,MORELOS,2025-03,LOCALIZADA_CON_VIDA,HOMBRE,17006,CUAUTLA,2,2026-08-09
17,MORELOS,2025-03,LOCALIZADA_CON_VIDA,MUJER,17006,CUAUTLA,1,2026-08-09
17,MORELOS,2025-03,LOCALIZADA_CON_VIDA,HOMBRE,17007,CUERNAVACA,8,2026-08-09
17,MORELOS,2025-03,LOCALIZADA_CON_VIDA,MUJER,17007,CUERNAVACA,4,2026-08-09
17,MORELOS,2025-03,LOCALIZADA_CON_VIDA,MUJER,17008,EMILIANO ZAPATA,1,2026-08-09
17,MORELOS,2025-03,LOCALIZADA_CON_VIDA,MUJER,17009,HUITZILAC,1,2026-08-09
17,MORELOS,2025-03,LOCALIZADA_CON_VIDA,HOMBRE,17011,JIUTEPEC,1,2026-08-09
17,MORELOS,2025-03,LOCALIZADA_CON_VIDA,MUJER,17011,JIUTEPEC,5,2026-08-09
17,MORELOS,2025-03,LOCALIZADA_CON_VIDA,HOMBRE,17012,JOJUTLA,1,2026-08-09
17,MORELOS,2025-03,LOCALIZADA_CON_VIDA,HOMBRE,17015,MIACATLÁN,1,2026-08-09
17,MORELOS,2025-03,LOCALIZADA_CON_VIDA,HOMBRE,17017,PUENTE DE IXTLA,1,2026-08-09
17,MORELOS,2025-03,LOCALIZADA_CON_VIDA,HOMBRE,17018,TEMIXCO,6,2026-08-09
17,MORELOS,2025-03,LOCALIZADA_CON_VIDA,MUJER,17018,TEMIXCO,2,2026-08-09
17,MORELOS,2025-03,LOCALIZADA_CON_VIDA,HOMBRE,17024,TLALTIZAPÁN,2,2026-08-09
17,MORELOS,2025-03,LOCALIZADA_CON_VIDA,MUJER,17024,TLALTIZAPÁN,2,2026-08-09
17,MORELOS,2025-03,LOCALIZADA_CON_VIDA,INDETERMINADO,17026,TLAYACAPAN,1,2026-08-09
17,MORELOS,2025-03,LOCALIZADA_CON_VIDA,HOMBRE,17028,XOCHITEPEC,1,2026-08-09
17,MORELOS,2025-03,LOCALIZADA_CON_VIDA,MUJER,17028,XOCHITEPEC,1,2026-08-09
17,MORELOS,2025-03,LOCALIZADA_CON_VIDA,HOMBRE,17029,YAUTEPEC,1,2026-08-09
17,MORELOS,2025-03,LOCALIZADA_CON_VIDA,MUJER,17029,YAUTEPEC,2,2026-08-09
17,MORELOS,2025-03,LOCALIZADA_CON_VIDA,HOMBRE,17031,ZACATEPEC DE HIDALGO,1,2026-08-09
17,MORELOS,2025-03,LOCALIZADA_SIN_VIDA,HOMBRE,17007,CUERNAVACA,1,2026-08-09
17,MORELOS,2025-03,LOCALIZADA_SIN_VIDA,HOMBRE,17008,EMILIANO ZAPATA,1,2026-08-09
17,MORELOS,2025-03,LOCALIZADA_SIN_VIDA,HOMBRE,17012,JOJUTLA,1,2026-08-09
17,MORELOS,2025-03,LOCALIZADA_SIN_VIDA,HOMBRE,17018,TEMIXCO,1,2026-08-09
17,MORELOS,2025-03,LOCALIZADA_SIN_VIDA,HOMBRE,17020,TEPOZTLÁN,1,2026-08-09
17,MORELOS,2025-03,LOCALIZADA_SIN_VIDA,HOMBRE,17024,TLALTIZAPÁN,1,2026-08-09
17,MORELOS,2025-03,LOCALIZADA_SIN_VIDA,HOMBRE,17033,TEMOAC,1,2026-08-09
18,NAYARIT,2025-03,DESAPARECIDA_O_NO_LOCALIZADA,HOMBRE,18001,ACAPONETA,3,2026-08-09
18,NAYARIT,2025-03,DESAPARECIDA_O_NO_LOCALIZADA,HOMBRE,18008,XALISCO,4,2026-08-09
18,NAYARIT,2025-03,DESAPARECIDA_O_NO_LOCALIZADA,HOMBRE,18016,TECUALA,3,2026-08-09
18,NAYARIT,2025-03,DESAPARECIDA_O_NO_LOCALIZADA,MUJER,18016,TECUALA,1,2026-08-09
18,NAYARIT,2025-03,DESAPARECIDA_O_NO_LOCALIZADA,HOMBRE,18017,TEPIC,8,2026-08-09
18,NAYARIT,2025-03,DESAPARECIDA_O_NO_LOCALIZADA,MUJER,18017,TEPIC,6,2026-08-09
18,NAYARIT,2025-03,DESAPARECIDA_O_NO_LOCALIZADA,HOMBRE,18020,BAHÍA DE BANDERAS,1,2026-08-09
18,NAYARIT,2025-03,DESAPARECIDA_O_NO_LOCALIZADA,MUJER,18020,BAHÍA DE BANDERAS,2,2026-08-09
18,NAYARIT,2025-03,LOCALIZADA_CON_VIDA,HOMBRE,18004,COMPOSTELA,1,2026-08-09
18,NAYARIT,2025-03,LOCALIZADA_CON_VIDA,MUJER,18005,HUAJICORI,1,2026-08-09
18,NAYARIT,2025-03,LOCALIZADA_CON_VIDA,HOMBRE,18006,IXTLÁN DEL RÍO,1,2026-08-09
18,NAYARIT,2025-03,LOCALIZADA_CON_VIDA,MUJER,18006,IXTLÁN DEL RÍO,1,2026-08-09
18,NAYARIT,2025-03,LOCALIZADA_CON_VIDA,HOMBRE,18007,JALA,1,2026-08-09
18,NAYARIT,2025-03,LOCALIZADA_CON_VIDA,HOMBRE,18008,XALISCO,1,2026-08-09
18,NAYARIT,2025-03,LOCALIZADA_CON_VIDA,MUJER,18008,XALISCO,3,2026-08-09
18,NAYARIT,2025-03,LOCALIZADA_CON_VIDA,HOMBRE,18012,SAN BLAS,1,2026-08-09
18,NAYARIT,2025-03,LOCALIZADA_CON_VIDA,HOMBRE,18013,SAN PEDRO LAGUNILLAS,1,2026-08-09
18,NAYARIT,2025-03,LOCALIZADA_CON_VIDA,HOMBRE,18017,TEPIC,12,2026-08-09
18,NAYARIT,2025-03,LOCALIZADA_CON_VIDA,MUJER,18017,TEPIC,16,2026-08-09
18,NAYARIT,2025-03,LOCALIZADA_CON_VIDA,HOMBRE,18020,BAHÍA DE BANDERAS,1,2026-08-09
18,NAYARIT,2025-03,LOCALIZADA_SIN_VIDA,HOMBRE,18010,ROSAMORADA,1,2026-08-09
18,NAYARIT,2025-03,LOCALIZADA_SIN_VIDA,HOMBRE,18017,TEPIC,1,2026-08-09
19,NUEVO LEON,2025-03,DESAPARECIDA_O_NO_LOCALIZADA,HOMBRE,19004,ALLENDE,1,2026-08-09
19,NUEVO LEON,2025-03,DESAPARECIDA_O_NO_LOCALIZADA,HOMBRE,19005,ANÁHUAC,2,2026-08-09
19,NUEVO LEON,2025-03,DESAPARECIDA_O_NO_LOCALIZADA,HOMBRE,19006,APODACA,2,2026-08-09
19,NUEVO LEON,2025-03,DESAPARECIDA_O_NO_LOCALIZADA,HOMBRE,19009,CADEREYTA JIMÉNEZ,1,2026-08-09
19,NUEVO LEON,2025-03,DESAPARECIDA_O_NO_LOCALIZADA,HOMBRE,19010,CARMEN,1,2026-08-09
19,NUEVO LEON,2025-03,DESAPARECIDA_O_NO_LOCALIZADA,MUJER,19010,CARMEN,1,2026-08-09
19,NUEVO LEON,2025-03,DESAPARECIDA_O_NO_LOCALIZADA,HOMBRE,19012,CIÉNEGA DE FLORES,3,2026-08-09
19,NUEVO LEON,2025-03,DESAPARECIDA_O_NO_LOCALIZADA,HOMBRE,19014,DR. ARROYO,1,2026-08-09
19,NUEVO LEON,2025-03,DESAPARECIDA_O_NO_LOCALIZADA,HOMBRE,19018,GARCÍA,4,2026-08-09
19,NUEVO LEON,2025-03,DESAPARECIDA_O_NO_LOCALIZADA,MUJER,19018,GARCÍA,1,2026-08-09
19,NUEVO LEON,2025-03,DESAPARECIDA_O_NO_LOCALIZADA,HOMBRE,19019,SAN PEDRO GARZA GARCÍA,1,2026-08-09
19,NUEVO LEON,2025-03,DESAPARECIDA_O_NO_LOCALIZADA,HOMBRE,19021,GRAL. ESCOBEDO,1,2026-08-09
19,NUEVO LEON,2025-03,DESAPARECIDA_O_NO_LOCALIZADA,MUJER,19021,GRAL. ESCOBEDO,1,2026-08-09
19,NUEVO LEON,2025-03,DESAPARECIDA_O_NO_LOCALIZADA,MUJER,19024,GRAL. ZARAGOZA,1,2026-08-09
19,NUEVO LEON,2025-03,DESAPARECIDA_O_NO_LOCALIZADA,HOMBRE,19026,GUADALUPE,1,2026-08-09
19,NUEVO LEON,2025-03,DESAPARECIDA_O_NO_LOCALIZADA,HOMBRE,19031,JUÁREZ,1,2026-08-09
19,NUEVO LEON,2025-03,DESAPARECIDA_O_NO_LOCALIZADA,HOMBRE,19033,LINARES,2,2026-08-09
19,NUEVO LEON,2025-03,DESAPARECIDA_O_NO_LOCALIZADA,MUJER,19033,LINARES,1,2026-08-09
19,NUEVO LEON,2025-03,DESAPARECIDA_O_NO_LOCALIZADA,HOMBRE,19039,MONTERREY,10,2026-08-09
19,NUEVO LEON,2025-03,DESAPARECIDA_O_NO_LOCALIZADA,HOMBRE,19041,PESQUERÍA,1,2026-08-09
19,NUEVO LEON,2025-03,DESAPARECIDA_O_NO_LOCALIZADA,HOMBRE,19042,LOS RAMONES,1,2026-08-09
19,NUEVO LEON,2025-03,DESAPARECIDA_O_NO_LOCALIZADA,HOMBRE,19045,SALINAS VICTORIA,1,2026-08-09
19,NUEVO LEON,2025-03,DESAPARECIDA_O_NO_LOCALIZADA,MUJER,19045,SALINAS VICTORIA,1,2026-08-09
19,NUEVO LEON,2025-03,DESAPARECIDA_O_NO_LOCALIZADA,HOMBRE,19048,SANTA CATARINA,2,2026-08-09
19,NUEVO LEON,2025-03,LOCALIZADA_CON_VIDA,HOMBRE,19004,ALLENDE,1,2026-08-09
19,NUEVO LEON,2025-03,LOCALIZADA_CON_VIDA,HOMBRE,19005,ANÁHUAC,1,2026-08-09
19,NUEVO LEON,2025-03,LOCALIZADA_CON_VIDA,HOMBRE,19006,APODACA,22,2026-08-09
19,NUEVO LEON,2025-03,LOCALIZADA_CON_VIDA,MUJER,19006,APODACA,8,2026-08-09
19,NUEVO LEON,2025-03,LOCALIZADA_CON_VIDA,HOMBRE,19009,CADEREYTA JIMÉNEZ,1,2026-08-09
19,NUEVO LEON,2025-03,LOCALIZADA_CON_VIDA,MUJER,19009,CADEREYTA JIMÉNEZ,1,2026-08-09
19,NUEVO LEON,2025-03,LOCALIZADA_CON_VIDA,MUJER,19010,CARMEN,2,2026-08-09
19,NUEVO LEON,2025-03,LOCALIZADA_CON_VIDA,HOMBRE,19012,CIÉNEGA DE FLORES,4,2026-08-09
19,NUEVO LEON,2025-03,LOCALIZADA_CON_VIDA,MUJER,19012,CIÉNEGA DE FLORES,1,2026-08-09
19,NUEVO LEON,2025-03,LOCALIZADA_CON_VIDA,HOMBRE,19018,GARCÍA,5,2026-08-09
19,NUEVO LEON,2025-03,LOCALIZADA_CON_VIDA,MUJER,19018,GARCÍA,8,2026-08-09
19,NUEVO LEON,2025-03,LOCALIZADA_CON_VIDA,MUJER,19019,SAN PEDRO GARZA GARCÍA,4,2026-08-09
19,NUEVO LEON,2025-03,LOCALIZADA_CON_VIDA,MUJER,19020,GRAL. BRAVO,1,2026-08-09
19,NUEVO LEON,2025-03,LOCALIZADA_CON_VIDA,HOMBRE,19021,GRAL. ESCOBEDO,10,2026-08-09
19,NUEVO LEON,2025-03,LOCALIZADA_CON_VIDA,MUJER,19021,GRAL. ESCOBEDO,6,2026-08-09
19,NUEVO LEON,2025-03,LOCALIZADA_CON_VIDA,MUJER,19024,GRAL. ZARAGOZA,1,2026-08-09
19,NUEVO LEON,2025-03,LOCALIZADA_CON_VIDA,HOMBRE,19025,GRAL. ZUAZUA,1,2026-08-09
19,NUEVO LEON,2025-03,LOCALIZADA_CON_VIDA,MUJER,19025,GRAL. ZUAZUA,3,2026-08-09
19,NUEVO LEON,2025-03,LOCALIZADA_CON_VIDA,HOMBRE,19026,GUADALUPE,8,2026-08-09
19,NUEVO LEON,2025-03,LOCALIZADA_CON_VIDA,MUJER,19026,GUADALUPE,7,2026-08-09
19,NUEVO LEON,2025-03,LOCALIZADA_CON_VIDA,HOMBRE,19028,HIGUERAS,2,2026-08-09
19,NUEVO LEON,2025-03,LOCALIZADA_CON_VIDA,MUJER,19028,HIGUERAS,2,2026-08-09
19,NUEVO LEON,2025-03,LOCALIZADA_CON_VIDA,HOMBRE,19031,JUÁREZ,5,2026-08-09
19,NUEVO LEON,2025-03,LOCALIZADA_CON_VIDA,MUJER,19031,JUÁREZ,12,2026-08-09
19,NUEVO LEON,2025-03,LOCALIZADA_CON_VIDA,HOMBRE,19033,LINARES,1,2026-08-09
19,NUEVO LEON,2025-03,LOCALIZADA_CON_VIDA,HOMBRE,19038,MONTEMORELOS,4,2026-08-09
19,NUEVO LEON,2025-03,LOCALIZADA_CON_VIDA,HOMBRE,19039,MONTERREY,24,2026-08-09
19,NUEVO LEON,2025-03,LOCALIZADA_CON_VIDA,MUJER,19039,MONTERREY,15,2026-08-09
19,NUEVO LEON,2025-03,LOCALIZADA_CON_VIDA,HOMBRE,19041,PESQUERÍA,3,2026-08-09
19,NUEVO LEON,2025-03,LOCALIZADA_CON_VIDA,MUJER,19041,PESQUERÍA,9,2026-08-09
19,NUEVO LEON,2025-03,LOCALIZADA_CON_VIDA,HOMBRE,19044,SABINAS HIDALGO,1,2026-08-09
19,NUEVO LEON,2025-03,LOCALIZADA_CON_VIDA,HOMBRE,19045,SALINAS VICTORIA,3,2026-08-09
19,NUEVO LEON,2025-03,LOCALIZADA_CON_VIDA,MUJER,19045,SALINAS VICTORIA,2,2026-08-09
19,NUEVO LEON,2025-03,LOCALIZADA_CON_VIDA,HOMBRE,19046,SAN NICOLÁS DE LOS GARZA,1,2026-08-09
19,NUEVO LEON,2025-03,LOCALIZADA_CON_VIDA,MUJER,19046,SAN NICOLÁS DE LOS GARZA,4,2026-08-09
19,NUEVO LEON,2025-03,LOCALIZADA_CON_VIDA,HOMBRE,19048,SANTA CATARINA,5,2026-08-09
19,NUEVO LEON,2025-03,LOCALIZADA_CON_VIDA,MUJER,19048,SANTA CATARINA,9,2026-08-09
19,NUEVO LEON,2025-03,LOCALIZADA_SIN_VIDA,HOMBRE,19006,APODACA,1,2026-08-09
19,NUEVO LEON,2025-03,LOCALIZADA_SIN_VIDA,HOMBRE,19009,CADEREYTA JIMÉNEZ,1,2026-08-09
19,NUEVO LEON,2025-03,LOCALIZADA_SIN_VIDA,HOMBRE,19011,CERRALVO,1,2026-08-09
19,NUEVO LEON,2025-03,LOCALIZADA_SIN_VIDA,HOMBRE,19017,GALEANA,1,2026-08-09
19,NUEVO LEON,2025-03,LOCALIZADA_SIN_VIDA,HOMBRE,19020,GRAL. BRAVO,1,2026-08-09
19,NUEVO LEON,2025-03,LOCALIZADA_SIN_VIDA,HOMBRE,19021,GRAL. ESCOBEDO,2,2026-08-09
19,NUEVO LEON,2025-03,LOCALIZADA_SIN_VIDA,HOMBRE,19026,GUADALUPE,2,2026-08-09
19,NUEVO LEON,2025-03,LOCALIZADA_SIN_VIDA,HOMBRE,19031,JUÁREZ,1,2026-08-09
19,NUEVO LEON,2025-03,LOCALIZADA_SIN_VIDA,MUJER,19031,JUÁREZ,1,2026-08-09
19,NUEVO LEON,2025-03,LOCALIZADA_SIN_VIDA,MUJER,19033,LINARES,1,2026-08-09
19,NUEVO LEON,2025-03,LOCALIZADA_SIN_VIDA,HOMBRE,19039,MONTERREY,2,2026-08-09
19,NUEVO LEON,2025-03,LOCALIZADA_SIN_VIDA,MUJER,19039,MONTERREY,1,2026-08-09
19,NUEVO LEON,2025-03,LOCALIZADA_SIN_VIDA,HOMBRE,19046,SAN NICOLÁS DE LOS GARZA,2,2026-08-09
19,NUEVO LEON,2025-03,LOCALIZADA_SIN_VIDA,HOMBRE,19049,SANTIAGO,1,2026-08-09
20,OAXACA,2025-03,DESAPARECIDA_O_NO_LOCALIZADA,MUJER,20298,SAN PABLO VILLA DE MITLA,1,2026-08-09
20,OAXACA,2025-03,DESAPARECIDA_O_NO_LOCALIZADA,MUJER,20318,SAN PEDRO MIXTEPEC-JUQUILA,1,2026-08-09
20,OAXACA,2025-03,DESAPARECIDA_O_NO_LOCALIZADA,HOMBRE,20515,SANTO DOMINGO TEHUANTEPEC,1,2026-08-09
21,PUEBLA,2025-03,DESAPARECIDA_O_NO_LOCALIZADA,HOMBRE,21004,ACATZINGO,1,2026-08-09
21,PUEBLA,2025-03,DESAPARECIDA_O_NO_LOCALIZADA,HOMBRE,21026,CALPAN,1,2026-08-09
21,PUEBLA,2025-03,DESAPARECIDA_O_NO_LOCALIZADA,HOMBRE,21034,CORONANGO,1,2026-08-09
21,PUEBLA,2025-03,DESAPARECIDA_O_NO_LOCALIZADA,HOMBRE,21041,CUAUTLANCINGO,1,2026-08-09
21,PUEBLA,2025-03,DESAPARECIDA_O_NO_LOCALIZADA,HOMBRE,21071,HUAUCHINANGO,1,2026-08-09
21,PUEBLA,2025-03,DESAPARECIDA_O_NO_LOCALIZADA,HOMBRE,21078,HUITZILAN DE SERDÁN,1,2026-08-09
21,PUEBLA,2025-03,DESAPARECIDA_O_NO_LOCALIZADA,HOMBRE,21114,PUEBLA,2,2026-08-09
21,PUEBLA,2025-03,DESAPARECIDA_O_NO_LOCALIZADA,MUJER,21114,PUEBLA,2,2026-08-09
21,PUEBLA,2025-03,DESAPARECIDA_O_NO_LOCALIZADA,HOMBRE,21118,LOS REYES DE JUÁREZ,1,2026-08-09
21,PUEBLA,2025-03,DESAPARECIDA_O_NO_LOCALIZADA,HOMBRE,21119,SAN ANDRÉS CHOLULA,1,2026-08-09
21,PUEBLA,2025-03,DESAPARECIDA_O_NO_LOCALIZADA,HOMBRE,21143,SAN SALVADOR EL VERDE,1,2026-08-09
21,PUEBLA,2025-03,DESAPARECIDA_O_NO_LOCALIZADA,MUJER,21149,SANTIAGO MIAHUATLÁN,1,2026-08-09
21,PUEBLA,2025-03,DESAPARECIDA_O_NO_LOCALIZADA,HOMBRE,21154,TECAMACHALCO,1,2026-08-09
21,PUEBLA,2025-03,DESAPARECIDA_O_NO_LOCALIZADA,MUJER,21161,TEPANCO DE LÓPEZ,1,2026-08-09
21,PUEBLA,2025-03,DESAPARECIDA_O_NO_LOCALIZADA,HOMBRE,21194,VENUSTIANO CARRANZA,1,2026-08-09
21,PUEBLA,2025-03,LOCALIZADA_CON_VIDA,MUJER,21001,ACAJETE,1,2026-08-09
21,PUEBLA,2025-03,LOCALIZADA_CON_VIDA,HOMBRE,21002,ACATENO,1,2026-08-09
21,PUEBLA,2025-03,LOCALIZADA_CON_VIDA,HOMBRE,21013,ALTEPEXI,1,2026-08-09
21,PUEBLA,2025-03,LOCALIZADA_CON_VIDA,MUJER,21016,AQUIXTLA,1,2026-08-09
21,PUEBLA,2025-03,LOCALIZADA_CON_VIDA,HOMBRE,21017,ATEMPAN,2,2026-08-09
21,PUEBLA,2025-03,LOCALIZADA_CON_VIDA,MUJER,21017,ATEMPAN,1,2026-08-09
21,PUEBLA,2025-03,LOCALIZADA_CON_VIDA,MUJER,21019,ATLIXCO,2,2026-08-09
21,PUEBLA,2025-03,LOCALIZADA_CON_VIDA,HOMBRE,21034,CORONANGO,3,2026-08-09
21,PUEBLA,2025-03,LOCALIZADA_CON_VIDA,MUJER,21034,CORONANGO,1,2026-08-09
21,PUEBLA,2025-03,LOCALIZADA_CON_VIDA,MUJER,21035,COXCATLÁN,1,2026-08-09
21,PUEBLA,2025-03,LOCALIZADA_CON_VIDA,HOMBRE,21040,CUAUTINCHÁN,1,2026-08-09
21,PUEBLA,2025-03,LOCALIZADA_CON_VIDA,HOMBRE,21041,CUAUTLANCINGO,3,2026-08-09
21,PUEBLA,2025-03,LOCALIZADA_CON_VIDA,MUJER,21041,CUAUTLANCINGO,3,2026-08-09
21,PUEBLA,2025-03,LOCALIZADA_CON_VIDA,HOMBRE,21045,CHALCHICOMULA DE SESMA,1,2026-08-09
21,PUEBLA,2025-03,LOCALIZADA_CON_VIDA,MUJER,21045,CHALCHICOMULA DE SESMA,2,2026-08-09
21,PUEBLA,2025-03,LOCALIZADA_CON_VIDA,MUJER,21054,CHIGNAUTLA,1,2026-08-09
21,PUEBLA,2025-03,LOCALIZADA_CON_VIDA,MUJER,21069,HUAQUECHULA,1,2026-08-09
21,PUEBLA,2025-03,LOCALIZADA_CON_VIDA,HOMBRE,21074,HUEJOTZINGO,2,2026-08-09
21,PUEBLA,2025-03,LOCALIZADA_CON_VIDA,MUJER,21074,HUEJOTZINGO,1,2026-08-09
21,PUEBLA,2025-03,LOCALIZADA_CON_VIDA,MUJER,21083,IXTACAMAXTITLÁN,1,2026-08-09
21,PUEBLA,2025-03,LOCALIZADA_CON_VIDA,HOMBRE,21085,IZÚCAR DE MATAMOROS,5,2026-08-09
21,PUEBLA,2025-03,LOCALIZADA_CON_VIDA,MUJER,21085,IZÚCAR DE MATAMOROS,3,2026-08-09
21,PUEBLA,2025-03,LOCALIZADA_CON_VIDA,HOMBRE,21091,JUAN GALINDO,1,2026-08-09
21,PUEBLA,2025-03,LOCALIZADA_CON_VIDA,HOMBRE,21092,JUAN N. MÉNDEZ,1,2026-08-09
21,PUEBLA,2025-03,LOCALIZADA_CON_VIDA,MUJER,21092,JUAN N. MÉNDEZ,2,2026-08-09
21,PUEBLA,2025-03,LOCALIZADA_CON_VIDA,MUJER,21104,NOPALUCAN,1,2026-08-09
21,PUEBLA,2025-03,LOCALIZADA_CON_VIDA,MUJER,21108,ORIENTAL,1,2026-08-09
21,PUEBLA,2025-03,LOCALIZADA_CON_VIDA,HOMBRE,21110,PALMAR DE BRAVO,1,2026-08-09
21,PUEBLA,2025-03,LOCALIZADA_CON_VIDA,HOMBRE,21114,PUEBLA,28,2026-08-09
21,PUEBLA,2025-03,LOCALIZADA_CON_VIDA,MUJER,21114,PUEBLA,38,2026-08-09
21,PUEBLA,2025-03,LOCALIZADA_CON_VIDA,HOMBRE,21118,LOS REYES DE JUÁREZ,2,2026-08-09
21,PUEBLA,2025-03,LOCALIZADA_CON_VIDA,MUJER,21118,LOS REYES DE JUÁREZ,2,2026-08-09
21,PUEBLA,2025-03,LOCALIZADA_CON_VIDA,HOMBRE,21119,SAN ANDRÉS CHOLULA,2,2026-08-09
21,PUEBLA,2025-03,LOCALIZADA_CON_VIDA,MUJER,21119,SAN ANDRÉS CHOLULA,1,2026-08-09
21,PUEBLA,2025-03,LOCALIZADA_CON_VIDA,HOMBRE,21132,SAN MARTÍN TEXMELUCAN,2,2026-08-09
21,PUEBLA,2025-03,LOCALIZADA_CON_VIDA,MUJER,21132,SAN MARTÍN TEXMELUCAN,1,2026-08-09
21,PUEBLA,2025-03,LOCALIZADA_CON_VIDA,MUJER,21134,SAN MATÍAS TLALANCALECA,1,2026-08-09
21,PUEBLA,2025-03,LOCALIZADA_CON_VIDA,HOMBRE,21140,SAN PEDRO CHOLULA,4,2026-08-09
21,PUEBLA,2025-03,LOCALIZADA_CON_VIDA,MUJER,21140,SAN PEDRO CHOLULA,3,2026-08-09
21,PUEBLA,2025-03,LOCALIZADA_CON_VIDA,MUJER,21148,SANTA ISABEL CHOLULA,2,2026-08-09
21,PUEBLA,2025-03,LOCALIZADA_CON_VIDA,HOMBRE,21149,SANTIAGO MIAHUATLÁN,1,2026-08-09
21,PUEBLA,2025-03,LOCALIZADA_CON_VIDA,MUJER,21149,SANTIAGO MIAHUATLÁN,1,2026-08-09
21,PUEBLA,2025-03,LOCALIZADA_CON_VIDA,HOMBRE,21154,TECAMACHALCO,2,2026-08-09
21,PUEBLA,2025-03,LOCALIZADA_CON_VIDA,HOMBRE,21156,TEHUACÁN,4,2026-08-09
21,PUEBLA,2025-03,LOCALIZADA_CON_VIDA,MUJER,21156,TEHUACÁN,4,2026-08-09
21,PUEBLA,2025-03,LOCALIZADA_CON_VIDA,HOMBRE,21163,TEPATLAXCO DE HIDALGO,1,2026-08-09
21,PUEBLA,2025-03,LOCALIZADA_CON_VIDA,MUJER,21163,TEPATLAXCO DE HIDALGO,1,2026-08-09
21,PUEBLA,2025-03,LOCALIZADA_CON_VIDA,HOMBRE,21164,TEPEACA,1,2026-08-09
21,PUEBLA,2025-03,LOCALIZADA_CON_VIDA,MUJER,21174,TEZIUTLÁN,1,2026-08-09
21,PUEBLA,2025-03,LOCALIZADA_CON_VIDA,HOMBRE,21176,TILAPA,1,2026-08-09
21,PUEBLA,2025-03,LOCALIZADA_CON_VIDA,MUJER,21177,TLACOTEPEC DE BENITO JUÁREZ,1,2026-08-09
21,PUEBLA,2025-03,LOCALIZADA_CON_VIDA,MUJER,21195,VICENTE GUERRERO,1,2026-08-09
21,PUEBLA,2025-03,LOCALIZADA_CON_VIDA,MUJER,21197,XICOTEPEC,1,2026-08-09
21,PUEBLA,2025-03,LOCALIZADA_CON_VIDA,HOMBRE,21205,YEHUALTEPEC,1,2026-08-09
21,PUEBLA,2025-03,LOCALIZADA_CON_VIDA,HOMBRE,21208,ZACATLÁN,1,2026-08-09
21,PUEBLA,2025-03,LOCALIZADA_CON_VIDA,HOMBRE,21209,ZAPOTITLÁN,1,2026-08-09
21,PUEBLA,2025-03,LOCALIZADA_SIN_VIDA,HOMBRE,21034,CORONANGO,3,2026-08-09
21,PUEBLA,2025-03,LOCALIZADA_SIN_VIDA,HOMBRE,21041,CUAUTLANCINGO,1,2026-08-09
21,PUEBLA,2025-03,LOCALIZADA_SIN_VIDA,HOMBRE,21051,CHIETLA,1,2026-08-09
21,PUEBLA,2025-03,LOCALIZADA_SIN_VIDA,HOMBRE,21114,PUEBLA,5,2026-08-09
21,PUEBLA,2025-03,LOCALIZADA_SIN_VIDA,HOMBRE,21132,SAN MARTÍN TEXMELUCAN,1,2026-08-09
21,PUEBLA,2025-03,LOCALIZADA_SIN_VIDA,HOMBRE,21140,SAN PEDRO CHOLULA,1,2026-08-09
21,PUEBLA,2025-03,LOCALIZADA_SIN_VIDA,HOMBRE,21144,SAN SALVADOR HUIXCOLOTLA,1,2026-08-09
21,PUEBLA,2025-03,LOCALIZADA_SIN_VIDA,HOMBRE,21180,TLAHUAPAN,3,2026-08-09
21,PUEBLA,2025-03,LOCALIZADA_SIN_VIDA,MUJER,21208,ZACATLÁN,1,2026-08-09
22,QUERETARO,2025-03,DESAPARECIDA_O_NO_LOCALIZADA,HOMBRE,22004,CADEREYTA DE MONTES,1,2026-08-09
22,QUERETARO,2025-03,DESAPARECIDA_O_NO_LOCALIZADA,HOMBRE,22006,CORREGIDORA,1,2026-08-09
22,QUERETARO,2025-03,DESAPARECIDA_O_NO_LOCALIZADA,HOMBRE,22008,HUIMILPAN,2,2026-08-09
22,QUERETARO,2025-03,DESAPARECIDA_O_NO_LOCALIZADA,HOMBRE,22014,QUERÉTARO,1,2026-08-09
22,QUERETARO,2025-03,DESAPARECIDA_O_NO_LOCALIZADA,MUJER,22014,QUERÉTARO,1,2026-08-09
22,QUERETARO,2025-03,DESAPARECIDA_O_NO_LOCALIZADA,HOMBRE,22016,SAN JUAN DEL RÍO,4,2026-08-09
22,QUERETARO,2025-03,DESAPARECIDA_O_NO_LOCALIZADA,MUJER,22016,SAN JUAN DEL RÍO,1,2026-08-09
22,QUERETARO,2025-03,DESAPARECIDA_O_NO_LOCALIZADA,HOMBRE,22018,TOLIMÁN,1,2026-08-09
22,QUERETARO,2025-03,LOCALIZADA_CON_VIDA,HOMBRE,22001,AMEALCO DE BONFIL,3,2026-08-09
22,QUERETARO,2025-03,LOCALIZADA_CON_VIDA,HOMBRE,22006,CORREGIDORA,1,2026-08-09
22,QUERETARO,2025-03,LOCALIZADA_CON_VIDA,MUJER,22006,CORREGIDORA,2,2026-08-09
22,QUERETARO,2025-03,LOCALIZADA_CON_VIDA,HOMBRE,22014,QUERÉTARO,5,2026-08-09
22,QUERETARO,2025-03,LOCALIZADA_CON_VIDA,MUJER,22014,QUERÉTARO,2,2026-08-09
22,QUERETARO,2025-03,LOCALIZADA_CON_VIDA,HOMBRE,22016,SAN JUAN DEL RÍO,1,2026-08-09
22,QUERETARO,2025-03,LOCALIZADA_CON_VIDA,MUJER,22016,SAN JUAN DEL RÍO,2,2026-08-09
22,QUERETARO,2025-03,LOCALIZADA_CON_VIDA,MUJER,22017,TEQUISQUIAPAN,1,2026-08-09
22,QUERETARO,2025-03,LOCALIZADA_SIN_VIDA,HOMBRE,22001,AMEALCO DE BONFIL,1,2026-08-09
22,QUERETARO,2025-03,LOCALIZADA_SIN_VIDA,HOMBRE,22006,CORREGIDORA,1,2026-08-09
22,QUERETARO,2025-03,LOCALIZADA_SIN_VIDA,HOMBRE,22014,QUERÉTARO,4,2026-08-09
23,QUINTANA ROO,2025-03,DESAPARECIDA_O_NO_LOCALIZADA,HOMBRE,23001,COZUMEL,1,2026-08-09
23,QUINTANA ROO,2025-03,DESAPARECIDA_O_NO_LOCALIZADA,HOMBRE,23002,FELIPE CARRILLO PUERTO,3,2026-08-09
23,QUINTANA ROO,2025-03,DESAPARECIDA_O_NO_LOCALIZADA,MUJER,23002,FELIPE CARRILLO PUERTO,1,2026-08-09
23,QUINTANA ROO,2025-03,DESAPARECIDA_O_NO_LOCALIZADA,HOMBRE,23003,ISLA MUJERES,1,2026-08-09
23,QUINTANA ROO,2025-03,DESAPARECIDA_O_NO_LOCALIZADA,HOMBRE,23004,OTHÓN P. BLANCO,6,2026-08-09
23,QUINTANA ROO,2025-03,DESAPARECIDA_O_NO_LOCALIZADA,MUJER,23004,OTHÓN P. BLANCO,1,2026-08-09
23,QUINTANA ROO,2025-03,DESAPARECIDA_O_NO_LOCALIZADA,HOMBRE,23005,BENITO JUÁREZ,9,2026-08-09
23,QUINTANA ROO,2025-03,DESAPARECIDA_O_NO_LOCALIZADA,MUJER,23005,BENITO JUÁREZ,4,2026-08-09
23,QUINTANA ROO,2025-03,DESAPARECIDA_O_NO_LOCALIZADA,HOMBRE,23008,SOLIDARIDAD,5,2026-08-09
23,QUINTANA ROO,2025-03,DESAPARECIDA_O_NO_LOCALIZADA,MUJER,23008,SOLIDARIDAD,4,2026-08-09
23,QUINTANA ROO,2025-03,DESAPARECIDA_O_NO_LOCALIZADA,HOMBRE,23010,BACALAR,1,2026-08-09
23,QUINTANA ROO,2025-03,DESAPARECIDA_O_NO_LOCALIZADA,HOMBRE,23011,PUERTO MORELOS,1,2026-08-09
23,QUINTANA ROO,2025-03,DESAPARECIDA_O_NO_LOCALIZADA,MUJER,23012,TULUM,1,2026-08-09
23,QUINTANA ROO,2025-03,LOCALIZADA_CON_VIDA,HOMBRE,23001,COZUMEL,2,2026-08-09
23,QUINTANA ROO,2025-03,LOCALIZADA_CON_VIDA,HOMBRE,23002,FELIPE CARRILLO PUERTO,1,2026-08-09
23,QUINTANA ROO,2025-03,LOCALIZADA_CON_VIDA,MUJER,23003,ISLA MUJERES,1,2026-08-09
23,QUINTANA ROO,2025-03,LOCALIZADA_CON_VIDA,HOMBRE,23004,OTHÓN P. BLANCO,1,2026-08-09
23,QUINTANA ROO,2025-03,LOCALIZADA_CON_VIDA,HOMBRE,23005,BENITO JUÁREZ,31,2026-08-09
23,QUINTANA ROO,2025-03,LOCALIZADA_CON_VIDA,MUJER,23005,BENITO JUÁREZ,17,2026-08-09
23,QUINTANA ROO,2025-03,LOCALIZADA_CON_VIDA,HOMBRE,23008,SOLIDARIDAD,12,2026-08-09
23,QUINTANA ROO,2025-03,LOCALIZADA_CON_VIDA,MUJER,23008,SOLIDARIDAD,11,2026-08-09
23,QUINTANA ROO,2025-03,LOCALIZADA_CON_VIDA,HOMBRE,23011,PUERTO MORELOS,1,2026-08-09
23,QUINTANA ROO,2025-03,LOCALIZADA_CON_VIDA,HOMBRE,23012,TULUM,1,2026-08-09
23,QUINTANA ROO,2025-03,LOCALIZADA_SIN_VIDA,HOMBRE,23005,BENITO JUÁREZ,4,2026-08-09
23,QUINTANA ROO,2025-03,LOCALIZADA_SIN_VIDA,MUJER,23005,BENITO JUÁREZ,1,2026-08-09
23,QUINTANA ROO,2025-03,LOCALIZADA_SIN_VIDA,HOMBRE,23008,SOLIDARIDAD,1,2026-08-09
23,QUINTANA ROO,2025-03,LOCALIZADA_SIN_VIDA,HOMBRE,23011,PUERTO MORELOS,2,2026-08-09
23,QUINTANA ROO,2025-03,LOCALIZADA_SIN_VIDA,HOMBRE,23012,TULUM,1,2026-08-09
24,SAN LUIS POTOSI,2025-03,DESAPARECIDA_O_NO_LOCALIZADA,HOMBRE,24010,CIUDAD DEL MAÍZ,1,2026-08-09
24,SAN LUIS POTOSI,2025-03,DESAPARECIDA_O_NO_LOCALIZADA,HOMBRE,24013,CIUDAD VALLES,8,2026-08-09
24,SAN LUIS POTOSI,2025-03,DESAPARECIDA_O_NO_LOCALIZADA,HOMBRE,24020,MATEHUALA,1,2026-08-09
24,SAN LUIS POTOSI,2025-03,DESAPARECIDA_O_NO_LOCALIZADA,HOMBRE,24028,SAN LUIS POTOSÍ,2,2026-08-09
24,SAN LUIS POTOSI,2025-03,DESAPARECIDA_O_NO_LOCALIZADA,HOMBRE,24036,TAMASOPO,3,2026-08-09
24,SAN LUIS POTOSI,2025-03,DESAPARECIDA_O_NO_LOCALIZADA,HOMBRE,24042,TANQUIÁN DE ESCOBEDO,1,2026-08-09
24,SAN LUIS POTOSI,2025-03,DESAPARECIDA_O_NO_LOCALIZADA,HOMBRE,24050,VILLA DE REYES,2,2026-08-09
24,SAN LUIS POTOSI,2025-03,LOCALIZADA_CON_VIDA,HOMBRE,24003,AQUISMÓN,1,2026-08-09
24,SAN LUIS POTOSI,2025-03,LOCALIZADA_CON_VIDA,HOMBRE,24007,CEDRAL,1,2026-08-09
24,SAN LUIS POTOSI,2025-03,LOCALIZADA_CON_VIDA,HOMBRE,24013,CIUDAD VALLES,7,2026-08-09
24,SAN LUIS POTOSI,2025-03,LOCALIZADA_CON_VIDA,MUJER,24013,CIUDAD VALLES,3,2026-08-09
24,SAN LUIS POTOSI,2025-03,LOCALIZADA_CON_VIDA,HOMBRE,24024,RIOVERDE,1,2026-08-09
24,SAN LUIS POTOSI,2025-03,LOCALIZADA_CON_VIDA,MUJER,24024,RIOVERDE,1,2026-08-09
24,SAN LUIS POTOSI,2025-03,LOCALIZADA_CON_VIDA,HOMBRE,24028,SAN LUIS POTOSÍ,7,2026-08-09
24,SAN LUIS POTOSI,2025-03,LOCALIZADA_CON_VIDA,MUJER,24028,SAN LUIS POTOSÍ,4,2026-08-09
24,SAN LUIS POTOSI,2025-03,LOCALIZADA_CON_VIDA,HOMBRE,24032,SANTA MARÍA DEL RÍO,1,2026-08-09
24,SAN LUIS POTOSI,2025-03,LOCALIZADA_CON_VIDA,MUJER,24034,SAN VICENTE TANCUAYALAB,1,2026-08-09
24,SAN LUIS POTOSI,2025-03,LOCALIZADA_CON_VIDA,HOMBRE,24035,SOLEDAD DE GRACIANO SÁNCHEZ,2,2026-08-09
24,SAN LUIS POTOSI,2025-03,LOCALIZADA_CON_VIDA,MUJER,24037,TAMAZUNCHALE,1,2026-08-09
24,SAN LUIS POTOSI,2025-03,LOCALIZADA_CON_VIDA,HOMBRE,24040,TAMUÍN,2,2026-08-09
24,SAN LUIS POTOSI,2025-03,LOCALIZADA_CON_VIDA,MUJER,24051,VILLA HIDALGO,1,2026-08-09
24,SAN LUIS POTOSI,2025-03,LOCALIZADA_SIN_VIDA,HOMBRE,24028,SAN LUIS POTOSÍ,1,2026-08-09
25,SINALOA,2025-03,DESAPARECIDA_O_NO_LOCALIZADA,HOMBRE,,SIN MUNICIPIO DE REFERENCIA,1,2026-08-09
25,SINALOA,2025-03,DESAPARECIDA_O_NO_LOCALIZADA,HOMBRE,25001,AHOME,1,2026-08-09
25,SINALOA,2025-03,DESAPARECIDA_O_NO_LOCALIZADA,HOMBRE,25004,CONCORDIA,1,2026-08-09
25,SINALOA,2025-03,DESAPARECIDA_O_NO_LOCALIZADA,MUJER,25004,CONCORDIA,1,2026-08-09
25,SINALOA,2025-03,DESAPARECIDA_O_NO_LOCALIZADA,HOMBRE,25006,CULIACÁN,38,2026-08-09
25,SINALOA,2025-03,DESAPARECIDA_O_NO_LOCALIZADA,HOMBRE,25008,ELOTA,7,2026-08-09
25,SINALOA,2025-03,DESAPARECIDA_O_NO_LOCALIZADA,MUJER,25008,ELOTA,1,2026-08-09
25,SINALOA,2025-03,DESAPARECIDA_O_NO_LOCALIZADA,HOMBRE,25009,ESCUINAPA,3,2026-08-09
25,SINALOA,2025-03,DESAPARECIDA_O_NO_LOCALIZADA,HOMBRE,25010,EL FUERTE,1,2026-08-09
25,SINALOA,2025-03,DESAPARECIDA_O_NO_LOCALIZADA,HOMBRE,25011,GUASAVE,1,2026-08-09
25,SINALOA,2025-03,DESAPARECIDA_O_NO_LOCALIZADA,HOMBRE,25012,MAZATLÁN,23,2026-08-09
25,SINALOA,2025-03,DESAPARECIDA_O_NO_LOCALIZADA,MUJER,25012,MAZATLÁN,3,2026-08-09
25,SINALOA,2025-03,DESAPARECIDA_O_NO_LOCALIZADA,HOMBRE,25014,ROSARIO,1,2026-08-09
25,SINALOA,2025-03,DESAPARECIDA_O_NO_LOCALIZADA,HOMBRE,25015,SALVADOR ALVARADO,1,2026-08-09
25,SINALOA,2025-03,DESAPARECIDA_O_NO_LOCALIZADA,MUJER,25015,SALVADOR ALVARADO,1,2026-08-09
25,SINALOA,2025-03,DESAPARECIDA_O_NO_LOCALIZADA,HOMBRE,25018,NAVOLATO,10,2026-08-09
25,SINALOA,2025-03,LOCALIZADA_CON_VIDA,HOMBRE,25001,AHOME,3,2026-08-09
25,SINALOA,2025-03,LOCALIZADA_CON_VIDA,MUJER,25001,AHOME,1,2026-08-09
25,SINALOA,2025-03,LOCALIZADA_CON_VIDA,HOMBRE,25002,ANGOSTURA,1,2026-08-09
25,SINALOA,2025-03,LOCALIZADA_CON_VIDA,HOMBRE,25006,CULIACÁN,15,2026-08-09
25,SINALOA,2025-03,LOCALIZADA_CON_VIDA,MUJER,25006,CULIACÁN,2,2026-08-09
25,SINALOA,2025-03,LOCALIZADA_CON_VIDA,HOMBRE,25011,GUASAVE,2,2026-08-09
25,SINALOA,2025-03,LOCALIZADA_CON_VIDA,HOMBRE,25012,MAZATLÁN,5,2026-08-09
25,SINALOA,2025-03,LOCALIZADA_CON_VIDA,MUJER,25012,MAZATLÁN,1,2026-08-09
25,SINALOA,2025-03,LOCALIZADA_CON_VIDA,HOMBRE,25017,SINALOA,1,2026-08-09
25,SINALOA,2025-03,LOCALIZADA_CON_VIDA,HOMBRE,25018,NAVOLATO,3,2026-08-09
25,SINALOA,2025-03,LOCALIZADA_CON_VIDA,MUJER,25018,NAVOLATO,1,2026-08-09
25,SINALOA,2025-03,LOCALIZADA_SIN_VIDA,HOMBRE,25001,AHOME,2,2026-08-09
25,SINALOA,2025-03,LOCALIZADA_SIN_VIDA,HOMBRE,25006,CULIACÁN,6,2026-08-09
25,SINALOA,2025-03,LOCALIZADA_SIN_VIDA,MUJER,25006,CULIACÁN,1,2026-08-09
25,SINALOA,2025-03,LOCALIZADA_SIN_VIDA,HOMBRE,25011,GUASAVE,1,2026-08-09
25,SINALOA,2025-03,LOCALIZADA_SIN_VIDA,HOMBRE,25014,ROSARIO,1,2026-08-09
25,SINALOA,2025-03,LOCALIZADA_SIN_VIDA,MUJER,25018,NAVOLATO,1,2026-08-09
26,SONORA,2025-03,DESAPARECIDA_O_NO_LOCALIZADA,HOMBRE,26004,ALTAR,3,2026-08-09
26,SONORA,2025-03,DESAPARECIDA_O_NO_LOCALIZADA,HOMBRE,26016,BENJAMÍN HILL,1,2026-08-09
26,SONORA,2025-03,DESAPARECIDA_O_NO_LOCALIZADA,HOMBRE,26017,CABORCA,5,2026-08-09
26,SONORA,2025-03,DESAPARECIDA_O_NO_LOCALIZADA,MUJER,26017,CABORCA,1,2026-08-09
26,SONORA,2025-03,DESAPARECIDA_O_NO_LOCALIZADA,HOMBRE,26018,CAJEME,9,2026-08-09
26,SONORA,2025-03,DESAPARECIDA_O_NO_LOCALIZADA,HOMBRE,26019,CANANEA,2,2026-08-09
26,SONORA,2025-03,DESAPARECIDA_O_NO_LOCALIZADA,HOMBRE,26025,EMPALME,1,2026-08-09
26,SONORA,2025-03,DESAPARECIDA_O_NO_LOCALIZADA,HOMBRE,26026,ETCHOJOA,1,2026-08-09
26,SONORA,2025-03,DESAPARECIDA_O_NO_LOCALIZADA,HOMBRE,26029,GUAYMAS,4,2026-08-09
26,SONORA,2025-03,DESAPARECIDA_O_NO_LOCALIZADA,MUJER,26029,GUAYMAS,1,2026-08-09
26,SONORA,2025-03,DESAPARECIDA_O_NO_LOCALIZADA,HOMBRE,26030,HERMOSILLO,15,2026-08-09
26,SONORA,2025-03,DESAPARECIDA_O_NO_LOCALIZADA,MUJER,26030,HERMOSILLO,1,2026-08-09
26,SONORA,2025-03,DESAPARECIDA_O_NO_LOCALIZADA,HOMBRE,26036,MAGDALENA,3,2026-08-09
26,SONORA,2025-03,DESAPARECIDA_O_NO_LOCALIZADA,MUJER,26036,MAGDALENA,1,2026-08-09
26,SONORA,2025-03,DESAPARECIDA_O_NO_LOCALIZADA,HOMBRE,26042,NAVOJOA,1,2026-08-09
26,SONORA,2025-03,DESAPARECIDA_O_NO_LOCALIZADA,HOMBRE,26043,NOGALES,8,2026-08-09
26,SONORA,2025-03,DESAPARECIDA_O_NO_LOCALIZADA,MUJER,26043,NOGALES,4,2026-08-09
26,SONORA,2025-03,DESAPARECIDA_O_NO_LOCALIZADA,HOMBRE,26048,PUERTO PEÑASCO,1,2026-08-09
26,SONORA,2025-03,DESAPARECIDA_O_NO_LOCALIZADA,HOMBRE,26055,SAN LUIS RÍO COLORADO,1,2026-08-09
26,SONORA,2025-03,DESAPARECIDA_O_NO_LOCALIZADA,MUJER,26055,SAN LUIS RÍO COLORADO,1,2026-08-09
26,SONORA,2025-03,DESAPARECIDA_O_NO_LOCALIZADA,HOMBRE,26064,TRINCHERAS,2,2026-08-09
26,SONORA,2025-03,DESAPARECIDA_O_NO_LOCALIZADA,HOMBRE,26066,URES,3,2026-08-09
26,SONORA,2025-03,DESAPARECIDA_O_NO_LOCALIZADA,HOMBRE,26072,SAN IGNACIO RÍO MUERTO,2,2026-08-09
26,SONORA,2025-03,LOCALIZADA_CON_VIDA,HOMBRE,26002,AGUA PRIETA,1,2026-08-09
26,SONORA,2025-03,LOCALIZADA_CON_VIDA,MUJER,26002,AGUA PRIETA,1,2026-08-09
26,SONORA,2025-03,LOCALIZADA_CON_VIDA,HOMBRE,26017,CABORCA,1,2026-08-09
26,SONORA,2025-03,LOCALIZADA_CON_VIDA,MUJER,26017,CABORCA,4,2026-08-09
26,SONORA,2025-03,LOCALIZADA_CON_VIDA,HOMBRE,26018,CAJEME,7,2026-08-09
26,SONORA,2025-03,LOCALIZADA_CON_VIDA,MUJER,26018,CAJEME,8,2026-08-09
26,SONORA,2025-03,LOCALIZADA_CON_VIDA,MUJER,26026,ETCHOJOA,1,2026-08-09
26,SONORA,2025-03,LOCALIZADA_CON_VIDA,HOMBRE,26027,FRONTERAS,1,2026-08-09
26,SONORA,2025-03,LOCALIZADA_CON_VIDA,HOMBRE,26029,GUAYMAS,4,2026-08-09
26,SONORA,2025-03,LOCALIZADA_CON_VIDA,MUJER,26029,GUAYMAS,1,2026-08-09
26,SONORA,2025-03,LOCALIZADA_CON_VIDA,HOMBRE,26030,HERMOSILLO,26,2026-08-09
26,SONORA,2025-03,LOCALIZADA_CON_VIDA,MUJER,26030,HERMOSILLO,20,2026-08-09
26,SONORA,2025-03,LOCALIZADA_CON_VIDA,HOMBRE,26033,HUATABAMPO,3,2026-08-09
26,SONORA,2025-03,LOCALIZADA_CON_VIDA,MUJER,26033,HUATABAMPO,1,2026-08-09
26,SONORA,2025-03,LOCALIZADA_CON_VIDA,HOMBRE,26036,MAGDALENA,1,2026-08-09
26,SONORA,2025-03,LOCALIZADA_CON_VIDA,HOMBRE,26042,NAVOJOA,3,2026-08-09
26,SONORA,2025-03,LOCALIZADA_CON_VIDA,MUJER,26042,NAVOJOA,2,2026-08-09
26,SONORA,2025-03,LOCALIZADA_CON_VIDA,HOMBRE,26043,NOGALES,10,2026-08-09
26,SONORA,2025-03,LOCALIZADA_CON_VIDA,MUJER,26043,NOGALES,3,2026-08-09
26,SONORA,2025-03,LOCALIZADA_CON_VIDA,HOMBRE,26048,PUERTO PEÑASCO,5,2026-08-09
26,SONORA,2025-03,LOCALIZADA_CON_VIDA,MUJER,26048,PUERTO PEÑASCO,1,2026-08-09
26,SONORA,2025-03,LOCALIZADA_CON_VIDA,HOMBRE,26055,SAN LUIS RÍO COLORADO,3,2026-08-09
26,SONORA,2025-03,LOCALIZADA_CON_VIDA,MUJER,26055,SAN LUIS RÍO COLORADO,1,2026-08-09
26,SONORA,2025-03,LOCALIZADA_CON_VIDA,MUJER,26058,SANTA ANA,2,2026-08-09
26,SONORA,2025-03,LOCALIZADA_CON_VIDA,MUJER,26071,BENITO JUÁREZ,1,2026-08-09
26,SONORA,2025-03,LOCALIZADA_SIN_VIDA,HOMBRE,26017,CABORCA,4,2026-08-09
26,SONORA,2025-03,LOCALIZADA_SIN_VIDA,MUJER,26017,CABORCA,1,2026-08-09
26,SONORA,2025-03,LOCALIZADA_SIN_VIDA,HOMBRE,26018,CAJEME,2,2026-08-09
26,SONORA,2025-03,LOCALIZADA_SIN_VIDA,HOMBRE,26030,HERMOSILLO,3,2026-08-09
26,SONORA,2025-03,LOCALIZADA_SIN_VIDA,HOMBRE,26043,NOGALES,3,2026-08-09
26,SONORA,2025-03,LOCALIZADA_SIN_VIDA,HOMBRE,26070,GENERAL PLUTARCO ELÍAS CALLES,1,2026-08-09
27,TABASCO,2025-03,DESAPARECIDA_O_NO_LOCALIZADA,HOMBRE,27002,CÁRDENAS,2,2026-08-09
27,TABASCO,2025-03,DESAPARECIDA_O_NO_LOCALIZADA,HOMBRE,27004,CENTRO,3,2026-08-09
27,TABASCO,2025-03,DESAPARECIDA_O_NO_LOCALIZADA,MUJER,27004,CENTRO,1,2026-08-09
27,TABASCO,2025-03,DESAPARECIDA_O_NO_LOCALIZADA,HOMBRE,27006,CUNDUACÁN,1,2026-08-09
27,TABASCO,2025-03,DESAPARECIDA_O_NO_LOCALIZADA,HOMBRE,27008,HUIMANGUILLO,1,2026-08-09
27,TABASCO,2025-03,DESAPARECIDA_O_NO_LOCALIZADA,MUJER,27008,HUIMANGUILLO,1,2026-08-09
27,TABASCO,2025-03,DESAPARECIDA_O_NO_LOCALIZADA,HOMBRE,27010,JALPA DE MÉNDEZ,1,2026-08-09
27,TABASCO,2025-03,DESAPARECIDA_O_NO_LOCALIZADA,HOMBRE,27014,PARAÍSO,1,2026-08-09
27,TABASCO,2025-03,DESAPARECIDA_O_NO_LOCALIZADA,HOMBRE,27016,TEAPA,1,2026-08-09
27,TABASCO,2025-03,LOCALIZADA_CON_VIDA,HOMBRE,27002,CÁRDENAS,1,2026-08-09
27,TABASCO,2025-03,LOCALIZADA_CON_VIDA,HOMBRE,27004,CENTRO,4,2026-08-09
27,TABASCO,2025-03,LOCALIZADA_CON_VIDA,MUJER,27004,CENTRO,11,2026-08-09
27,TABASCO,2025-03,LOCALIZADA_CON_VIDA,MUJER,27006,CUNDUACÁN,1,2026-08-09
27,TABASCO,2025-03,LOCALIZADA_CON_VIDA,HOMBRE,27008,HUIMANGUILLO,1,2026-08-09
27,TABASCO,2025-03,LOCALIZADA_CON_VIDA,MUJER,27008,HUIMANGUILLO,1,2026-08-09
27,TABASCO,2025-03,LOCALIZADA_CON_VIDA,HOMBRE,27013,NACAJUCA,1,2026-08-09
27,TABASCO,2025-03,LOCALIZADA_CON_VIDA,MUJER,27013,NACAJUCA,1,2026-08-09
27,TABASCO,2025-03,LOCALIZADA_SIN_VIDA,HOMBRE,27013,NACAJUCA,1,2026-08-09
27,TABASCO,2025-03,LOCALIZADA_SIN_VIDA,MUJER,27013,NACAJUCA,1,2026-08-09
28,TAMAULIPAS,2025-03,DESAPARECIDA_O_NO_LOCALIZADA,HOMBRE,28003,ALTAMIRA,4,2026-08-09
28,TAMAULIPAS,2025-03,DESAPARECIDA_O_NO_LOCALIZADA,HOMBRE,28007,CAMARGO,1,2026-08-09
28,TAMAULIPAS,2025-03,DESAPARECIDA_O_NO_LOCALIZADA,HOMBRE,28021,EL MANTE,1,2026-08-09
28,TAMAULIPAS,2025-03,DESAPARECIDA_O_NO_LOCALIZADA,HOMBRE,28022,MATAMOROS,2,2026-08-09
28,TAMAULIPAS,2025-03,DESAPARECIDA_O_NO_LOCALIZADA,MUJER,28022,MATAMOROS,1,2026-08-09
28,TAMAULIPAS,2025-03,DESAPARECIDA_O_NO_LOCALIZADA,HOMBRE,28027,NUEVO LAREDO,4,2026-08-09
28,TAMAULIPAS,2025-03,DESAPARECIDA_O_NO_LOCALIZADA,MUJER,28027,NUEVO LAREDO,1,2026-08-09
28,TAMAULIPAS,2025-03,DESAPARECIDA_O_NO_LOCALIZADA,HOMBRE,28032,REYNOSA,9,2026-08-09
28,TAMAULIPAS,2025-03,DESAPARECIDA_O_NO_LOCALIZADA,MUJER,28032,REYNOSA,3,2026-08-09
28,TAMAULIPAS,2025-03,DESAPARECIDA_O_NO_LOCALIZADA,HOMBRE,28033,RÍO BRAVO,1,2026-08-09
28,TAMAULIPAS,2025-03,DESAPARECIDA_O_NO_LOCALIZADA,HOMBRE,28038,TAMPICO,3,2026-08-09
28,TAMAULIPAS,2025-03,DESAPARECIDA_O_NO_LOCALIZADA,HOMBRE,28041,VICTORIA,2,2026-08-09
28,TAMAULIPAS,2025-03,DESAPARECIDA_O_NO_LOCALIZADA,MUJER,28041,VICTORIA,1,2026-08-09
28,TAMAULIPAS,2025-03,LOCALIZADA_CON_VIDA,HOMBRE,28003,ALTAMIRA,2,2026-08-09
28,TAMAULIPAS,2025-03,LOCALIZADA_CON_VIDA,MUJER,28003,ALTAMIRA,1,2026-08-09
28,TAMAULIPAS,2025-03,LOCALIZADA_CON_VIDA,HOMBRE,28008,CASAS,1,2026-08-09
28,TAMAULIPAS,2025-03,LOCALIZADA_CON_VIDA,MUJER,28009,CIUDAD MADERO,3,2026-08-09
28,TAMAULIPAS,2025-03,LOCALIZADA_CON_VIDA,HOMBRE,28020,MAINERO,1,2026-08-09
28,TAMAULIPAS,2025-03,LOCALIZADA_CON_VIDA,HOMBRE,28022,MATAMOROS,7,2026-08-09
28,TAMAULIPAS,2025-03,LOCALIZADA_CON_VIDA,MUJER,28022,MATAMOROS,3,2026-08-09
28,TAMAULIPAS,2025-03,LOCALIZADA_CON_VIDA,HOMBRE,28027,NUEVO LAREDO,12,2026-08-09
28,TAMAULIPAS,2025-03,LOCALIZADA_CON_VIDA,MUJER,28027,NUEVO LAREDO,1,2026-08-09
28,TAMAULIPAS,2025-03,LOCALIZADA_CON_VIDA,HOMBRE,28030,PADILLA,1,2026-08-09
28,TAMAULIPAS,2025-03,LOCALIZADA_CON_VIDA,HOMBRE,28032,REYNOSA,9,2026-08-09
28,TAMAULIPAS,2025-03,LOCALIZADA_CON_VIDA,MUJER,28032,REYNOSA,5,2026-08-09
28,TAMAULIPAS,2025-03,LOCALIZADA_CON_VIDA,HOMBRE,28038,TAMPICO,2,2026-08-09
28,TAMAULIPAS,2025-03,LOCALIZADA_CON_VIDA,MUJER,28038,TAMPICO,1,2026-08-09
28,TAMAULIPAS,2025-03,LOCALIZADA_CON_VIDA,HOMBRE,28040,VALLE HERMOSO,1,2026-08-09
28,TAMAULIPAS,2025-03,LOCALIZADA_CON_VIDA,MUJER,28041,VICTORIA,2,2026-08-09
28,TAMAULIPAS,2025-03,LOCALIZADA_SIN_VIDA,HOMBRE,28002,ALDAMA,1,2026-08-09
28,TAMAULIPAS,2025-03,LOCALIZADA_SIN_VIDA,HOMBRE,28032,REYNOSA,3,2026-08-09
28,TAMAULIPAS,2025-03,LOCALIZADA_SIN_VIDA,MUJER,28032,REYNOSA,4,2026-08-09
28,TAMAULIPAS,2025-03,LOCALIZADA_SIN_VIDA,HOMBRE,28037,SOTO LA MARINA,1,2026-08-09
29,TLAXCALA,2025-03,DESAPARECIDA_O_NO_LOCALIZADA,HOMBRE,29006,CALPULALPAN,1,2026-08-09
29,TLAXCALA,2025-03,LOCALIZADA_CON_VIDA,HOMBRE,29005,APIZACO,1,2026-08-09
29,TLAXCALA,2025-03,LOCALIZADA_CON_VIDA,MUJER,29010,CHIAUTEMPAN,2,2026-08-09
29,TLAXCALA,2025-03,LOCALIZADA_CON_VIDA,HOMBRE,29018,CONTLA DE JUAN CUAMATZI,1,2026-08-09
29,TLAXCALA,2025-03,LOCALIZADA_CON_VIDA,HOMBRE,29023,NATÍVITAS,1,2026-08-09
29,TLAXCALA,2025-03,LOCALIZADA_CON_VIDA,MUJER,29023,NATÍVITAS,3,2026-08-09
29,TLAXCALA,2025-03,LOCALIZADA_CON_VIDA,HOMBRE,29026,SANTA CRUZ TLAXCALA,1,2026-08-09
29,TLAXCALA,2025-03,LOCALIZADA_CON_VIDA,MUJER,29031,TETLA DE LA SOLIDARIDAD,1,2026-08-09
29,TLAXCALA,2025-03,LOCALIZADA_CON_VIDA,HOMBRE,29033,TLAXCALA,1,2026-08-09
29,TLAXCALA,2025-03,LOCALIZADA_CON_VIDA,MUJER,29033,TLAXCALA,1,2026-08-09
29,TLAXCALA,2025-03,LOCALIZADA_CON_VIDA,HOMBRE,29039,XALOZTOC,1,2026-08-09
29,TLAXCALA,2025-03,LOCALIZADA_CON_VIDA,HOMBRE,29040,XALTOCAN,1,2026-08-09
29,TLAXCALA,2025-03,LOCALIZADA_CON_VIDA,MUJER,29041,PAPALOTLA DE XICOHTÉNCATL,1,2026-08-09
29,TLAXCALA,2025-03,LOCALIZADA_CON_VIDA,HOMBRE,29043,YAUHQUEMECAN,1,2026-08-09
29,TLAXCALA,2025-03,LOCALIZADA_CON_VIDA,MUJER,29043,YAUHQUEMECAN,1,2026-08-09
29,TLAXCALA,2025-03,LOCALIZADA_SIN_VIDA,HOMBRE,29045,BENITO JUÁREZ,1,2026-08-09
30,VERACRUZ,2025-03,DESAPARECIDA_O_NO_LOCALIZADA,HOMBRE,30087,XALAPA,1,2026-08-09
30,VERACRUZ,2025-03,DESAPARECIDA_O_NO_LOCALIZADA,HOMBRE,30158,TECOLUTLA,1,2026-08-09
30,VERACRUZ,2025-03,DESAPARECIDA_O_NO_LOCALIZADA,HOMBRE,30193,VERACRUZ,1,2026-08-09
30,VERACRUZ,2025-03,DESAPARECIDA_O_NO_LOCALIZADA,HOMBRE,30207,TRES VALLES,1,2026-08-09
30,VERACRUZ,2025-03,LOCALIZADA_CON_VIDA,MUJER,30001,ACAJETE,1,2026-08-09
30,VERACRUZ,2025-03,LOCALIZADA_CON_VIDA,HOMBRE,30003,ACAYUCAN,1,2026-08-09
30,VERACRUZ,2025-03,LOCALIZADA_CON_VIDA,MUJER,30048,COSOLEACAQUE,1,2026-08-09
30,VERACRUZ,2025-03,LOCALIZADA_CON_VIDA,MUJER,30051,COYUTLA,1,2026-08-09
30,VERACRUZ,2025-03,LOCALIZADA_CON_VIDA,MUJER,30057,CHICONQUIACO,1,2026-08-09
30,VERACRUZ,2025-03,LOCALIZADA_CON_VIDA,MUJER,30083,IXHUATLÁN DE MADERO,1,2026-08-09
30,VERACRUZ,2025-03,LOCALIZADA_CON_VIDA,MUJER,30085,IXTACZOQUITLÁN,1,2026-08-09
30,VERACRUZ,2025-03,LOCALIZADA_CON_VIDA,HOMBRE,30087,XALAPA,1,2026-08-09
30,VERACRUZ,2025-03,LOCALIZADA_CON_VIDA,MUJER,30087,XALAPA,10,2026-08-09
30,VERACRUZ,2025-03,LOCALIZADA_CON_VIDA,HOMBRE,30124,PAPANTLA,1,2026-08-09
30,VERACRUZ,2025-03,LOCALIZADA_CON_VIDA,MUJER,30124,PAPANTLA,1,2026-08-09
30,VERACRUZ,2025-03,LOCALIZADA_CON_VIDA,HOMBRE,30128,PEROTE,1,2026-08-09
30,VERACRUZ,2025-03,LOCALIZADA_CON_VIDA,HOMBRE,30129,PLATÓN SÁNCHEZ,1,2026-08-09
30,VERACRUZ,2025-03,LOCALIZADA_CON_VIDA,MUJER,30131,POZA RICA DE HIDALGO,2,2026-08-09
30,VERACRUZ,2025-03,LOCALIZADA_CON_VIDA,MUJER,30157,CASTILLO DE TEAYO,1,2026-08-09
30,VERACRUZ,2025-03,LOCALIZADA_CON_VIDA,HOMBRE,30175,TIHUATLÁN,1,2026-08-09
30,VERACRUZ,2025-03,LOCALIZADA_CON_VIDA,MUJER,30184,TLAQUILPA,1,2026-08-09
30,VERACRUZ,2025-03,LOCALIZADA_SIN_VIDA,HOMBRE,30038,COATEPEC,1,2026-08-09
30,VERACRUZ,2025-03,LOCALIZADA_SIN_VIDA,MUJER,30051,COYUTLA,1,2026-08-09
30,VERACRUZ,2025-03,LOCALIZADA_SIN_VIDA,HOMBRE,30065,EMILIANO ZAPATA,2,2026-08-09
30,VERACRUZ,2025-03,LOCALIZADA_SIN_VIDA,HOMBRE,30087,XALAPA,1,2026-08-09
30,VERACRUZ,2025-03,LOCALIZADA_SIN_VIDA,HOMBRE,30093,JILOTEPEC,1,2026-08-09
30,VERACRUZ,2025-03,LOCALIZADA_SIN_VIDA,HOMBRE,30114,NAUTLA,1,2026-08-09
30,VERACRUZ,2025-03,LOCALIZADA_SIN_VIDA,HOMBRE,30128,PEROTE,1,2026-08-09
30,VERACRUZ,2025-03,LOCALIZADA_SIN_VIDA,HOMBRE,30131,POZA RICA DE HIDALGO,1,2026-08-09
30,VERACRUZ,2025-03,LOCALIZADA_SIN_VIDA,HOMBRE,30193,VERACRUZ,1,2026-08-09
31,YUCATAN,2025-03,DESAPARECIDA_O_NO_LOCALIZADA,HOMBRE,31050,MÉRIDA,1,2026-08-09
31,YUCATAN,2025-03,DESAPARECIDA_O_NO_LOCALIZADA,HOMBRE,31059,PROGRESO,4,2026-08-09
31,YUCATAN,2025-03,LOCALIZADA_CON_VIDA,HOMBRE,31050,MÉRIDA,1,2026-08-09
31,YUCATAN,2025-03,LOCALIZADA_CON_VIDA,MUJER,31050,MÉRIDA,2,2026-08-09
31,YUCATAN,2025-03,LOCALIZADA_SIN_VIDA,HOMBRE,31050,MÉRIDA,1,2026-08-09
32,ZACATECAS,2025-03,DESAPARECIDA_O_NO_LOCALIZADA,HOMBRE,32008,CUAUHTÉMOC,1,2026-08-09
32,ZACATECAS,2025-03,DESAPARECIDA_O_NO_LOCALIZADA,HOMBRE,32010,FRESNILLO,4,2026-08-09
32,ZACATECAS,2025-03,DESAPARECIDA_O_NO_LOCALIZADA,HOMBRE,32012,GENARO CODINA,1,2026-08-09
32,ZACATECAS,2025-03,DESAPARECIDA_O_NO_LOCALIZADA,HOMBRE,32014,GENERAL FRANCISCO R. MURGUÍA,1,2026-08-09
32,ZACATECAS,2025-03,DESAPARECIDA_O_NO_LOCALIZADA,MUJER,32014,GENERAL FRANCISCO R. MURGUÍA,1,2026-08-09
32,ZACATECAS,2025-03,DESAPARECIDA_O_NO_LOCALIZADA,HOMBRE,32017,GUADALUPE,6,2026-08-09
32,ZACATECAS,2025-03,DESAPARECIDA_O_NO_LOCALIZADA,HOMBRE,32020,JEREZ,7,2026-08-09
32,ZACATECAS,2025-03,DESAPARECIDA_O_NO_LOCALIZADA,HOMBRE,32025,LUIS MOYA,2,2026-08-09
32,ZACATECAS,2025-03,DESAPARECIDA_O_NO_LOCALIZADA,HOMBRE,32046,TEPETONGO,3,2026-08-09
32,ZACATECAS,2025-03,DESAPARECIDA_O_NO_LOCALIZADA,HOMBRE,32055,VILLANUEVA,1,2026-08-09
32,ZACATECAS,2025-03,DESAPARECIDA_O_NO_LOCALIZADA,HOMBRE,32056,ZACATECAS,4,2026-08-09
32,ZACATECAS,2025-03,LOCALIZADA_CON_VIDA,HOMBRE,32005,CALERA,1,2026-08-09
32,ZACATECAS,2025-03,LOCALIZADA_CON_VIDA,HOMBRE,32010,FRESNILLO,2,2026-08-09
32,ZACATECAS,2025-03,LOCALIZADA_CON_VIDA,HOMBRE,32017,GUADALUPE,5,2026-08-09
32,ZACATECAS,2025-03,LOCALIZADA_CON_VIDA,MUJER,32017,GUADALUPE,2,2026-08-09
32,ZACATECAS,2025-03,LOCALIZADA_CON_VIDA,MUJER,32020,JEREZ,1,2026-08-09
32,ZACATECAS,2025-03,LOCALIZADA_CON_VIDA,HOMBRE,32024,LORETO,1,2026-08-09
32,ZACATECAS,2025-03,LOCALIZADA_CON_VIDA,HOMBRE,32037,PÁNUCO,1,2026-08-09
32,ZACATECAS,2025-03,LOCALIZADA_CON_VIDA,MUJER,32042,SOMBRERETE,1,2026-08-09
32,ZACATECAS,2025-03,LOCALIZADA_CON_VIDA,HOMBRE,32044,TABASCO,1,2026-08-09
32,ZACATECAS,2025-03,LOCALIZADA_CON_VIDA,HOMBRE,32051,VILLA DE COS,1,2026-08-09
32,ZACATECAS,2025-03,LOCALIZADA_CON_VIDA,HOMBRE,32056,ZACATECAS,3,2026-08-09
32,ZACATECAS,2025-03,LOCALIZADA_CON_VIDA,MUJER,32056,ZACATECAS,2,2026-08-09
32,ZACATECAS,2025-03,LOCALIZADA_SIN_VIDA,HOMBRE,32012,GENARO CODINA,1,2026-08-09
32,ZACATECAS,2025-03,LOCALIZADA_SIN_VIDA,HOMBRE,32025,LUIS MOYA,1,2026-08-09
32,ZACATECAS,2025-03,LOCALIZADA_SIN_VIDA,HOMBRE,32039,RÍO GRANDE,1,2026-08-09
32,ZACATECAS,2025-03,LOCALIZADA_SIN_VIDA,HOMBRE,32051,VILLA DE COS,1,2026-08-09
