cve_entidad,entidad,periodo,categoria,sexo,cve_municipio,municipio,conteo,consultado_en
01,AGUASCALIENTES,2026-01,DESAPARECIDA_O_NO_LOCALIZADA,HOMBRE,,SIN MUNICIPIO DE REFERENCIA,1,2026-08-09
01,AGUASCALIENTES,2026-01,DESAPARECIDA_O_NO_LOCALIZADA,HOMBRE,01001,AGUASCALIENTES,2,2026-08-09
01,AGUASCALIENTES,2026-01,DESAPARECIDA_O_NO_LOCALIZADA,MUJER,01001,AGUASCALIENTES,1,2026-08-09
01,AGUASCALIENTES,2026-01,DESAPARECIDA_O_NO_LOCALIZADA,HOMBRE,01007,RINCÓN DE ROMOS,1,2026-08-09
01,AGUASCALIENTES,2026-01,LOCALIZADA_CON_VIDA,HOMBRE,01001,AGUASCALIENTES,11,2026-08-09
01,AGUASCALIENTES,2026-01,LOCALIZADA_CON_VIDA,MUJER,01001,AGUASCALIENTES,7,2026-08-09
01,AGUASCALIENTES,2026-01,LOCALIZADA_CON_VIDA,HOMBRE,01002,ASIENTOS,3,2026-08-09
01,AGUASCALIENTES,2026-01,LOCALIZADA_CON_VIDA,MUJER,01003,CALVILLO,1,2026-08-09
01,AGUASCALIENTES,2026-01,LOCALIZADA_CON_VIDA,MUJER,01005,JESÚS MARÍA,1,2026-08-09
01,AGUASCALIENTES,2026-01,LOCALIZADA_CON_VIDA,HOMBRE,01006,PABELLÓN DE ARTEAGA,2,2026-08-09
01,AGUASCALIENTES,2026-01,LOCALIZADA_CON_VIDA,MUJER,01006,PABELLÓN DE ARTEAGA,1,2026-08-09
01,AGUASCALIENTES,2026-01,LOCALIZADA_CON_VIDA,MUJER,01007,RINCÓN DE ROMOS,1,2026-08-09
01,AGUASCALIENTES,2026-01,LOCALIZADA_CON_VIDA,MUJER,01009,TEPEZALA,1,2026-08-09
01,AGUASCALIENTES,2026-01,LOCALIZADA_CON_VIDA,HOMBRE,01011,SAN FRANCISCO DE LOS ROMO,1,2026-08-09
01,AGUASCALIENTES,2026-02,DESAPARECIDA_O_NO_LOCALIZADA,HOMBRE,01001,AGUASCALIENTES,1,2026-08-09
01,AGUASCALIENTES,2026-02,DESAPARECIDA_O_NO_LOCALIZADA,HOMBRE,01006,PABELLÓN DE ARTEAGA,1,2026-08-09
01,AGUASCALIENTES,2026-02,DESAPARECIDA_O_NO_LOCALIZADA,MUJER,01006,PABELLÓN DE ARTEAGA,1,2026-08-09
01,AGUASCALIENTES,2026-02,LOCALIZADA_CON_VIDA,HOMBRE,01001,AGUASCALIENTES,12,2026-08-09
01,AGUASCALIENTES,2026-02,LOCALIZADA_CON_VIDA,MUJER,01001,AGUASCALIENTES,6,2026-08-09
01,AGUASCALIENTES,2026-02,LOCALIZADA_CON_VIDA,MUJER,01002,ASIENTOS,1,2026-08-09
01,AGUASCALIENTES,2026-02,LOCALIZADA_CON_VIDA,HOMBRE,01003,CALVILLO,2,2026-08-09
01,AGUASCALIENTES,2026-02,LOCALIZADA_CON_VIDA,HOMBRE,01005,JESÚS MARÍA,1,2026-08-09
01,AGUASCALIENTES,2026-02,LOCALIZADA_CON_VIDA,MUJER,01005,JESÚS MARÍA,1,2026-08-09
01,AGUASCALIENTES,2026-02,LOCALIZADA_SIN_VIDA,HOMBRE,01004,COSÍO,1,2026-08-09
01,AGUASCALIENTES,2026-02,LOCALIZADA_SIN_VIDA,HOMBRE,01009,TEPEZALA,1,2026-08-09
01,AGUASCALIENTES,2026-02,LOCALIZADA_SIN_VIDA,HOMBRE,01010,EL LLANO,1,2026-08-09
01,AGUASCALIENTES,2026-03,DESAPARECIDA_O_NO_LOCALIZADA,HOMBRE,01001,AGUASCALIENTES,3,2026-08-09
01,AGUASCALIENTES,2026-03,LOCALIZADA_CON_VIDA,HOMBRE,01001,AGUASCALIENTES,12,2026-08-09
01,AGUASCALIENTES,2026-03,LOCALIZADA_CON_VIDA,MUJER,01001,AGUASCALIENTES,7,2026-08-09
01,AGUASCALIENTES,2026-03,LOCALIZADA_CON_VIDA,HOMBRE,01003,CALVILLO,1,2026-08-09
01,AGUASCALIENTES,2026-03,LOCALIZADA_CON_VIDA,HOMBRE,01007,RINCÓN DE ROMOS,1,2026-08-09
01,AGUASCALIENTES,2026-03,LOCALIZADA_CON_VIDA,MUJER,01011,SAN FRANCISCO DE LOS ROMO,1,2026-08-09
01,AGUASCALIENTES,2026-03,LOCALIZADA_SIN_VIDA,HOMBRE,01006,PABELLÓN DE ARTEAGA,1,2026-08-09
01,AGUASCALIENTES,2026-04,DESAPARECIDA_O_NO_LOCALIZADA,HOMBRE,01001,AGUASCALIENTES,1,2026-08-09
01,AGUASCALIENTES,2026-04,DESAPARECIDA_O_NO_LOCALIZADA,HOMBRE,01005,JESÚS MARÍA,2,2026-08-09
01,AGUASCALIENTES,2026-04,LOCALIZADA_CON_VIDA,HOMBRE,01001,AGUASCALIENTES,16,2026-08-09
01,AGUASCALIENTES,2026-04,LOCALIZADA_CON_VIDA,MUJER,01001,AGUASCALIENTES,7,2026-08-09
01,AGUASCALIENTES,2026-04,LOCALIZADA_CON_VIDA,MUJER,01003,CALVILLO,1,2026-08-09
01,AGUASCALIENTES,2026-04,LOCALIZADA_CON_VIDA,HOMBRE,01005,JESÚS MARÍA,1,2026-08-09
01,AGUASCALIENTES,2026-04,LOCALIZADA_CON_VIDA,MUJER,01005,JESÚS MARÍA,1,2026-08-09
01,AGUASCALIENTES,2026-04,LOCALIZADA_CON_VIDA,HOMBRE,01006,PABELLÓN DE ARTEAGA,1,2026-08-09
01,AGUASCALIENTES,2026-04,LOCALIZADA_CON_VIDA,MUJER,01006,PABELLÓN DE ARTEAGA,1,2026-08-09
01,AGUASCALIENTES,2026-04,LOCALIZADA_CON_VIDA,HOMBRE,01007,RINCÓN DE ROMOS,2,2026-08-09
01,AGUASCALIENTES,2026-04,LOCALIZADA_CON_VIDA,MUJER,01011,SAN FRANCISCO DE LOS ROMO,1,2026-08-09
01,AGUASCALIENTES,2026-04,LOCALIZADA_SIN_VIDA,HOMBRE,01001,AGUASCALIENTES,2,2026-08-09
01,AGUASCALIENTES,2026-05,DESAPARECIDA_O_NO_LOCALIZADA,HOMBRE,01001,AGUASCALIENTES,6,2026-08-09
01,AGUASCALIENTES,2026-05,DESAPARECIDA_O_NO_LOCALIZADA,MUJER,01001,AGUASCALIENTES,1,2026-08-09
01,AGUASCALIENTES,2026-05,DESAPARECIDA_O_NO_LOCALIZADA,MUJER,01005,JESÚS MARÍA,1,2026-08-09
01,AGUASCALIENTES,2026-05,DESAPARECIDA_O_NO_LOCALIZADA,HOMBRE,01006,PABELLÓN DE ARTEAGA,1,2026-08-09
01,AGUASCALIENTES,2026-05,DESAPARECIDA_O_NO_LOCALIZADA,HOMBRE,01011,SAN FRANCISCO DE LOS ROMO,2,2026-08-09
01,AGUASCALIENTES,2026-05,LOCALIZADA_CON_VIDA,HOMBRE,01001,AGUASCALIENTES,18,2026-08-09
01,AGUASCALIENTES,2026-05,LOCALIZADA_CON_VIDA,MUJER,01001,AGUASCALIENTES,12,2026-08-09
01,AGUASCALIENTES,2026-05,LOCALIZADA_CON_VIDA,HOMBRE,01003,CALVILLO,2,2026-08-09
01,AGUASCALIENTES,2026-05,LOCALIZADA_CON_VIDA,MUJER,01003,CALVILLO,1,2026-08-09
01,AGUASCALIENTES,2026-05,LOCALIZADA_CON_VIDA,HOMBRE,01005,JESÚS MARÍA,1,2026-08-09
01,AGUASCALIENTES,2026-05,LOCALIZADA_CON_VIDA,MUJER,01005,JESÚS MARÍA,1,2026-08-09
01,AGUASCALIENTES,2026-05,LOCALIZADA_CON_VIDA,HOMBRE,01006,PABELLÓN DE ARTEAGA,2,2026-08-09
01,AGUASCALIENTES,2026-05,LOCALIZADA_CON_VIDA,MUJER,01006,PABELLÓN DE ARTEAGA,1,2026-08-09
01,AGUASCALIENTES,2026-05,LOCALIZADA_CON_VIDA,HOMBRE,01007,RINCÓN DE ROMOS,2,2026-08-09
01,AGUASCALIENTES,2026-05,LOCALIZADA_CON_VIDA,MUJER,01007,RINCÓN DE ROMOS,1,2026-08-09
01,AGUASCALIENTES,2026-05,LOCALIZADA_CON_VIDA,MUJER,01010,EL LLANO,1,2026-08-09
01,AGUASCALIENTES,2026-05,LOCALIZADA_CON_VIDA,HOMBRE,01011,SAN FRANCISCO DE LOS ROMO,1,2026-08-09
01,AGUASCALIENTES,2026-05,LOCALIZADA_SIN_VIDA,HOMBRE,01001,AGUASCALIENTES,1,2026-08-09
01,AGUASCALIENTES,2026-06,DESAPARECIDA_O_NO_LOCALIZADA,HOMBRE,01001,AGUASCALIENTES,3,2026-08-09
01,AGUASCALIENTES,2026-06,DESAPARECIDA_O_NO_LOCALIZADA,MUJER,01001,AGUASCALIENTES,1,2026-08-09
01,AGUASCALIENTES,2026-06,DESAPARECIDA_O_NO_LOCALIZADA,HOMBRE,01005,JESÚS MARÍA,2,2026-08-09
01,AGUASCALIENTES,2026-06,DESAPARECIDA_O_NO_LOCALIZADA,HOMBRE,01006,PABELLÓN DE ARTEAGA,1,2026-08-09
01,AGUASCALIENTES,2026-06,DESAPARECIDA_O_NO_LOCALIZADA,HOMBRE,01007,RINCÓN DE ROMOS,2,2026-08-09
01,AGUASCALIENTES,2026-06,LOCALIZADA_CON_VIDA,HOMBRE,01001,AGUASCALIENTES,15,2026-08-09
01,AGUASCALIENTES,2026-06,LOCALIZADA_CON_VIDA,MUJER,01001,AGUASCALIENTES,15,2026-08-09
01,AGUASCALIENTES,2026-06,LOCALIZADA_CON_VIDA,HOMBRE,01005,JESÚS MARÍA,1,2026-08-09
01,AGUASCALIENTES,2026-06,LOCALIZADA_CON_VIDA,HOMBRE,01006,PABELLÓN DE ARTEAGA,1,2026-08-09
01,AGUASCALIENTES,2026-06,LOCALIZADA_CON_VIDA,MUJER,01006,PABELLÓN DE ARTEAGA,1,2026-08-09
01,AGUASCALIENTES,2026-06,LOCALIZADA_CON_VIDA,HOMBRE,01007,RINCÓN DE ROMOS,4,2026-08-09
01,AGUASCALIENTES,2026-06,LOCALIZADA_CON_VIDA,MUJER,01007,RINCÓN DE ROMOS,1,2026-08-09
01,AGUASCALIENTES,2026-06,LOCALIZADA_CON_VIDA,MUJER,01010,EL LLANO,1,2026-08-09
01,AGUASCALIENTES,2026-07,DESAPARECIDA_O_NO_LOCALIZADA,HOMBRE,01001,AGUASCALIENTES,7,2026-08-09
01,AGUASCALIENTES,2026-07,DESAPARECIDA_O_NO_LOCALIZADA,MUJER,01001,AGUASCALIENTES,5,2026-08-09
01,AGUASCALIENTES,2026-07,DESAPARECIDA_O_NO_LOCALIZADA,MUJER,01004,COSÍO,1,2026-08-09
01,AGUASCALIENTES,2026-07,DESAPARECIDA_O_NO_LOCALIZADA,HOMBRE,01005,JESÚS MARÍA,1,2026-08-09
01,AGUASCALIENTES,2026-07,DESAPARECIDA_O_NO_LOCALIZADA,MUJER,01007,RINCÓN DE ROMOS,1,2026-08-09
01,AGUASCALIENTES,2026-07,DESAPARECIDA_O_NO_LOCALIZADA,MUJER,01011,SAN FRANCISCO DE LOS ROMO,1,2026-08-09
01,AGUASCALIENTES,2026-07,LOCALIZADA_CON_VIDA,HOMBRE,01001,AGUASCALIENTES,6,2026-08-09
01,AGUASCALIENTES,2026-07,LOCALIZADA_CON_VIDA,MUJER,01001,AGUASCALIENTES,5,2026-08-09
01,AGUASCALIENTES,2026-07,LOCALIZADA_CON_VIDA,MUJER,01004,COSÍO,2,2026-08-09
01,AGUASCALIENTES,2026-07,LOCALIZADA_CON_VIDA,MUJER,01005,JESÚS MARÍA,1,2026-08-09
01,AGUASCALIENTES,2026-07,LOCALIZADA_CON_VIDA,MUJER,01006,PABELLÓN DE ARTEAGA,1,2026-08-09
01,AGUASCALIENTES,2026-07,LOCALIZADA_CON_VIDA,HOMBRE,01011,SAN FRANCISCO DE LOS ROMO,1,2026-08-09
01,AGUASCALIENTES,SIN_FECHA,DESAPARECIDA_O_NO_LOCALIZADA,,,,9,2026-08-09
01,AGUASCALIENTES,SIN_FECHA,LOCALIZADA_CON_VIDA,,,,22,2026-08-09
01,AGUASCALIENTES,SIN_FECHA,LOCALIZADA_SIN_VIDA,,,,1,2026-08-09
02,BAJA CALIFORNIA,2026-01,DESAPARECIDA_O_NO_LOCALIZADA,HOMBRE,02001,ENSENADA,1,2026-08-09
02,BAJA CALIFORNIA,2026-01,DESAPARECIDA_O_NO_LOCALIZADA,MUJER,02001,ENSENADA,1,2026-08-09
02,BAJA CALIFORNIA,2026-01,DESAPARECIDA_O_NO_LOCALIZADA,HOMBRE,02002,MEXICALI,4,2026-08-09
02,BAJA CALIFORNIA,2026-01,DESAPARECIDA_O_NO_LOCALIZADA,MUJER,02002,MEXICALI,3,2026-08-09
02,BAJA CALIFORNIA,2026-01,DESAPARECIDA_O_NO_LOCALIZADA,HOMBRE,02003,TECATE,1,2026-08-09
02,BAJA CALIFORNIA,2026-01,DESAPARECIDA_O_NO_LOCALIZADA,HOMBRE,02004,TIJUANA,19,2026-08-09
02,BAJA CALIFORNIA,2026-01,DESAPARECIDA_O_NO_LOCALIZADA,MUJER,02004,TIJUANA,8,2026-08-09
02,BAJA CALIFORNIA,2026-01,DESAPARECIDA_O_NO_LOCALIZADA,HOMBRE,02005,PLAYAS DE ROSARITO,2,2026-08-09
02,BAJA CALIFORNIA,2026-01,DESAPARECIDA_O_NO_LOCALIZADA,MUJER,02007,SAN QUINTÍN,1,2026-08-09
02,BAJA CALIFORNIA,2026-01,LOCALIZADA_CON_VIDA,HOMBRE,02002,MEXICALI,1,2026-08-09
02,BAJA CALIFORNIA,2026-01,LOCALIZADA_SIN_VIDA,HOMBRE,02004,TIJUANA,1,2026-08-09
02,BAJA CALIFORNIA,2026-02,DESAPARECIDA_O_NO_LOCALIZADA,HOMBRE,02001,ENSENADA,2,2026-08-09
02,BAJA CALIFORNIA,2026-02,DESAPARECIDA_O_NO_LOCALIZADA,HOMBRE,02002,MEXICALI,4,2026-08-09
02,BAJA CALIFORNIA,2026-02,DESAPARECIDA_O_NO_LOCALIZADA,MUJER,02002,MEXICALI,1,2026-08-09
02,BAJA CALIFORNIA,2026-02,DESAPARECIDA_O_NO_LOCALIZADA,HOMBRE,02003,TECATE,2,2026-08-09
02,BAJA CALIFORNIA,2026-02,DESAPARECIDA_O_NO_LOCALIZADA,HOMBRE,02004,TIJUANA,33,2026-08-09
02,BAJA CALIFORNIA,2026-02,DESAPARECIDA_O_NO_LOCALIZADA,MUJER,02004,TIJUANA,6,2026-08-09
02,BAJA CALIFORNIA,2026-02,DESAPARECIDA_O_NO_LOCALIZADA,HOMBRE,02005,PLAYAS DE ROSARITO,2,2026-08-09
02,BAJA CALIFORNIA,2026-02,LOCALIZADA_CON_VIDA,HOMBRE,02002,MEXICALI,1,2026-08-09
02,BAJA CALIFORNIA,2026-02,LOCALIZADA_CON_VIDA,HOMBRE,02004,TIJUANA,5,2026-08-09
02,BAJA CALIFORNIA,2026-02,LOCALIZADA_CON_VIDA,MUJER,02004,TIJUANA,2,2026-08-09
02,BAJA CALIFORNIA,2026-02,LOCALIZADA_SIN_VIDA,HOMBRE,02002,MEXICALI,1,2026-08-09
02,BAJA CALIFORNIA,2026-02,LOCALIZADA_SIN_VIDA,HOMBRE,02003,TECATE,1,2026-08-09
02,BAJA CALIFORNIA,2026-02,LOCALIZADA_SIN_VIDA,HOMBRE,02004,TIJUANA,1,2026-08-09
02,BAJA CALIFORNIA,2026-03,DESAPARECIDA_O_NO_LOCALIZADA,HOMBRE,02001,ENSENADA,1,2026-08-09
02,BAJA CALIFORNIA,2026-03,DESAPARECIDA_O_NO_LOCALIZADA,MUJER,02001,ENSENADA,2,2026-08-09
02,BAJA CALIFORNIA,2026-03,DESAPARECIDA_O_NO_LOCALIZADA,HOMBRE,02002,MEXICALI,1,2026-08-09
02,BAJA CALIFORNIA,2026-03,DESAPARECIDA_O_NO_LOCALIZADA,MUJER,02002,MEXICALI,2,2026-08-09
02,BAJA CALIFORNIA,2026-03,DESAPARECIDA_O_NO_LOCALIZADA,HOMBRE,02003,TECATE,2,2026-08-09
02,BAJA CALIFORNIA,2026-03,DESAPARECIDA_O_NO_LOCALIZADA,MUJER,02003,TECATE,2,2026-08-09
02,BAJA CALIFORNIA,2026-03,DESAPARECIDA_O_NO_LOCALIZADA,HOMBRE,02004,TIJUANA,31,2026-08-09
02,BAJA CALIFORNIA,2026-03,DESAPARECIDA_O_NO_LOCALIZADA,MUJER,02004,TIJUANA,13,2026-08-09
02,BAJA CALIFORNIA,2026-03,DESAPARECIDA_O_NO_LOCALIZADA,HOMBRE,02005,PLAYAS DE ROSARITO,1,2026-08-09
02,BAJA CALIFORNIA,2026-03,DESAPARECIDA_O_NO_LOCALIZADA,HOMBRE,02007,SAN QUINTÍN,2,2026-08-09
02,BAJA CALIFORNIA,2026-03,LOCALIZADA_CON_VIDA,MUJER,02002,MEXICALI,1,2026-08-09
02,BAJA CALIFORNIA,2026-03,LOCALIZADA_CON_VIDA,HOMBRE,02004,TIJUANA,6,2026-08-09
02,BAJA CALIFORNIA,2026-03,LOCALIZADA_CON_VIDA,MUJER,02004,TIJUANA,7,2026-08-09
02,BAJA CALIFORNIA,2026-03,LOCALIZADA_SIN_VIDA,HOMBRE,02004,TIJUANA,2,2026-08-09
02,BAJA CALIFORNIA,2026-04,DESAPARECIDA_O_NO_LOCALIZADA,HOMBRE,02001,ENSENADA,2,2026-08-09
02,BAJA CALIFORNIA,2026-04,DESAPARECIDA_O_NO_LOCALIZADA,MUJER,02001,ENSENADA,1,2026-08-09
02,BAJA CALIFORNIA,2026-04,DESAPARECIDA_O_NO_LOCALIZADA,HOMBRE,02002,MEXICALI,2,2026-08-09
02,BAJA CALIFORNIA,2026-04,DESAPARECIDA_O_NO_LOCALIZADA,HOMBRE,02003,TECATE,4,2026-08-09
02,BAJA CALIFORNIA,2026-04,DESAPARECIDA_O_NO_LOCALIZADA,MUJER,02003,TECATE,1,2026-08-09
02,BAJA CALIFORNIA,2026-04,DESAPARECIDA_O_NO_LOCALIZADA,HOMBRE,02004,TIJUANA,34,2026-08-09
02,BAJA CALIFORNIA,2026-04,DESAPARECIDA_O_NO_LOCALIZADA,MUJER,02004,TIJUANA,9,2026-08-09
02,BAJA CALIFORNIA,2026-04,DESAPARECIDA_O_NO_LOCALIZADA,HOMBRE,02005,PLAYAS DE ROSARITO,1,2026-08-09
02,BAJA CALIFORNIA,2026-04,DESAPARECIDA_O_NO_LOCALIZADA,HOMBRE,02007,SAN QUINTÍN,1,2026-08-09
02,BAJA CALIFORNIA,2026-04,DESAPARECIDA_O_NO_LOCALIZADA,MUJER,02007,SAN QUINTÍN,1,2026-08-09
02,BAJA CALIFORNIA,2026-04,LOCALIZADA_CON_VIDA,HOMBRE,02004,TIJUANA,4,2026-08-09
02,BAJA CALIFORNIA,2026-04,LOCALIZADA_CON_VIDA,MUJER,02004,TIJUANA,5,2026-08-09
02,BAJA CALIFORNIA,2026-04,LOCALIZADA_SIN_VIDA,HOMBRE,02004,TIJUANA,3,2026-08-09
02,BAJA CALIFORNIA,2026-05,DESAPARECIDA_O_NO_LOCALIZADA,HOMBRE,02001,ENSENADA,3,2026-08-09
02,BAJA CALIFORNIA,2026-05,DESAPARECIDA_O_NO_LOCALIZADA,HOMBRE,02002,MEXICALI,3,2026-08-09
02,BAJA CALIFORNIA,2026-05,DESAPARECIDA_O_NO_LOCALIZADA,MUJER,02002,MEXICALI,2,2026-08-09
02,BAJA CALIFORNIA,2026-05,DESAPARECIDA_O_NO_LOCALIZADA,HOMBRE,02003,TECATE,1,2026-08-09
02,BAJA CALIFORNIA,2026-05,DESAPARECIDA_O_NO_LOCALIZADA,HOMBRE,02004,TIJUANA,54,2026-08-09
02,BAJA CALIFORNIA,2026-05,DESAPARECIDA_O_NO_LOCALIZADA,MUJER,02004,TIJUANA,26,2026-08-09
02,BAJA CALIFORNIA,2026-05,DESAPARECIDA_O_NO_LOCALIZADA,HOMBRE,02007,SAN QUINTÍN,1,2026-08-09
02,BAJA CALIFORNIA,2026-05,DESAPARECIDA_O_NO_LOCALIZADA,HOMBRE,02008,SAN FELIPE,1,2026-08-09
02,BAJA CALIFORNIA,2026-05,DESAPARECIDA_O_NO_LOCALIZADA,MUJER,02008,SAN FELIPE,2,2026-08-09
02,BAJA CALIFORNIA,2026-05,LOCALIZADA_CON_VIDA,HOMBRE,02002,MEXICALI,1,2026-08-09
02,BAJA CALIFORNIA,2026-05,LOCALIZADA_CON_VIDA,HOMBRE,02004,TIJUANA,3,2026-08-09
02,BAJA CALIFORNIA,2026-05,LOCALIZADA_CON_VIDA,MUJER,02004,TIJUANA,2,2026-08-09
02,BAJA CALIFORNIA,2026-05,LOCALIZADA_SIN_VIDA,HOMBRE,02001,ENSENADA,1,2026-08-09
02,BAJA CALIFORNIA,2026-06,DESAPARECIDA_O_NO_LOCALIZADA,HOMBRE,02003,TECATE,1,2026-08-09
02,BAJA CALIFORNIA,2026-06,DESAPARECIDA_O_NO_LOCALIZADA,HOMBRE,02004,TIJUANA,24,2026-08-09
02,BAJA CALIFORNIA,2026-06,DESAPARECIDA_O_NO_LOCALIZADA,MUJER,02004,TIJUANA,11,2026-08-09
02,BAJA CALIFORNIA,2026-06,DESAPARECIDA_O_NO_LOCALIZADA,HOMBRE,02007,SAN QUINTÍN,1,2026-08-09
02,BAJA CALIFORNIA,2026-06,LOCALIZADA_CON_VIDA,HOMBRE,02004,TIJUANA,1,2026-08-09
02,BAJA CALIFORNIA,2026-06,LOCALIZADA_CON_VIDA,MUJER,02004,TIJUANA,1,2026-08-09
02,BAJA CALIFORNIA,2026-06,LOCALIZADA_CON_VIDA,HOMBRE,02005,PLAYAS DE ROSARITO,1,2026-08-09
02,BAJA CALIFORNIA,2026-06,LOCALIZADA_CON_VIDA,MUJER,02005,PLAYAS DE ROSARITO,1,2026-08-09
02,BAJA CALIFORNIA,SIN_FECHA,DESAPARECIDA_O_NO_LOCALIZADA,,,,641,2026-08-09
02,BAJA CALIFORNIA,SIN_FECHA,LOCALIZADA_CON_VIDA,,,,265,2026-08-09
02,BAJA CALIFORNIA,SIN_FECHA,LOCALIZADA_SIN_VIDA,,,,42,2026-08-09
03,BAJA CALIFORNIA SUR,2026-01,DESAPARECIDA_O_NO_LOCALIZADA,HOMBRE,03001,COMONDÚ,4,2026-08-09
03,BAJA CALIFORNIA SUR,2026-01,DESAPARECIDA_O_NO_LOCALIZADA,HOMBRE,03002,MULEGÉ,2,2026-08-09
03,BAJA CALIFORNIA SUR,2026-01,DESAPARECIDA_O_NO_LOCALIZADA,HOMBRE,03003,LA PAZ,6,2026-08-09
03,BAJA CALIFORNIA SUR,2026-01,DESAPARECIDA_O_NO_LOCALIZADA,MUJER,03003,LA PAZ,1,2026-08-09
03,BAJA CALIFORNIA SUR,2026-01,DESAPARECIDA_O_NO_LOCALIZADA,HOMBRE,03008,LOS CABOS,2,2026-08-09
03,BAJA CALIFORNIA SUR,2026-01,DESAPARECIDA_O_NO_LOCALIZADA,HOMBRE,03009,LORETO,1,2026-08-09
03,BAJA CALIFORNIA SUR,2026-01,LOCALIZADA_CON_VIDA,HOMBRE,03001,COMONDÚ,1,2026-08-09
03,BAJA CALIFORNIA SUR,2026-01,LOCALIZADA_CON_VIDA,HOMBRE,03003,LA PAZ,6,2026-08-09
03,BAJA CALIFORNIA SUR,2026-01,LOCALIZADA_CON_VIDA,MUJER,03003,LA PAZ,11,2026-08-09
03,BAJA CALIFORNIA SUR,2026-01,LOCALIZADA_CON_VIDA,HOMBRE,03008,LOS CABOS,3,2026-08-09
03,BAJA CALIFORNIA SUR,2026-01,LOCALIZADA_CON_VIDA,MUJER,03008,LOS CABOS,1,2026-08-09
03,BAJA CALIFORNIA SUR,2026-01,LOCALIZADA_SIN_VIDA,HOMBRE,03001,COMONDÚ,1,2026-08-09
03,BAJA CALIFORNIA SUR,2026-01,LOCALIZADA_SIN_VIDA,HOMBRE,03008,LOS CABOS,2,2026-08-09
03,BAJA CALIFORNIA SUR,2026-02,DESAPARECIDA_O_NO_LOCALIZADA,HOMBRE,03001,COMONDÚ,2,2026-08-09
03,BAJA CALIFORNIA SUR,2026-02,DESAPARECIDA_O_NO_LOCALIZADA,HOMBRE,03002,MULEGÉ,3,2026-08-09
03,BAJA CALIFORNIA SUR,2026-02,DESAPARECIDA_O_NO_LOCALIZADA,HOMBRE,03003,LA PAZ,1,2026-08-09
03,BAJA CALIFORNIA SUR,2026-02,DESAPARECIDA_O_NO_LOCALIZADA,HOMBRE,03008,LOS CABOS,3,2026-08-09
03,BAJA CALIFORNIA SUR,2026-02,DESAPARECIDA_O_NO_LOCALIZADA,MUJER,03008,LOS CABOS,1,2026-08-09
03,BAJA CALIFORNIA SUR,2026-02,DESAPARECIDA_O_NO_LOCALIZADA,HOMBRE,03009,LORETO,1,2026-08-09
03,BAJA CALIFORNIA SUR,2026-02,LOCALIZADA_CON_VIDA,HOMBRE,03001,COMONDÚ,1,2026-08-09
03,BAJA CALIFORNIA SUR,2026-02,LOCALIZADA_CON_VIDA,HOMBRE,03002,MULEGÉ,1,2026-08-09
03,BAJA CALIFORNIA SUR,2026-02,LOCALIZADA_CON_VIDA,HOMBRE,03003,LA PAZ,8,2026-08-09
03,BAJA CALIFORNIA SUR,2026-02,LOCALIZADA_CON_VIDA,MUJER,03003,LA PAZ,4,2026-08-09
03,BAJA CALIFORNIA SUR,2026-02,LOCALIZADA_CON_VIDA,HOMBRE,03008,LOS CABOS,2,2026-08-09
03,BAJA CALIFORNIA SUR,2026-02,LOCALIZADA_CON_VIDA,MUJER,03008,LOS CABOS,6,2026-08-09
03,BAJA CALIFORNIA SUR,2026-02,LOCALIZADA_CON_VIDA,HOMBRE,03009,LORETO,1,2026-08-09
03,BAJA CALIFORNIA SUR,2026-02,LOCALIZADA_SIN_VIDA,HOMBRE,03003,LA PAZ,3,2026-08-09
03,BAJA CALIFORNIA SUR,2026-02,LOCALIZADA_SIN_VIDA,HOMBRE,03008,LOS CABOS,1,2026-08-09
03,BAJA CALIFORNIA SUR,2026-03,DESAPARECIDA_O_NO_LOCALIZADA,HOMBRE,03001,COMONDÚ,2,2026-08-09
03,BAJA CALIFORNIA SUR,2026-03,DESAPARECIDA_O_NO_LOCALIZADA,HOMBRE,03002,MULEGÉ,5,2026-08-09
03,BAJA CALIFORNIA SUR,2026-03,DESAPARECIDA_O_NO_LOCALIZADA,HOMBRE,03003,LA PAZ,1,2026-08-09
03,BAJA CALIFORNIA SUR,2026-03,DESAPARECIDA_O_NO_LOCALIZADA,HOMBRE,03008,LOS CABOS,5,2026-08-09
03,BAJA CALIFORNIA SUR,2026-03,DESAPARECIDA_O_NO_LOCALIZADA,MUJER,03008,LOS CABOS,1,2026-08-09
03,BAJA CALIFORNIA SUR,2026-03,LOCALIZADA_CON_VIDA,HOMBRE,03002,MULEGÉ,1,2026-08-09
03,BAJA CALIFORNIA SUR,2026-03,LOCALIZADA_CON_VIDA,HOMBRE,03003,LA PAZ,5,2026-08-09
03,BAJA CALIFORNIA SUR,2026-03,LOCALIZADA_CON_VIDA,MUJER,03003,LA PAZ,5,2026-08-09
03,BAJA CALIFORNIA SUR,2026-03,LOCALIZADA_CON_VIDA,HOMBRE,03008,LOS CABOS,7,2026-08-09
03,BAJA CALIFORNIA SUR,2026-03,LOCALIZADA_CON_VIDA,MUJER,03008,LOS CABOS,3,2026-08-09
03,BAJA CALIFORNIA SUR,2026-03,LOCALIZADA_SIN_VIDA,HOMBRE,03001,COMONDÚ,1,2026-08-09
03,BAJA CALIFORNIA SUR,2026-03,LOCALIZADA_SIN_VIDA,HOMBRE,03003,LA PAZ,1,2026-08-09
03,BAJA CALIFORNIA SUR,2026-04,DESAPARECIDA_O_NO_LOCALIZADA,HOMBRE,03002,MULEGÉ,2,2026-08-09
03,BAJA CALIFORNIA SUR,2026-04,LOCALIZADA_CON_VIDA,HOMBRE,03001,COMONDÚ,1,2026-08-09
03,BAJA CALIFORNIA SUR,2026-04,LOCALIZADA_CON_VIDA,MUJER,03001,COMONDÚ,1,2026-08-09
03,BAJA CALIFORNIA SUR,2026-04,LOCALIZADA_CON_VIDA,HOMBRE,03003,LA PAZ,2,2026-08-09
03,BAJA CALIFORNIA SUR,2026-04,LOCALIZADA_CON_VIDA,MUJER,03003,LA PAZ,6,2026-08-09
03,BAJA CALIFORNIA SUR,2026-04,LOCALIZADA_CON_VIDA,MUJER,03008,LOS CABOS,4,2026-08-09
03,BAJA CALIFORNIA SUR,2026-04,LOCALIZADA_SIN_VIDA,MUJER,03003,LA PAZ,1,2026-08-09
03,BAJA CALIFORNIA SUR,2026-05,DESAPARECIDA_O_NO_LOCALIZADA,HOMBRE,03001,COMONDÚ,1,2026-08-09
03,BAJA CALIFORNIA SUR,2026-05,DESAPARECIDA_O_NO_LOCALIZADA,HOMBRE,03003,LA PAZ,3,2026-08-09
03,BAJA CALIFORNIA SUR,2026-05,LOCALIZADA_CON_VIDA,MUJER,03001,COMONDÚ,1,2026-08-09
03,BAJA CALIFORNIA SUR,2026-05,LOCALIZADA_CON_VIDA,HOMBRE,03002,MULEGÉ,1,2026-08-09
03,BAJA CALIFORNIA SUR,2026-05,LOCALIZADA_CON_VIDA,MUJER,03002,MULEGÉ,1,2026-08-09
03,BAJA CALIFORNIA SUR,2026-05,LOCALIZADA_CON_VIDA,HOMBRE,03003,LA PAZ,7,2026-08-09
03,BAJA CALIFORNIA SUR,2026-05,LOCALIZADA_CON_VIDA,MUJER,03003,LA PAZ,6,2026-08-09
03,BAJA CALIFORNIA SUR,2026-05,LOCALIZADA_CON_VIDA,HOMBRE,03008,LOS CABOS,3,2026-08-09
03,BAJA CALIFORNIA SUR,2026-05,LOCALIZADA_CON_VIDA,MUJER,03008,LOS CABOS,4,2026-08-09
03,BAJA CALIFORNIA SUR,2026-06,DESAPARECIDA_O_NO_LOCALIZADA,HOMBRE,03003,LA PAZ,2,2026-08-09
03,BAJA CALIFORNIA SUR,2026-06,DESAPARECIDA_O_NO_LOCALIZADA,MUJER,03003,LA PAZ,1,2026-08-09
03,BAJA CALIFORNIA SUR,2026-06,DESAPARECIDA_O_NO_LOCALIZADA,HOMBRE,03008,LOS CABOS,2,2026-08-09
03,BAJA CALIFORNIA SUR,2026-06,DESAPARECIDA_O_NO_LOCALIZADA,MUJER,03008,LOS CABOS,4,2026-08-09
03,BAJA CALIFORNIA SUR,2026-06,LOCALIZADA_CON_VIDA,MUJER,03001,COMONDÚ,1,2026-08-09
03,BAJA CALIFORNIA SUR,2026-06,LOCALIZADA_CON_VIDA,HOMBRE,03003,LA PAZ,10,2026-08-09
03,BAJA CALIFORNIA SUR,2026-06,LOCALIZADA_CON_VIDA,MUJER,03003,LA PAZ,5,2026-08-09
03,BAJA CALIFORNIA SUR,2026-06,LOCALIZADA_CON_VIDA,HOMBRE,03008,LOS CABOS,2,2026-08-09
03,BAJA CALIFORNIA SUR,2026-06,LOCALIZADA_CON_VIDA,MUJER,03008,LOS CABOS,2,2026-08-09
03,BAJA CALIFORNIA SUR,SIN_FECHA,DESAPARECIDA_O_NO_LOCALIZADA,,,,128,2026-08-09
03,BAJA CALIFORNIA SUR,SIN_FECHA,LOCALIZADA_CON_VIDA,,,,59,2026-08-09
03,BAJA CALIFORNIA SUR,SIN_FECHA,LOCALIZADA_SIN_VIDA,,,,35,2026-08-09
04,CAMPECHE,2026-01,DESAPARECIDA_O_NO_LOCALIZADA,HOMBRE,04003,CARMEN,2,2026-08-09
04,CAMPECHE,2026-01,DESAPARECIDA_O_NO_LOCALIZADA,MUJER,04003,CARMEN,2,2026-08-09
04,CAMPECHE,2026-01,LOCALIZADA_CON_VIDA,HOMBRE,04002,CAMPECHE,10,2026-08-09
04,CAMPECHE,2026-01,LOCALIZADA_CON_VIDA,MUJER,04002,CAMPECHE,4,2026-08-09
04,CAMPECHE,2026-01,LOCALIZADA_CON_VIDA,MUJER,04003,CARMEN,4,2026-08-09
04,CAMPECHE,2026-01,LOCALIZADA_CON_VIDA,HOMBRE,04004,CHAMPOTÓN,2,2026-08-09
04,CAMPECHE,2026-01,LOCALIZADA_CON_VIDA,HOMBRE,04006,HOPELCHÉN,1,2026-08-09
04,CAMPECHE,2026-01,LOCALIZADA_CON_VIDA,HOMBRE,04009,ESCÁRCEGA,1,2026-08-09
04,CAMPECHE,2026-01,LOCALIZADA_CON_VIDA,MUJER,04009,ESCÁRCEGA,1,2026-08-09
04,CAMPECHE,2026-01,LOCALIZADA_CON_VIDA,MUJER,04011,CANDELARIA,1,2026-08-09
04,CAMPECHE,2026-02,DESAPARECIDA_O_NO_LOCALIZADA,HOMBRE,04003,CARMEN,1,2026-08-09
04,CAMPECHE,2026-02,LOCALIZADA_CON_VIDA,HOMBRE,04002,CAMPECHE,8,2026-08-09
04,CAMPECHE,2026-02,LOCALIZADA_CON_VIDA,MUJER,04002,CAMPECHE,9,2026-08-09
04,CAMPECHE,2026-02,LOCALIZADA_CON_VIDA,HOMBRE,04003,CARMEN,3,2026-08-09
04,CAMPECHE,2026-02,LOCALIZADA_CON_VIDA,MUJER,04003,CARMEN,1,2026-08-09
04,CAMPECHE,2026-02,LOCALIZADA_CON_VIDA,HOMBRE,04004,CHAMPOTÓN,1,2026-08-09
04,CAMPECHE,2026-02,LOCALIZADA_CON_VIDA,MUJER,04004,CHAMPOTÓN,1,2026-08-09
04,CAMPECHE,2026-02,LOCALIZADA_CON_VIDA,HOMBRE,04005,HECELCHAKÁN,1,2026-08-09
04,CAMPECHE,2026-02,LOCALIZADA_CON_VIDA,HOMBRE,04009,ESCÁRCEGA,1,2026-08-09
04,CAMPECHE,2026-02,LOCALIZADA_CON_VIDA,MUJER,04010,CALAKMUL,1,2026-08-09
04,CAMPECHE,2026-02,LOCALIZADA_CON_VIDA,MUJER,04011,CANDELARIA,2,2026-08-09
04,CAMPECHE,2026-03,DESAPARECIDA_O_NO_LOCALIZADA,HOMBRE,04002,CAMPECHE,1,2026-08-09
04,CAMPECHE,2026-03,DESAPARECIDA_O_NO_LOCALIZADA,HOMBRE,04003,CARMEN,4,2026-08-09
04,CAMPECHE,2026-03,DESAPARECIDA_O_NO_LOCALIZADA,MUJER,04003,CARMEN,1,2026-08-09
04,CAMPECHE,2026-03,DESAPARECIDA_O_NO_LOCALIZADA,HOMBRE,04009,ESCÁRCEGA,1,2026-08-09
04,CAMPECHE,2026-03,DESAPARECIDA_O_NO_LOCALIZADA,MUJER,04010,CALAKMUL,1,2026-08-09
04,CAMPECHE,2026-03,LOCALIZADA_CON_VIDA,MUJER,04001,CALKINÍ,2,2026-08-09
04,CAMPECHE,2026-03,LOCALIZADA_CON_VIDA,HOMBRE,04002,CAMPECHE,1,2026-08-09
04,CAMPECHE,2026-03,LOCALIZADA_CON_VIDA,MUJER,04002,CAMPECHE,10,2026-08-09
04,CAMPECHE,2026-03,LOCALIZADA_CON_VIDA,HOMBRE,04003,CARMEN,1,2026-08-09
04,CAMPECHE,2026-03,LOCALIZADA_CON_VIDA,MUJER,04003,CARMEN,2,2026-08-09
04,CAMPECHE,2026-03,LOCALIZADA_CON_VIDA,HOMBRE,04004,CHAMPOTÓN,2,2026-08-09
04,CAMPECHE,2026-03,LOCALIZADA_CON_VIDA,MUJER,04004,CHAMPOTÓN,1,2026-08-09
04,CAMPECHE,2026-03,LOCALIZADA_CON_VIDA,MUJER,04007,PALIZADA,1,2026-08-09
04,CAMPECHE,2026-03,LOCALIZADA_CON_VIDA,HOMBRE,04009,ESCÁRCEGA,1,2026-08-09
04,CAMPECHE,2026-03,LOCALIZADA_CON_VIDA,MUJER,04009,ESCÁRCEGA,1,2026-08-09
04,CAMPECHE,2026-03,LOCALIZADA_CON_VIDA,MUJER,04014,DZITBALCHE,1,2026-08-09
04,CAMPECHE,2026-04,DESAPARECIDA_O_NO_LOCALIZADA,HOMBRE,04004,CHAMPOTÓN,1,2026-08-09
04,CAMPECHE,2026-04,DESAPARECIDA_O_NO_LOCALIZADA,HOMBRE,04009,ESCÁRCEGA,2,2026-08-09
04,CAMPECHE,2026-04,LOCALIZADA_CON_VIDA,MUJER,04001,CALKINÍ,2,2026-08-09
04,CAMPECHE,2026-04,LOCALIZADA_CON_VIDA,HOMBRE,04002,CAMPECHE,6,2026-08-09
04,CAMPECHE,2026-04,LOCALIZADA_CON_VIDA,MUJER,04002,CAMPECHE,7,2026-08-09
04,CAMPECHE,2026-04,LOCALIZADA_CON_VIDA,MUJER,04003,CARMEN,1,2026-08-09
04,CAMPECHE,2026-04,LOCALIZADA_CON_VIDA,MUJER,04005,HECELCHAKÁN,1,2026-08-09
04,CAMPECHE,2026-04,LOCALIZADA_CON_VIDA,MUJER,04006,HOPELCHÉN,1,2026-08-09
04,CAMPECHE,2026-04,LOCALIZADA_CON_VIDA,MUJER,04011,CANDELARIA,1,2026-08-09
04,CAMPECHE,2026-04,LOCALIZADA_SIN_VIDA,HOMBRE,04009,ESCÁRCEGA,1,2026-08-09
04,CAMPECHE,2026-05,DESAPARECIDA_O_NO_LOCALIZADA,HOMBRE,04003,CARMEN,1,2026-08-09
04,CAMPECHE,2026-05,DESAPARECIDA_O_NO_LOCALIZADA,MUJER,04003,CARMEN,2,2026-08-09
04,CAMPECHE,2026-05,LOCALIZADA_CON_VIDA,HOMBRE,04002,CAMPECHE,7,2026-08-09
04,CAMPECHE,2026-05,LOCALIZADA_CON_VIDA,MUJER,04002,CAMPECHE,8,2026-08-09
04,CAMPECHE,2026-05,LOCALIZADA_CON_VIDA,HOMBRE,04003,CARMEN,3,2026-08-09
04,CAMPECHE,2026-05,LOCALIZADA_CON_VIDA,MUJER,04003,CARMEN,5,2026-08-09
04,CAMPECHE,2026-05,LOCALIZADA_CON_VIDA,MUJER,04004,CHAMPOTÓN,1,2026-08-09
04,CAMPECHE,2026-05,LOCALIZADA_CON_VIDA,MUJER,04007,PALIZADA,1,2026-08-09
04,CAMPECHE,2026-05,LOCALIZADA_CON_VIDA,MUJER,04009,ESCÁRCEGA,1,2026-08-09
04,CAMPECHE,2026-05,LOCALIZADA_CON_VIDA,MUJER,04010,CALAKMUL,1,2026-08-09
04,CAMPECHE,2026-05,LOCALIZADA_CON_VIDA,HOMBRE,04011,CANDELARIA,1,2026-08-09
04,CAMPECHE,2026-05,LOCALIZADA_CON_VIDA,MUJER,04011,CANDELARIA,1,2026-08-09
04,CAMPECHE,2026-05,LOCALIZADA_CON_VIDA,HOMBRE,04014,DZITBALCHE,1,2026-08-09
04,CAMPECHE,2026-05,LOCALIZADA_SIN_VIDA,HOMBRE,04002,CAMPECHE,1,2026-08-09
04,CAMPECHE,2026-06,DESAPARECIDA_O_NO_LOCALIZADA,MUJER,04003,CARMEN,2,2026-08-09
04,CAMPECHE,2026-06,DESAPARECIDA_O_NO_LOCALIZADA,MUJER,04010,CALAKMUL,1,2026-08-09
04,CAMPECHE,2026-06,DESAPARECIDA_O_NO_LOCALIZADA,MUJER,04011,CANDELARIA,1,2026-08-09
04,CAMPECHE,2026-06,LOCALIZADA_CON_VIDA,HOMBRE,04002,CAMPECHE,2,2026-08-09
04,CAMPECHE,2026-06,LOCALIZADA_CON_VIDA,MUJER,04002,CAMPECHE,7,2026-08-09
04,CAMPECHE,2026-06,LOCALIZADA_CON_VIDA,MUJER,04003,CARMEN,1,2026-08-09
04,CAMPECHE,2026-06,LOCALIZADA_CON_VIDA,MUJER,04004,CHAMPOTÓN,1,2026-08-09
04,CAMPECHE,2026-06,LOCALIZADA_CON_VIDA,HOMBRE,04005,HECELCHAKÁN,1,2026-08-09
04,CAMPECHE,2026-06,LOCALIZADA_CON_VIDA,MUJER,04007,PALIZADA,1,2026-08-09
04,CAMPECHE,2026-06,LOCALIZADA_CON_VIDA,MUJER,04009,ESCÁRCEGA,1,2026-08-09
04,CAMPECHE,2026-06,LOCALIZADA_CON_VIDA,MUJER,04011,CANDELARIA,2,2026-08-09
04,CAMPECHE,2026-06,LOCALIZADA_SIN_VIDA,HOMBRE,04009,ESCÁRCEGA,1,2026-08-09
04,CAMPECHE,2026-06,LOCALIZADA_SIN_VIDA,MUJER,04009,ESCÁRCEGA,1,2026-08-09
04,CAMPECHE,2026-07,DESAPARECIDA_O_NO_LOCALIZADA,MUJER,04002,CAMPECHE,1,2026-08-09
04,CAMPECHE,2026-07,DESAPARECIDA_O_NO_LOCALIZADA,HOMBRE,04003,CARMEN,2,2026-08-09
04,CAMPECHE,2026-07,DESAPARECIDA_O_NO_LOCALIZADA,MUJER,04003,CARMEN,1,2026-08-09
04,CAMPECHE,2026-07,DESAPARECIDA_O_NO_LOCALIZADA,MUJER,04004,CHAMPOTÓN,1,2026-08-09
04,CAMPECHE,2026-07,DESAPARECIDA_O_NO_LOCALIZADA,HOMBRE,04008,TENABO,1,2026-08-09
04,CAMPECHE,2026-07,LOCALIZADA_CON_VIDA,MUJER,04001,CALKINÍ,1,2026-08-09
04,CAMPECHE,2026-07,LOCALIZADA_CON_VIDA,HOMBRE,04002,CAMPECHE,2,2026-08-09
04,CAMPECHE,2026-07,LOCALIZADA_CON_VIDA,MUJER,04002,CAMPECHE,7,2026-08-09
04,CAMPECHE,2026-07,LOCALIZADA_CON_VIDA,HOMBRE,04003,CARMEN,2,2026-08-09
04,CAMPECHE,2026-07,LOCALIZADA_CON_VIDA,MUJER,04003,CARMEN,3,2026-08-09
04,CAMPECHE,2026-07,LOCALIZADA_CON_VIDA,MUJER,04005,HECELCHAKÁN,2,2026-08-09
04,CAMPECHE,2026-07,LOCALIZADA_CON_VIDA,HOMBRE,04009,ESCÁRCEGA,1,2026-08-09
04,CAMPECHE,2026-07,LOCALIZADA_CON_VIDA,MUJER,04011,CANDELARIA,1,2026-08-09
04,CAMPECHE,2026-07,LOCALIZADA_SIN_VIDA,HOMBRE,04007,PALIZADA,1,2026-08-09
04,CAMPECHE,SIN_FECHA,DESAPARECIDA_O_NO_LOCALIZADA,,,,2,2026-08-09
04,CAMPECHE,SIN_FECHA,LOCALIZADA_CON_VIDA,,,,25,2026-08-09
04,CAMPECHE,SIN_FECHA,LOCALIZADA_SIN_VIDA,,,,1,2026-08-09
05,COAHUILA,2026-01,DESAPARECIDA_O_NO_LOCALIZADA,HOMBRE,05005,CANDELA,1,2026-08-09
05,COAHUILA,2026-01,DESAPARECIDA_O_NO_LOCALIZADA,MUJER,05005,CANDELA,1,2026-08-09
05,COAHUILA,2026-01,DESAPARECIDA_O_NO_LOCALIZADA,HOMBRE,05006,CASTAÑOS,1,2026-08-09
05,COAHUILA,2026-01,DESAPARECIDA_O_NO_LOCALIZADA,HOMBRE,05018,MONCLOVA,1,2026-08-09
05,COAHUILA,2026-01,DESAPARECIDA_O_NO_LOCALIZADA,HOMBRE,05030,SALTILLO,1,2026-08-09
05,COAHUILA,2026-01,DESAPARECIDA_O_NO_LOCALIZADA,HOMBRE,05035,TORREÓN,1,2026-08-09
05,COAHUILA,2026-02,DESAPARECIDA_O_NO_LOCALIZADA,HOMBRE,05030,SALTILLO,2,2026-08-09
05,COAHUILA,2026-02,LOCALIZADA_CON_VIDA,HOMBRE,05035,TORREÓN,1,2026-08-09
05,COAHUILA,2026-03,DESAPARECIDA_O_NO_LOCALIZADA,HOMBRE,05030,SALTILLO,1,2026-08-09
05,COAHUILA,2026-03,LOCALIZADA_CON_VIDA,HOMBRE,05006,CASTAÑOS,1,2026-08-09
05,COAHUILA,2026-03,LOCALIZADA_CON_VIDA,MUJER,05006,CASTAÑOS,1,2026-08-09
05,COAHUILA,2026-03,LOCALIZADA_CON_VIDA,MUJER,05018,MONCLOVA,1,2026-08-09
05,COAHUILA,2026-04,DESAPARECIDA_O_NO_LOCALIZADA,HOMBRE,05018,MONCLOVA,1,2026-08-09
05,COAHUILA,2026-04,DESAPARECIDA_O_NO_LOCALIZADA,HOMBRE,05023,OCAMPO,1,2026-08-09
05,COAHUILA,2026-04,DESAPARECIDA_O_NO_LOCALIZADA,HOMBRE,05030,SALTILLO,1,2026-08-09
05,COAHUILA,2026-04,DESAPARECIDA_O_NO_LOCALIZADA,HOMBRE,05035,TORREÓN,1,2026-08-09
05,COAHUILA,2026-04,LOCALIZADA_CON_VIDA,HOMBRE,05018,MONCLOVA,1,2026-08-09
05,COAHUILA,2026-06,DESAPARECIDA_O_NO_LOCALIZADA,HOMBRE,05025,PIEDRAS NEGRAS,1,2026-08-09
05,COAHUILA,2026-06,DESAPARECIDA_O_NO_LOCALIZADA,HOMBRE,05028,SABINAS,1,2026-08-09
05,COAHUILA,2026-06,LOCALIZADA_CON_VIDA,HOMBRE,05018,MONCLOVA,1,2026-08-09
05,COAHUILA,SIN_FECHA,DESAPARECIDA_O_NO_LOCALIZADA,,,,142,2026-08-09
05,COAHUILA,SIN_FECHA,LOCALIZADA_CON_VIDA,,,,23,2026-08-09
05,COAHUILA,SIN_FECHA,LOCALIZADA_SIN_VIDA,,,,10,2026-08-09
06,COLIMA,2026-01,DESAPARECIDA_O_NO_LOCALIZADA,HOMBRE,06002,COLIMA,1,2026-08-09
06,COLIMA,2026-01,DESAPARECIDA_O_NO_LOCALIZADA,HOMBRE,06007,MANZANILLO,1,2026-08-09
06,COLIMA,2026-01,DESAPARECIDA_O_NO_LOCALIZADA,MUJER,06007,MANZANILLO,1,2026-08-09
06,COLIMA,2026-01,DESAPARECIDA_O_NO_LOCALIZADA,HOMBRE,06009,TECOMÁN,1,2026-08-09
06,COLIMA,2026-01,DESAPARECIDA_O_NO_LOCALIZADA,MUJER,06010,VILLA DE ALVAREZ,1,2026-08-09
06,COLIMA,2026-01,LOCALIZADA_SIN_VIDA,HOMBRE,06007,MANZANILLO,1,2026-08-09
06,COLIMA,2026-02,DESAPARECIDA_O_NO_LOCALIZADA,HOMBRE,06001,ARMERÍA,1,2026-08-09
06,COLIMA,2026-02,DESAPARECIDA_O_NO_LOCALIZADA,HOMBRE,06002,COLIMA,2,2026-08-09
06,COLIMA,2026-02,DESAPARECIDA_O_NO_LOCALIZADA,HOMBRE,06009,TECOMÁN,1,2026-08-09
06,COLIMA,2026-03,DESAPARECIDA_O_NO_LOCALIZADA,HOMBRE,06003,COMALA,1,2026-08-09
06,COLIMA,2026-03,DESAPARECIDA_O_NO_LOCALIZADA,HOMBRE,06006,IXTLAHUACÁN,1,2026-08-09
06,COLIMA,2026-03,DESAPARECIDA_O_NO_LOCALIZADA,HOMBRE,06009,TECOMÁN,3,2026-08-09
06,COLIMA,2026-03,LOCALIZADA_SIN_VIDA,HOMBRE,06009,TECOMÁN,1,2026-08-09
06,COLIMA,2026-04,DESAPARECIDA_O_NO_LOCALIZADA,HOMBRE,06009,TECOMÁN,1,2026-08-09
06,COLIMA,2026-04,LOCALIZADA_CON_VIDA,HOMBRE,06002,COLIMA,1,2026-08-09
06,COLIMA,2026-04,LOCALIZADA_CON_VIDA,HOMBRE,06010,VILLA DE ALVAREZ,1,2026-08-09
06,COLIMA,2026-04,LOCALIZADA_SIN_VIDA,HOMBRE,06010,VILLA DE ALVAREZ,1,2026-08-09
06,COLIMA,2026-05,DESAPARECIDA_O_NO_LOCALIZADA,HOMBRE,06004,COQUIMATLÁN,2,2026-08-09
06,COLIMA,2026-05,DESAPARECIDA_O_NO_LOCALIZADA,HOMBRE,06007,MANZANILLO,1,2026-08-09
06,COLIMA,2026-06,DESAPARECIDA_O_NO_LOCALIZADA,HOMBRE,06002,COLIMA,1,2026-08-09
06,COLIMA,SIN_FECHA,DESAPARECIDA_O_NO_LOCALIZADA,,,,387,2026-08-09
06,COLIMA,SIN_FECHA,LOCALIZADA_CON_VIDA,,,,500,2026-08-09
06,COLIMA,SIN_FECHA,LOCALIZADA_SIN_VIDA,,,,100,2026-08-09
07,CHIAPAS,2026-01,DESAPARECIDA_O_NO_LOCALIZADA,HOMBRE,07009,ARRIAGA,1,2026-08-09
07,CHIAPAS,2026-01,DESAPARECIDA_O_NO_LOCALIZADA,MUJER,07009,ARRIAGA,1,2026-08-09
07,CHIAPAS,2026-01,DESAPARECIDA_O_NO_LOCALIZADA,HOMBRE,07017,CINTALAPA,1,2026-08-09
07,CHIAPAS,2026-01,DESAPARECIDA_O_NO_LOCALIZADA,MUJER,07023,CHAMULA,1,2026-08-09
07,CHIAPAS,2026-01,DESAPARECIDA_O_NO_LOCALIZADA,HOMBRE,07026,CHENALHÓ,1,2026-08-09
07,CHIAPAS,2026-01,DESAPARECIDA_O_NO_LOCALIZADA,HOMBRE,07027,CHIAPA DE CORZO,2,2026-08-09
07,CHIAPAS,2026-01,DESAPARECIDA_O_NO_LOCALIZADA,MUJER,07027,CHIAPA DE CORZO,2,2026-08-09
07,CHIAPAS,2026-01,DESAPARECIDA_O_NO_LOCALIZADA,HOMBRE,07029,CHICOASÉN,1,2026-08-09
07,CHIAPAS,2026-01,DESAPARECIDA_O_NO_LOCALIZADA,HOMBRE,07034,FRONTERA COMALAPA,1,2026-08-09
07,CHIAPAS,2026-01,DESAPARECIDA_O_NO_LOCALIZADA,HOMBRE,07051,MAPASTEPEC,1,2026-08-09
07,CHIAPAS,2026-01,DESAPARECIDA_O_NO_LOCALIZADA,HOMBRE,07061,OCOZOCOAUTLA DE ESPINOSA,3,2026-08-09
07,CHIAPAS,2026-01,DESAPARECIDA_O_NO_LOCALIZADA,HOMBRE,07069,PIJIJIAPAN,1,2026-08-09
07,CHIAPAS,2026-01,DESAPARECIDA_O_NO_LOCALIZADA,MUJER,07075,LAS ROSAS,1,2026-08-09
07,CHIAPAS,2026-01,DESAPARECIDA_O_NO_LOCALIZADA,HOMBRE,07078,SAN CRISTÓBAL DE LAS CASAS,1,2026-08-09
07,CHIAPAS,2026-01,DESAPARECIDA_O_NO_LOCALIZADA,MUJER,07083,SOCOLTENANGO,1,2026-08-09
07,CHIAPAS,2026-01,DESAPARECIDA_O_NO_LOCALIZADA,HOMBRE,07087,SUCHIATE,4,2026-08-09
07,CHIAPAS,2026-01,DESAPARECIDA_O_NO_LOCALIZADA,HOMBRE,07099,LA TRINITARIA,1,2026-08-09
07,CHIAPAS,2026-01,DESAPARECIDA_O_NO_LOCALIZADA,HOMBRE,07101,TUXTLA GUTIÉRREZ,2,2026-08-09
07,CHIAPAS,2026-01,DESAPARECIDA_O_NO_LOCALIZADA,MUJER,07101,TUXTLA GUTIÉRREZ,2,2026-08-09
07,CHIAPAS,2026-01,DESAPARECIDA_O_NO_LOCALIZADA,HOMBRE,07102,TUXTLA CHICO,2,2026-08-09
07,CHIAPAS,2026-01,DESAPARECIDA_O_NO_LOCALIZADA,HOMBRE,07107,VILLA CORZO,1,2026-08-09
07,CHIAPAS,2026-01,DESAPARECIDA_O_NO_LOCALIZADA,HOMBRE,07108,VILLAFLORES,1,2026-08-09
07,CHIAPAS,2026-01,LOCALIZADA_CON_VIDA,HOMBRE,07001,ACACOYAGUA,1,2026-08-09
07,CHIAPAS,2026-01,LOCALIZADA_CON_VIDA,MUJER,07001,ACACOYAGUA,1,2026-08-09
07,CHIAPAS,2026-01,LOCALIZADA_CON_VIDA,HOMBRE,07007,AMATENANGO DEL VALLE,1,2026-08-09
07,CHIAPAS,2026-01,LOCALIZADA_CON_VIDA,MUJER,07012,BERRIOZÁBAL,2,2026-08-09
07,CHIAPAS,2026-01,LOCALIZADA_CON_VIDA,HOMBRE,07013,BOCHIL,1,2026-08-09
07,CHIAPAS,2026-01,LOCALIZADA_CON_VIDA,MUJER,07015,CACAHOATÁN,1,2026-08-09
07,CHIAPAS,2026-01,LOCALIZADA_CON_VIDA,HOMBRE,07017,CINTALAPA,1,2026-08-09
07,CHIAPAS,2026-01,LOCALIZADA_CON_VIDA,MUJER,07017,CINTALAPA,1,2026-08-09
07,CHIAPAS,2026-01,LOCALIZADA_CON_VIDA,HOMBRE,07019,COMITÁN DE DOMÍNGUEZ,2,2026-08-09
07,CHIAPAS,2026-01,LOCALIZADA_CON_VIDA,HOMBRE,07021,COPAINALÁ,1,2026-08-09
07,CHIAPAS,2026-01,LOCALIZADA_CON_VIDA,MUJER,07027,CHIAPA DE CORZO,1,2026-08-09
07,CHIAPAS,2026-01,LOCALIZADA_CON_VIDA,HOMBRE,07029,CHICOASÉN,1,2026-08-09
07,CHIAPAS,2026-01,LOCALIZADA_CON_VIDA,HOMBRE,07034,FRONTERA COMALAPA,1,2026-08-09
07,CHIAPAS,2026-01,LOCALIZADA_CON_VIDA,MUJER,07034,FRONTERA COMALAPA,1,2026-08-09
07,CHIAPAS,2026-01,LOCALIZADA_CON_VIDA,MUJER,07039,HUITIUPÁN,1,2026-08-09
07,CHIAPAS,2026-01,LOCALIZADA_CON_VIDA,MUJER,07040,HUIXTLA,1,2026-08-09
07,CHIAPAS,2026-01,LOCALIZADA_CON_VIDA,MUJER,07046,JIQUIPILAS,1,2026-08-09
07,CHIAPAS,2026-01,LOCALIZADA_CON_VIDA,MUJER,07051,MAPASTEPEC,1,2026-08-09
07,CHIAPAS,2026-01,LOCALIZADA_CON_VIDA,MUJER,07054,MAZATÁN,1,2026-08-09
07,CHIAPAS,2026-01,LOCALIZADA_CON_VIDA,MUJER,07059,OCOSINGO,1,2026-08-09
07,CHIAPAS,2026-01,LOCALIZADA_CON_VIDA,HOMBRE,07064,OXCHUC,1,2026-08-09
07,CHIAPAS,2026-01,LOCALIZADA_CON_VIDA,MUJER,07066,PANTELHÓ,1,2026-08-09
07,CHIAPAS,2026-01,LOCALIZADA_CON_VIDA,MUJER,07069,PIJIJIAPAN,2,2026-08-09
07,CHIAPAS,2026-01,LOCALIZADA_CON_VIDA,HOMBRE,07078,SAN CRISTÓBAL DE LAS CASAS,2,2026-08-09
07,CHIAPAS,2026-01,LOCALIZADA_CON_VIDA,MUJER,07078,SAN CRISTÓBAL DE LAS CASAS,3,2026-08-09
07,CHIAPAS,2026-01,LOCALIZADA_CON_VIDA,MUJER,07085,SOYALÓ,1,2026-08-09
07,CHIAPAS,2026-01,LOCALIZADA_CON_VIDA,HOMBRE,07089,TAPACHULA,3,2026-08-09
07,CHIAPAS,2026-01,LOCALIZADA_CON_VIDA,MUJER,07089,TAPACHULA,5,2026-08-09
07,CHIAPAS,2026-01,LOCALIZADA_CON_VIDA,MUJER,07097,TONALÁ,1,2026-08-09
07,CHIAPAS,2026-01,LOCALIZADA_CON_VIDA,HOMBRE,07099,LA TRINITARIA,1,2026-08-09
07,CHIAPAS,2026-01,LOCALIZADA_CON_VIDA,HOMBRE,07101,TUXTLA GUTIÉRREZ,8,2026-08-09
07,CHIAPAS,2026-01,LOCALIZADA_CON_VIDA,MUJER,07101,TUXTLA GUTIÉRREZ,12,2026-08-09
07,CHIAPAS,2026-01,LOCALIZADA_CON_VIDA,HOMBRE,07107,VILLA CORZO,2,2026-08-09
07,CHIAPAS,2026-01,LOCALIZADA_CON_VIDA,MUJER,07107,VILLA CORZO,1,2026-08-09
07,CHIAPAS,2026-01,LOCALIZADA_CON_VIDA,HOMBRE,07108,VILLAFLORES,1,2026-08-09
07,CHIAPAS,2026-01,LOCALIZADA_CON_VIDA,MUJER,07114,BENEMÉRITO DE LAS AMÉRICAS,1,2026-08-09
07,CHIAPAS,2026-01,LOCALIZADA_CON_VIDA,HOMBRE,07122,RINCÓN CHAMULA SAN PEDRO,1,2026-08-09
07,CHIAPAS,2026-01,LOCALIZADA_SIN_VIDA,HOMBRE,07009,ARRIAGA,1,2026-08-09
07,CHIAPAS,2026-01,LOCALIZADA_SIN_VIDA,HOMBRE,07012,BERRIOZÁBAL,1,2026-08-09
07,CHIAPAS,2026-01,LOCALIZADA_SIN_VIDA,HOMBRE,07019,COMITÁN DE DOMÍNGUEZ,1,2026-08-09
07,CHIAPAS,2026-01,LOCALIZADA_SIN_VIDA,HOMBRE,07089,TAPACHULA,1,2026-08-09
07,CHIAPAS,2026-01,LOCALIZADA_SIN_VIDA,HOMBRE,07101,TUXTLA GUTIÉRREZ,2,2026-08-09
07,CHIAPAS,2026-02,DESAPARECIDA_O_NO_LOCALIZADA,HOMBRE,07012,BERRIOZÁBAL,4,2026-08-09
07,CHIAPAS,2026-02,DESAPARECIDA_O_NO_LOCALIZADA,HOMBRE,07019,COMITÁN DE DOMÍNGUEZ,1,2026-08-09
07,CHIAPAS,2026-02,DESAPARECIDA_O_NO_LOCALIZADA,HOMBRE,07051,MAPASTEPEC,3,2026-08-09
07,CHIAPAS,2026-02,DESAPARECIDA_O_NO_LOCALIZADA,MUJER,07051,MAPASTEPEC,2,2026-08-09
07,CHIAPAS,2026-02,DESAPARECIDA_O_NO_LOCALIZADA,HOMBRE,07065,PALENQUE,1,2026-08-09
07,CHIAPAS,2026-02,DESAPARECIDA_O_NO_LOCALIZADA,MUJER,07065,PALENQUE,2,2026-08-09
07,CHIAPAS,2026-02,DESAPARECIDA_O_NO_LOCALIZADA,HOMBRE,07069,PIJIJIAPAN,1,2026-08-09
07,CHIAPAS,2026-02,DESAPARECIDA_O_NO_LOCALIZADA,HOMBRE,07071,VILLA COMALTITLÁN,1,2026-08-09
07,CHIAPAS,2026-02,DESAPARECIDA_O_NO_LOCALIZADA,MUJER,07071,VILLA COMALTITLÁN,1,2026-08-09
07,CHIAPAS,2026-02,DESAPARECIDA_O_NO_LOCALIZADA,HOMBRE,07078,SAN CRISTÓBAL DE LAS CASAS,1,2026-08-09
07,CHIAPAS,2026-02,DESAPARECIDA_O_NO_LOCALIZADA,HOMBRE,07087,SUCHIATE,1,2026-08-09
07,CHIAPAS,2026-02,DESAPARECIDA_O_NO_LOCALIZADA,HOMBRE,07089,TAPACHULA,2,2026-08-09
07,CHIAPAS,2026-02,DESAPARECIDA_O_NO_LOCALIZADA,MUJER,07089,TAPACHULA,1,2026-08-09
07,CHIAPAS,2026-02,DESAPARECIDA_O_NO_LOCALIZADA,HOMBRE,07101,TUXTLA GUTIÉRREZ,6,2026-08-09
07,CHIAPAS,2026-02,DESAPARECIDA_O_NO_LOCALIZADA,HOMBRE,07102,TUXTLA CHICO,1,2026-08-09
07,CHIAPAS,2026-02,DESAPARECIDA_O_NO_LOCALIZADA,HOMBRE,07108,VILLAFLORES,1,2026-08-09
07,CHIAPAS,2026-02,LOCALIZADA_CON_VIDA,MUJER,07012,BERRIOZÁBAL,1,2026-08-09
07,CHIAPAS,2026-02,LOCALIZADA_CON_VIDA,MUJER,07014,EL BOSQUE,1,2026-08-09
07,CHIAPAS,2026-02,LOCALIZADA_CON_VIDA,HOMBRE,07015,CACAHOATÁN,2,2026-08-09
07,CHIAPAS,2026-02,LOCALIZADA_CON_VIDA,HOMBRE,07019,COMITÁN DE DOMÍNGUEZ,2,2026-08-09
07,CHIAPAS,2026-02,LOCALIZADA_CON_VIDA,MUJER,07019,COMITÁN DE DOMÍNGUEZ,2,2026-08-09
07,CHIAPAS,2026-02,LOCALIZADA_CON_VIDA,MUJER,07021,COPAINALÁ,1,2026-08-09
07,CHIAPAS,2026-02,LOCALIZADA_CON_VIDA,MUJER,07027,CHIAPA DE CORZO,4,2026-08-09
07,CHIAPAS,2026-02,LOCALIZADA_CON_VIDA,MUJER,07031,CHILÓN,1,2026-08-09
07,CHIAPAS,2026-02,LOCALIZADA_CON_VIDA,HOMBRE,07035,FRONTERA HIDALGO,1,2026-08-09
07,CHIAPAS,2026-02,LOCALIZADA_CON_VIDA,HOMBRE,07040,HUIXTLA,1,2026-08-09
07,CHIAPAS,2026-02,LOCALIZADA_CON_VIDA,MUJER,07040,HUIXTLA,1,2026-08-09
07,CHIAPAS,2026-02,LOCALIZADA_CON_VIDA,HOMBRE,07046,JIQUIPILAS,1,2026-08-09
07,CHIAPAS,2026-02,LOCALIZADA_CON_VIDA,HOMBRE,07049,LARRÁINZAR,1,2026-08-09
07,CHIAPAS,2026-02,LOCALIZADA_CON_VIDA,HOMBRE,07057,MOTOZINTLA,1,2026-08-09
07,CHIAPAS,2026-02,LOCALIZADA_CON_VIDA,MUJER,07061,OCOZOCOAUTLA DE ESPINOSA,1,2026-08-09
07,CHIAPAS,2026-02,LOCALIZADA_CON_VIDA,HOMBRE,07068,PICHUCALCO,2,2026-08-09
07,CHIAPAS,2026-02,LOCALIZADA_CON_VIDA,HOMBRE,07071,VILLA COMALTITLÁN,1,2026-08-09
07,CHIAPAS,2026-02,LOCALIZADA_CON_VIDA,MUJER,07072,PUEBLO NUEVO SOLISTAHUACÁN,1,2026-08-09
07,CHIAPAS,2026-02,LOCALIZADA_CON_VIDA,HOMBRE,07078,SAN CRISTÓBAL DE LAS CASAS,7,2026-08-09
07,CHIAPAS,2026-02,LOCALIZADA_CON_VIDA,MUJER,07078,SAN CRISTÓBAL DE LAS CASAS,2,2026-08-09
07,CHIAPAS,2026-02,LOCALIZADA_CON_VIDA,HOMBRE,07089,TAPACHULA,5,2026-08-09
07,CHIAPAS,2026-02,LOCALIZADA_CON_VIDA,MUJER,07089,TAPACHULA,5,2026-08-09
07,CHIAPAS,2026-02,LOCALIZADA_CON_VIDA,MUJER,07097,TONALÁ,1,2026-08-09
07,CHIAPAS,2026-02,LOCALIZADA_CON_VIDA,HOMBRE,07101,TUXTLA GUTIÉRREZ,5,2026-08-09
07,CHIAPAS,2026-02,LOCALIZADA_CON_VIDA,MUJER,07101,TUXTLA GUTIÉRREZ,5,2026-08-09
07,CHIAPAS,2026-02,LOCALIZADA_CON_VIDA,HOMBRE,07102,TUXTLA CHICO,1,2026-08-09
07,CHIAPAS,2026-02,LOCALIZADA_CON_VIDA,MUJER,07109,YAJALÓN,1,2026-08-09
07,CHIAPAS,2026-02,LOCALIZADA_SIN_VIDA,HOMBRE,07065,PALENQUE,2,2026-08-09
07,CHIAPAS,2026-02,LOCALIZADA_SIN_VIDA,MUJER,07065,PALENQUE,1,2026-08-09
07,CHIAPAS,2026-02,LOCALIZADA_SIN_VIDA,HOMBRE,07101,TUXTLA GUTIÉRREZ,1,2026-08-09
07,CHIAPAS,2026-03,DESAPARECIDA_O_NO_LOCALIZADA,HOMBRE,07001,ACACOYAGUA,1,2026-08-09
07,CHIAPAS,2026-03,DESAPARECIDA_O_NO_LOCALIZADA,HOMBRE,07002,ACALA,1,2026-08-09
07,CHIAPAS,2026-03,DESAPARECIDA_O_NO_LOCALIZADA,HOMBRE,07003,ACAPETAHUA,1,2026-08-09
07,CHIAPAS,2026-03,DESAPARECIDA_O_NO_LOCALIZADA,HOMBRE,07009,ARRIAGA,1,2026-08-09
07,CHIAPAS,2026-03,DESAPARECIDA_O_NO_LOCALIZADA,MUJER,07009,ARRIAGA,1,2026-08-09
07,CHIAPAS,2026-03,DESAPARECIDA_O_NO_LOCALIZADA,MUJER,07019,COMITÁN DE DOMÍNGUEZ,2,2026-08-09
07,CHIAPAS,2026-03,DESAPARECIDA_O_NO_LOCALIZADA,MUJER,07027,CHIAPA DE CORZO,1,2026-08-09
07,CHIAPAS,2026-03,DESAPARECIDA_O_NO_LOCALIZADA,HOMBRE,07031,CHILÓN,1,2026-08-09
07,CHIAPAS,2026-03,DESAPARECIDA_O_NO_LOCALIZADA,HOMBRE,07032,ESCUINTLA,1,2026-08-09
07,CHIAPAS,2026-03,DESAPARECIDA_O_NO_LOCALIZADA,HOMBRE,07040,HUIXTLA,1,2026-08-09
07,CHIAPAS,2026-03,DESAPARECIDA_O_NO_LOCALIZADA,HOMBRE,07046,JIQUIPILAS,2,2026-08-09
07,CHIAPAS,2026-03,DESAPARECIDA_O_NO_LOCALIZADA,HOMBRE,07051,MAPASTEPEC,6,2026-08-09
07,CHIAPAS,2026-03,DESAPARECIDA_O_NO_LOCALIZADA,HOMBRE,07061,OCOZOCOAUTLA DE ESPINOSA,3,2026-08-09
07,CHIAPAS,2026-03,DESAPARECIDA_O_NO_LOCALIZADA,HOMBRE,07069,PIJIJIAPAN,1,2026-08-09
07,CHIAPAS,2026-03,DESAPARECIDA_O_NO_LOCALIZADA,HOMBRE,07071,VILLA COMALTITLÁN,2,2026-08-09
07,CHIAPAS,2026-03,DESAPARECIDA_O_NO_LOCALIZADA,HOMBRE,07074,REFORMA,3,2026-08-09
07,CHIAPAS,2026-03,DESAPARECIDA_O_NO_LOCALIZADA,MUJER,07074,REFORMA,1,2026-08-09
07,CHIAPAS,2026-03,DESAPARECIDA_O_NO_LOCALIZADA,HOMBRE,07079,SAN FERNANDO,1,2026-08-09
07,CHIAPAS,2026-03,DESAPARECIDA_O_NO_LOCALIZADA,MUJER,07079,SAN FERNANDO,1,2026-08-09
07,CHIAPAS,2026-03,DESAPARECIDA_O_NO_LOCALIZADA,HOMBRE,07087,SUCHIATE,1,2026-08-09
07,CHIAPAS,2026-03,DESAPARECIDA_O_NO_LOCALIZADA,HOMBRE,07089,TAPACHULA,1,2026-08-09
07,CHIAPAS,2026-03,DESAPARECIDA_O_NO_LOCALIZADA,MUJER,07089,TAPACHULA,1,2026-08-09
07,CHIAPAS,2026-03,DESAPARECIDA_O_NO_LOCALIZADA,MUJER,07096,TILA,1,2026-08-09
07,CHIAPAS,2026-03,DESAPARECIDA_O_NO_LOCALIZADA,HOMBRE,07101,TUXTLA GUTIÉRREZ,6,2026-08-09
07,CHIAPAS,2026-03,DESAPARECIDA_O_NO_LOCALIZADA,MUJER,07101,TUXTLA GUTIÉRREZ,3,2026-08-09
07,CHIAPAS,2026-03,DESAPARECIDA_O_NO_LOCALIZADA,HOMBRE,07130,EMILIANO ZAPATA,2,2026-08-09
07,CHIAPAS,2026-03,LOCALIZADA_CON_VIDA,HOMBRE,07003,ACAPETAHUA,1,2026-08-09
07,CHIAPAS,2026-03,LOCALIZADA_CON_VIDA,MUJER,07003,ACAPETAHUA,1,2026-08-09
07,CHIAPAS,2026-03,LOCALIZADA_CON_VIDA,HOMBRE,07006,AMATENANGO DE LA FRONTERA,1,2026-08-09
07,CHIAPAS,2026-03,LOCALIZADA_CON_VIDA,HOMBRE,07009,ARRIAGA,6,2026-08-09
07,CHIAPAS,2026-03,LOCALIZADA_CON_VIDA,HOMBRE,07012,BERRIOZÁBAL,1,2026-08-09
07,CHIAPAS,2026-03,LOCALIZADA_CON_VIDA,HOMBRE,07013,BOCHIL,1,2026-08-09
07,CHIAPAS,2026-03,LOCALIZADA_CON_VIDA,MUJER,07019,COMITÁN DE DOMÍNGUEZ,2,2026-08-09
07,CHIAPAS,2026-03,LOCALIZADA_CON_VIDA,MUJER,07026,CHENALHÓ,1,2026-08-09
07,CHIAPAS,2026-03,LOCALIZADA_CON_VIDA,HOMBRE,07027,CHIAPA DE CORZO,1,2026-08-09
07,CHIAPAS,2026-03,LOCALIZADA_CON_VIDA,MUJER,07027,CHIAPA DE CORZO,3,2026-08-09
07,CHIAPAS,2026-03,LOCALIZADA_CON_VIDA,MUJER,07031,CHILÓN,1,2026-08-09
07,CHIAPAS,2026-03,LOCALIZADA_CON_VIDA,HOMBRE,07040,HUIXTLA,2,2026-08-09
07,CHIAPAS,2026-03,LOCALIZADA_CON_VIDA,MUJER,07040,HUIXTLA,1,2026-08-09
07,CHIAPAS,2026-03,LOCALIZADA_CON_VIDA,MUJER,07051,MAPASTEPEC,1,2026-08-09
07,CHIAPAS,2026-03,LOCALIZADA_CON_VIDA,MUJER,07054,MAZATÁN,1,2026-08-09
07,CHIAPAS,2026-03,LOCALIZADA_CON_VIDA,HOMBRE,07059,OCOSINGO,1,2026-08-09
07,CHIAPAS,2026-03,LOCALIZADA_CON_VIDA,MUJER,07059,OCOSINGO,1,2026-08-09
07,CHIAPAS,2026-03,LOCALIZADA_CON_VIDA,HOMBRE,07061,OCOZOCOAUTLA DE ESPINOSA,1,2026-08-09
07,CHIAPAS,2026-03,LOCALIZADA_CON_VIDA,MUJER,07069,PIJIJIAPAN,2,2026-08-09
07,CHIAPAS,2026-03,LOCALIZADA_CON_VIDA,MUJER,07074,REFORMA,2,2026-08-09
07,CHIAPAS,2026-03,LOCALIZADA_CON_VIDA,HOMBRE,07078,SAN CRISTÓBAL DE LAS CASAS,2,2026-08-09
07,CHIAPAS,2026-03,LOCALIZADA_CON_VIDA,MUJER,07078,SAN CRISTÓBAL DE LAS CASAS,1,2026-08-09
07,CHIAPAS,2026-03,LOCALIZADA_CON_VIDA,MUJER,07079,SAN FERNANDO,1,2026-08-09
07,CHIAPAS,2026-03,LOCALIZADA_CON_VIDA,HOMBRE,07086,SUCHIAPA,1,2026-08-09
07,CHIAPAS,2026-03,LOCALIZADA_CON_VIDA,HOMBRE,07089,TAPACHULA,8,2026-08-09
07,CHIAPAS,2026-03,LOCALIZADA_CON_VIDA,MUJER,07089,TAPACHULA,3,2026-08-09
07,CHIAPAS,2026-03,LOCALIZADA_CON_VIDA,HOMBRE,07094,TEOPISCA,1,2026-08-09
07,CHIAPAS,2026-03,LOCALIZADA_CON_VIDA,HOMBRE,07097,TONALÁ,2,2026-08-09
07,CHIAPAS,2026-03,LOCALIZADA_CON_VIDA,MUJER,07097,TONALÁ,8,2026-08-09
07,CHIAPAS,2026-03,LOCALIZADA_CON_VIDA,HOMBRE,07101,TUXTLA GUTIÉRREZ,11,2026-08-09
07,CHIAPAS,2026-03,LOCALIZADA_CON_VIDA,MUJER,07101,TUXTLA GUTIÉRREZ,22,2026-08-09
07,CHIAPAS,2026-03,LOCALIZADA_CON_VIDA,HOMBRE,07108,VILLAFLORES,2,2026-08-09
07,CHIAPAS,2026-03,LOCALIZADA_CON_VIDA,HOMBRE,07116,MARQUÉS DE COMILLAS,1,2026-08-09
07,CHIAPAS,2026-03,LOCALIZADA_CON_VIDA,MUJER,07130,EMILIANO ZAPATA,1,2026-08-09
07,CHIAPAS,2026-04,DESAPARECIDA_O_NO_LOCALIZADA,HOMBRE,07007,AMATENANGO DEL VALLE,4,2026-08-09
07,CHIAPAS,2026-04,DESAPARECIDA_O_NO_LOCALIZADA,HOMBRE,07017,CINTALAPA,1,2026-08-09
07,CHIAPAS,2026-04,DESAPARECIDA_O_NO_LOCALIZADA,HOMBRE,07019,COMITÁN DE DOMÍNGUEZ,1,2026-08-09
07,CHIAPAS,2026-04,DESAPARECIDA_O_NO_LOCALIZADA,MUJER,07022,CHALCHIHUITÁN,1,2026-08-09
07,CHIAPAS,2026-04,DESAPARECIDA_O_NO_LOCALIZADA,HOMBRE,07027,CHIAPA DE CORZO,3,2026-08-09
07,CHIAPAS,2026-04,DESAPARECIDA_O_NO_LOCALIZADA,HOMBRE,07031,CHILÓN,1,2026-08-09
07,CHIAPAS,2026-04,DESAPARECIDA_O_NO_LOCALIZADA,HOMBRE,07035,FRONTERA HIDALGO,1,2026-08-09
07,CHIAPAS,2026-04,DESAPARECIDA_O_NO_LOCALIZADA,HOMBRE,07040,HUIXTLA,1,2026-08-09
07,CHIAPAS,2026-04,DESAPARECIDA_O_NO_LOCALIZADA,HOMBRE,07044,IXTAPA,1,2026-08-09
07,CHIAPAS,2026-04,DESAPARECIDA_O_NO_LOCALIZADA,HOMBRE,07046,JIQUIPILAS,3,2026-08-09
07,CHIAPAS,2026-04,DESAPARECIDA_O_NO_LOCALIZADA,MUJER,07047,JITOTOL,1,2026-08-09
07,CHIAPAS,2026-04,DESAPARECIDA_O_NO_LOCALIZADA,HOMBRE,07051,MAPASTEPEC,2,2026-08-09
07,CHIAPAS,2026-04,DESAPARECIDA_O_NO_LOCALIZADA,HOMBRE,07054,MAZATÁN,2,2026-08-09
07,CHIAPAS,2026-04,DESAPARECIDA_O_NO_LOCALIZADA,MUJER,07054,MAZATÁN,2,2026-08-09
07,CHIAPAS,2026-04,DESAPARECIDA_O_NO_LOCALIZADA,HOMBRE,07058,NICOLÁS RUÍZ,1,2026-08-09
07,CHIAPAS,2026-04,DESAPARECIDA_O_NO_LOCALIZADA,HOMBRE,07061,OCOZOCOAUTLA DE ESPINOSA,3,2026-08-09
07,CHIAPAS,2026-04,DESAPARECIDA_O_NO_LOCALIZADA,MUJER,07061,OCOZOCOAUTLA DE ESPINOSA,1,2026-08-09
07,CHIAPAS,2026-04,DESAPARECIDA_O_NO_LOCALIZADA,HOMBRE,07065,PALENQUE,1,2026-08-09
07,CHIAPAS,2026-04,DESAPARECIDA_O_NO_LOCALIZADA,HOMBRE,07087,SUCHIATE,2,2026-08-09
07,CHIAPAS,2026-04,DESAPARECIDA_O_NO_LOCALIZADA,HOMBRE,07089,TAPACHULA,2,2026-08-09
07,CHIAPAS,2026-04,DESAPARECIDA_O_NO_LOCALIZADA,MUJER,07089,TAPACHULA,1,2026-08-09
07,CHIAPAS,2026-04,DESAPARECIDA_O_NO_LOCALIZADA,HOMBRE,07101,TUXTLA GUTIÉRREZ,3,2026-08-09
07,CHIAPAS,2026-04,DESAPARECIDA_O_NO_LOCALIZADA,MUJER,07101,TUXTLA GUTIÉRREZ,1,2026-08-09
07,CHIAPAS,2026-04,DESAPARECIDA_O_NO_LOCALIZADA,HOMBRE,07106,VENUSTIANO CARRANZA,1,2026-08-09
07,CHIAPAS,2026-04,DESAPARECIDA_O_NO_LOCALIZADA,HOMBRE,07107,VILLA CORZO,1,2026-08-09
07,CHIAPAS,2026-04,DESAPARECIDA_O_NO_LOCALIZADA,HOMBRE,07108,VILLAFLORES,1,2026-08-09
07,CHIAPAS,2026-04,LOCALIZADA_CON_VIDA,HOMBRE,07001,ACACOYAGUA,1,2026-08-09
07,CHIAPAS,2026-04,LOCALIZADA_CON_VIDA,HOMBRE,07009,ARRIAGA,1,2026-08-09
07,CHIAPAS,2026-04,LOCALIZADA_CON_VIDA,MUJER,07009,ARRIAGA,1,2026-08-09
07,CHIAPAS,2026-04,LOCALIZADA_CON_VIDA,HOMBRE,07013,BOCHIL,1,2026-08-09
07,CHIAPAS,2026-04,LOCALIZADA_CON_VIDA,HOMBRE,07019,COMITÁN DE DOMÍNGUEZ,3,2026-08-09
07,CHIAPAS,2026-04,LOCALIZADA_CON_VIDA,MUJER,07019,COMITÁN DE DOMÍNGUEZ,1,2026-08-09
07,CHIAPAS,2026-04,LOCALIZADA_CON_VIDA,HOMBRE,07020,LA CONCORDIA,3,2026-08-09
07,CHIAPAS,2026-04,LOCALIZADA_CON_VIDA,HOMBRE,07027,CHIAPA DE CORZO,4,2026-08-09
07,CHIAPAS,2026-04,LOCALIZADA_CON_VIDA,HOMBRE,07037,HUEHUETÁN,1,2026-08-09
07,CHIAPAS,2026-04,LOCALIZADA_CON_VIDA,HOMBRE,07044,IXTAPA,1,2026-08-09
07,CHIAPAS,2026-04,LOCALIZADA_CON_VIDA,MUJER,07048,JUÁREZ,1,2026-08-09
07,CHIAPAS,2026-04,LOCALIZADA_CON_VIDA,MUJER,07051,MAPASTEPEC,1,2026-08-09
07,CHIAPAS,2026-04,LOCALIZADA_CON_VIDA,HOMBRE,07052,LAS MARGARITAS,1,2026-08-09
07,CHIAPAS,2026-04,LOCALIZADA_CON_VIDA,MUJER,07056,MITONTIC,3,2026-08-09
07,CHIAPAS,2026-04,LOCALIZADA_CON_VIDA,MUJER,07061,OCOZOCOAUTLA DE ESPINOSA,1,2026-08-09
07,CHIAPAS,2026-04,LOCALIZADA_CON_VIDA,HOMBRE,07065,PALENQUE,1,2026-08-09
07,CHIAPAS,2026-04,LOCALIZADA_CON_VIDA,MUJER,07065,PALENQUE,1,2026-08-09
07,CHIAPAS,2026-04,LOCALIZADA_CON_VIDA,HOMBRE,07072,PUEBLO NUEVO SOLISTAHUACÁN,1,2026-08-09
07,CHIAPAS,2026-04,LOCALIZADA_CON_VIDA,HOMBRE,07074,REFORMA,1,2026-08-09
07,CHIAPAS,2026-04,LOCALIZADA_CON_VIDA,MUJER,07074,REFORMA,3,2026-08-09
07,CHIAPAS,2026-04,LOCALIZADA_CON_VIDA,HOMBRE,07078,SAN CRISTÓBAL DE LAS CASAS,4,2026-08-09
07,CHIAPAS,2026-04,LOCALIZADA_CON_VIDA,MUJER,07078,SAN CRISTÓBAL DE LAS CASAS,1,2026-08-09
07,CHIAPAS,2026-04,LOCALIZADA_CON_VIDA,HOMBRE,07089,TAPACHULA,2,2026-08-09
07,CHIAPAS,2026-04,LOCALIZADA_CON_VIDA,MUJER,07089,TAPACHULA,4,2026-08-09
07,CHIAPAS,2026-04,LOCALIZADA_CON_VIDA,HOMBRE,07094,TEOPISCA,1,2026-08-09
07,CHIAPAS,2026-04,LOCALIZADA_CON_VIDA,HOMBRE,07096,TILA,2,2026-08-09
07,CHIAPAS,2026-04,LOCALIZADA_CON_VIDA,MUJER,07096,TILA,1,2026-08-09
07,CHIAPAS,2026-04,LOCALIZADA_CON_VIDA,HOMBRE,07101,TUXTLA GUTIÉRREZ,7,2026-08-09
07,CHIAPAS,2026-04,LOCALIZADA_CON_VIDA,MUJER,07101,TUXTLA GUTIÉRREZ,6,2026-08-09
07,CHIAPAS,2026-04,LOCALIZADA_CON_VIDA,HOMBRE,07102,TUXTLA CHICO,1,2026-08-09
07,CHIAPAS,2026-04,LOCALIZADA_CON_VIDA,HOMBRE,07108,VILLAFLORES,2,2026-08-09
07,CHIAPAS,2026-04,LOCALIZADA_CON_VIDA,HOMBRE,07114,BENEMÉRITO DE LAS AMÉRICAS,1,2026-08-09
07,CHIAPAS,2026-04,LOCALIZADA_SIN_VIDA,HOMBRE,07101,TUXTLA GUTIÉRREZ,1,2026-08-09
07,CHIAPAS,2026-05,DESAPARECIDA_O_NO_LOCALIZADA,HOMBRE,07017,CINTALAPA,1,2026-08-09
07,CHIAPAS,2026-05,DESAPARECIDA_O_NO_LOCALIZADA,MUJER,07019,COMITÁN DE DOMÍNGUEZ,4,2026-08-09
07,CHIAPAS,2026-05,DESAPARECIDA_O_NO_LOCALIZADA,HOMBRE,07027,CHIAPA DE CORZO,1,2026-08-09
07,CHIAPAS,2026-05,DESAPARECIDA_O_NO_LOCALIZADA,HOMBRE,07040,HUIXTLA,2,2026-08-09
07,CHIAPAS,2026-05,DESAPARECIDA_O_NO_LOCALIZADA,MUJER,07040,HUIXTLA,1,2026-08-09
07,CHIAPAS,2026-05,DESAPARECIDA_O_NO_LOCALIZADA,HOMBRE,07051,MAPASTEPEC,2,2026-08-09
07,CHIAPAS,2026-05,DESAPARECIDA_O_NO_LOCALIZADA,HOMBRE,07061,OCOZOCOAUTLA DE ESPINOSA,1,2026-08-09
07,CHIAPAS,2026-05,DESAPARECIDA_O_NO_LOCALIZADA,HOMBRE,07067,PANTEPEC,1,2026-08-09
07,CHIAPAS,2026-05,DESAPARECIDA_O_NO_LOCALIZADA,MUJER,07071,VILLA COMALTITLÁN,1,2026-08-09
07,CHIAPAS,2026-05,DESAPARECIDA_O_NO_LOCALIZADA,HOMBRE,07087,SUCHIATE,1,2026-08-09
07,CHIAPAS,2026-05,DESAPARECIDA_O_NO_LOCALIZADA,HOMBRE,07089,TAPACHULA,8,2026-08-09
07,CHIAPAS,2026-05,DESAPARECIDA_O_NO_LOCALIZADA,MUJER,07089,TAPACHULA,1,2026-08-09
07,CHIAPAS,2026-05,DESAPARECIDA_O_NO_LOCALIZADA,HOMBRE,07101,TUXTLA GUTIÉRREZ,2,2026-08-09
07,CHIAPAS,2026-05,DESAPARECIDA_O_NO_LOCALIZADA,HOMBRE,07103,TUZANTÁN,1,2026-08-09
07,CHIAPAS,2026-05,LOCALIZADA_CON_VIDA,HOMBRE,07001,ACACOYAGUA,1,2026-08-09
07,CHIAPAS,2026-05,LOCALIZADA_CON_VIDA,MUJER,07001,ACACOYAGUA,1,2026-08-09
07,CHIAPAS,2026-05,LOCALIZADA_CON_VIDA,MUJER,07009,ARRIAGA,1,2026-08-09
07,CHIAPAS,2026-05,LOCALIZADA_CON_VIDA,HOMBRE,07012,BERRIOZÁBAL,2,2026-08-09
07,CHIAPAS,2026-05,LOCALIZADA_CON_VIDA,HOMBRE,07019,COMITÁN DE DOMÍNGUEZ,1,2026-08-09
07,CHIAPAS,2026-05,LOCALIZADA_CON_VIDA,MUJER,07019,COMITÁN DE DOMÍNGUEZ,3,2026-08-09
07,CHIAPAS,2026-05,LOCALIZADA_CON_VIDA,MUJER,07027,CHIAPA DE CORZO,1,2026-08-09
07,CHIAPAS,2026-05,LOCALIZADA_CON_VIDA,HOMBRE,07032,ESCUINTLA,1,2026-08-09
07,CHIAPAS,2026-05,LOCALIZADA_CON_VIDA,MUJER,07032,ESCUINTLA,1,2026-08-09
07,CHIAPAS,2026-05,LOCALIZADA_CON_VIDA,MUJER,07040,HUIXTLA,1,2026-08-09
07,CHIAPAS,2026-05,LOCALIZADA_CON_VIDA,MUJER,07051,MAPASTEPEC,2,2026-08-09
07,CHIAPAS,2026-05,LOCALIZADA_CON_VIDA,MUJER,07052,LAS MARGARITAS,1,2026-08-09
07,CHIAPAS,2026-05,LOCALIZADA_CON_VIDA,MUJER,07054,MAZATÁN,1,2026-08-09
07,CHIAPAS,2026-05,LOCALIZADA_CON_VIDA,MUJER,07059,OCOSINGO,1,2026-08-09
07,CHIAPAS,2026-05,LOCALIZADA_CON_VIDA,HOMBRE,07061,OCOZOCOAUTLA DE ESPINOSA,2,2026-08-09
07,CHIAPAS,2026-05,LOCALIZADA_CON_VIDA,MUJER,07061,OCOZOCOAUTLA DE ESPINOSA,1,2026-08-09
07,CHIAPAS,2026-05,LOCALIZADA_CON_VIDA,HOMBRE,07062,OSTUACÁN,1,2026-08-09
07,CHIAPAS,2026-05,LOCALIZADA_CON_VIDA,MUJER,07065,PALENQUE,1,2026-08-09
07,CHIAPAS,2026-05,LOCALIZADA_CON_VIDA,MUJER,07068,PICHUCALCO,1,2026-08-09
07,CHIAPAS,2026-05,LOCALIZADA_CON_VIDA,HOMBRE,07072,PUEBLO NUEVO SOLISTAHUACÁN,1,2026-08-09
07,CHIAPAS,2026-05,LOCALIZADA_CON_VIDA,HOMBRE,07074,REFORMA,1,2026-08-09
07,CHIAPAS,2026-05,LOCALIZADA_CON_VIDA,MUJER,07074,REFORMA,1,2026-08-09
07,CHIAPAS,2026-05,LOCALIZADA_CON_VIDA,MUJER,07078,SAN CRISTÓBAL DE LAS CASAS,3,2026-08-09
07,CHIAPAS,2026-05,LOCALIZADA_CON_VIDA,HOMBRE,07079,SAN FERNANDO,1,2026-08-09
07,CHIAPAS,2026-05,LOCALIZADA_CON_VIDA,HOMBRE,07089,TAPACHULA,4,2026-08-09
07,CHIAPAS,2026-05,LOCALIZADA_CON_VIDA,MUJER,07089,TAPACHULA,2,2026-08-09
07,CHIAPAS,2026-05,LOCALIZADA_CON_VIDA,MUJER,07093,TENEJAPA,1,2026-08-09
07,CHIAPAS,2026-05,LOCALIZADA_CON_VIDA,MUJER,07097,TONALÁ,2,2026-08-09
07,CHIAPAS,2026-05,LOCALIZADA_CON_VIDA,HOMBRE,07101,TUXTLA GUTIÉRREZ,10,2026-08-09
07,CHIAPAS,2026-05,LOCALIZADA_CON_VIDA,MUJER,07101,TUXTLA GUTIÉRREZ,4,2026-08-09
07,CHIAPAS,2026-05,LOCALIZADA_CON_VIDA,HOMBRE,07107,VILLA CORZO,1,2026-08-09
07,CHIAPAS,2026-05,LOCALIZADA_CON_VIDA,MUJER,07108,VILLAFLORES,1,2026-08-09
07,CHIAPAS,2026-05,LOCALIZADA_CON_VIDA,MUJER,07109,YAJALÓN,1,2026-08-09
07,CHIAPAS,2026-05,LOCALIZADA_CON_VIDA,MUJER,07131,MEZCALAPA,1,2026-08-09
07,CHIAPAS,2026-05,LOCALIZADA_SIN_VIDA,HOMBRE,07046,JIQUIPILAS,1,2026-08-09
07,CHIAPAS,2026-05,LOCALIZADA_SIN_VIDA,MUJER,07089,TAPACHULA,1,2026-08-09
07,CHIAPAS,2026-05,LOCALIZADA_SIN_VIDA,HOMBRE,07107,VILLA CORZO,1,2026-08-09
07,CHIAPAS,2026-06,DESAPARECIDA_O_NO_LOCALIZADA,HOMBRE,07009,ARRIAGA,1,2026-08-09
07,CHIAPAS,2026-06,DESAPARECIDA_O_NO_LOCALIZADA,MUJER,07009,ARRIAGA,1,2026-08-09
07,CHIAPAS,2026-06,DESAPARECIDA_O_NO_LOCALIZADA,HOMBRE,07015,CACAHOATÁN,1,2026-08-09
07,CHIAPAS,2026-06,DESAPARECIDA_O_NO_LOCALIZADA,MUJER,07015,CACAHOATÁN,1,2026-08-09
07,CHIAPAS,2026-06,DESAPARECIDA_O_NO_LOCALIZADA,HOMBRE,07027,CHIAPA DE CORZO,1,2026-08-09
07,CHIAPAS,2026-06,DESAPARECIDA_O_NO_LOCALIZADA,MUJER,07027,CHIAPA DE CORZO,1,2026-08-09
07,CHIAPAS,2026-06,DESAPARECIDA_O_NO_LOCALIZADA,HOMBRE,07046,JIQUIPILAS,1,2026-08-09
07,CHIAPAS,2026-06,DESAPARECIDA_O_NO_LOCALIZADA,HOMBRE,07048,JUÁREZ,1,2026-08-09
07,CHIAPAS,2026-06,DESAPARECIDA_O_NO_LOCALIZADA,HOMBRE,07060,OCOTEPEC,1,2026-08-09
07,CHIAPAS,2026-06,DESAPARECIDA_O_NO_LOCALIZADA,HOMBRE,07061,OCOZOCOAUTLA DE ESPINOSA,1,2026-08-09
07,CHIAPAS,2026-06,DESAPARECIDA_O_NO_LOCALIZADA,HOMBRE,07067,PANTEPEC,1,2026-08-09
07,CHIAPAS,2026-06,DESAPARECIDA_O_NO_LOCALIZADA,HOMBRE,07078,SAN CRISTÓBAL DE LAS CASAS,1,2026-08-09
07,CHIAPAS,2026-06,DESAPARECIDA_O_NO_LOCALIZADA,MUJER,07078,SAN CRISTÓBAL DE LAS CASAS,5,2026-08-09
07,CHIAPAS,2026-06,DESAPARECIDA_O_NO_LOCALIZADA,HOMBRE,07087,SUCHIATE,2,2026-08-09
07,CHIAPAS,2026-06,DESAPARECIDA_O_NO_LOCALIZADA,MUJER,07097,TONALÁ,1,2026-08-09
07,CHIAPAS,2026-06,DESAPARECIDA_O_NO_LOCALIZADA,HOMBRE,07101,TUXTLA GUTIÉRREZ,3,2026-08-09
07,CHIAPAS,2026-06,DESAPARECIDA_O_NO_LOCALIZADA,MUJER,07101,TUXTLA GUTIÉRREZ,1,2026-08-09
07,CHIAPAS,2026-06,DESAPARECIDA_O_NO_LOCALIZADA,MUJER,07102,TUXTLA CHICO,1,2026-08-09
07,CHIAPAS,2026-06,LOCALIZADA_CON_VIDA,MUJER,07009,ARRIAGA,1,2026-08-09
07,CHIAPAS,2026-06,LOCALIZADA_CON_VIDA,HOMBRE,07014,EL BOSQUE,1,2026-08-09
07,CHIAPAS,2026-06,LOCALIZADA_CON_VIDA,HOMBRE,07017,CINTALAPA,2,2026-08-09
07,CHIAPAS,2026-06,LOCALIZADA_CON_VIDA,MUJER,07020,LA CONCORDIA,1,2026-08-09
07,CHIAPAS,2026-06,LOCALIZADA_CON_VIDA,MUJER,07021,COPAINALÁ,1,2026-08-09
07,CHIAPAS,2026-06,LOCALIZADA_CON_VIDA,HOMBRE,07022,CHALCHIHUITÁN,1,2026-08-09
07,CHIAPAS,2026-06,LOCALIZADA_CON_VIDA,MUJER,07027,CHIAPA DE CORZO,2,2026-08-09
07,CHIAPAS,2026-06,LOCALIZADA_CON_VIDA,HOMBRE,07051,MAPASTEPEC,1,2026-08-09
07,CHIAPAS,2026-06,LOCALIZADA_CON_VIDA,MUJER,07051,MAPASTEPEC,1,2026-08-09
07,CHIAPAS,2026-06,LOCALIZADA_CON_VIDA,MUJER,07064,OXCHUC,1,2026-08-09
07,CHIAPAS,2026-06,LOCALIZADA_CON_VIDA,HOMBRE,07072,PUEBLO NUEVO SOLISTAHUACÁN,2,2026-08-09
07,CHIAPAS,2026-06,LOCALIZADA_CON_VIDA,MUJER,07074,REFORMA,1,2026-08-09
07,CHIAPAS,2026-06,LOCALIZADA_CON_VIDA,MUJER,07078,SAN CRISTÓBAL DE LAS CASAS,1,2026-08-09
07,CHIAPAS,2026-06,LOCALIZADA_CON_VIDA,HOMBRE,07079,SAN FERNANDO,1,2026-08-09
07,CHIAPAS,2026-06,LOCALIZADA_CON_VIDA,HOMBRE,07089,TAPACHULA,2,2026-08-09
07,CHIAPAS,2026-06,LOCALIZADA_CON_VIDA,MUJER,07089,TAPACHULA,3,2026-08-09
07,CHIAPAS,2026-06,LOCALIZADA_CON_VIDA,MUJER,07096,TILA,1,2026-08-09
07,CHIAPAS,2026-06,LOCALIZADA_CON_VIDA,HOMBRE,07101,TUXTLA GUTIÉRREZ,5,2026-08-09
07,CHIAPAS,2026-06,LOCALIZADA_CON_VIDA,MUJER,07101,TUXTLA GUTIÉRREZ,3,2026-08-09
07,CHIAPAS,2026-06,LOCALIZADA_SIN_VIDA,HOMBRE,07020,LA CONCORDIA,2,2026-08-09
07,CHIAPAS,2026-06,LOCALIZADA_SIN_VIDA,HOMBRE,07066,PANTELHÓ,1,2026-08-09
07,CHIAPAS,2026-06,LOCALIZADA_SIN_VIDA,HOMBRE,07086,SUCHIAPA,1,2026-08-09
07,CHIAPAS,SIN_FECHA,DESAPARECIDA_O_NO_LOCALIZADA,,,,28,2026-08-09
07,CHIAPAS,SIN_FECHA,LOCALIZADA_CON_VIDA,,,,25,2026-08-09
07,CHIAPAS,SIN_FECHA,LOCALIZADA_SIN_VIDA,,,,5,2026-08-09
08,CHIHUAHUA,2026-01,DESAPARECIDA_O_NO_LOCALIZADA,HOMBRE,08050,NUEVO CASAS GRANDES,1,2026-08-09
08,CHIHUAHUA,2026-01,DESAPARECIDA_O_NO_LOCALIZADA,MUJER,08065,URIQUE,1,2026-08-09
08,CHIHUAHUA,2026-01,LOCALIZADA_CON_VIDA,HOMBRE,08032,HIDALGO DEL PARRAL,1,2026-08-09
08,CHIHUAHUA,2026-01,LOCALIZADA_SIN_VIDA,HOMBRE,08032,HIDALGO DEL PARRAL,1,2026-08-09
08,CHIHUAHUA,2026-02,DESAPARECIDA_O_NO_LOCALIZADA,MUJER,08037,JUÁREZ,1,2026-08-09
08,CHIHUAHUA,2026-02,DESAPARECIDA_O_NO_LOCALIZADA,HOMBRE,08050,NUEVO CASAS GRANDES,4,2026-08-09
08,CHIHUAHUA,2026-02,DESAPARECIDA_O_NO_LOCALIZADA,MUJER,08050,NUEVO CASAS GRANDES,1,2026-08-09
08,CHIHUAHUA,2026-03,DESAPARECIDA_O_NO_LOCALIZADA,HOMBRE,08017,CUAUHTÉMOC,2,2026-08-09
08,CHIHUAHUA,2026-03,DESAPARECIDA_O_NO_LOCALIZADA,MUJER,08019,CHIHUAHUA,1,2026-08-09
08,CHIHUAHUA,2026-03,DESAPARECIDA_O_NO_LOCALIZADA,HOMBRE,08037,JUÁREZ,1,2026-08-09
08,CHIHUAHUA,2026-03,DESAPARECIDA_O_NO_LOCALIZADA,HOMBRE,08050,NUEVO CASAS GRANDES,7,2026-08-09
08,CHIHUAHUA,2026-03,DESAPARECIDA_O_NO_LOCALIZADA,MUJER,08050,NUEVO CASAS GRANDES,1,2026-08-09
08,CHIHUAHUA,2026-03,LOCALIZADA_CON_VIDA,MUJER,08037,JUÁREZ,1,2026-08-09
08,CHIHUAHUA,2026-04,DESAPARECIDA_O_NO_LOCALIZADA,HOMBRE,08037,JUÁREZ,1,2026-08-09
08,CHIHUAHUA,2026-04,DESAPARECIDA_O_NO_LOCALIZADA,HOMBRE,08045,MEOQUI,1,2026-08-09
08,CHIHUAHUA,2026-04,DESAPARECIDA_O_NO_LOCALIZADA,HOMBRE,08050,NUEVO CASAS GRANDES,1,2026-08-09
08,CHIHUAHUA,2026-04,DESAPARECIDA_O_NO_LOCALIZADA,MUJER,08050,NUEVO CASAS GRANDES,1,2026-08-09
08,CHIHUAHUA,2026-04,LOCALIZADA_CON_VIDA,MUJER,08037,JUÁREZ,1,2026-08-09
08,CHIHUAHUA,2026-04,LOCALIZADA_CON_VIDA,HOMBRE,08050,NUEVO CASAS GRANDES,1,2026-08-09
08,CHIHUAHUA,2026-05,DESAPARECIDA_O_NO_LOCALIZADA,HOMBRE,08012,CARICHÍ,1,2026-08-09
08,CHIHUAHUA,2026-05,DESAPARECIDA_O_NO_LOCALIZADA,MUJER,08012,CARICHÍ,1,2026-08-09
08,CHIHUAHUA,2026-05,DESAPARECIDA_O_NO_LOCALIZADA,HOMBRE,08019,CHIHUAHUA,1,2026-08-09
08,CHIHUAHUA,2026-05,DESAPARECIDA_O_NO_LOCALIZADA,HOMBRE,08050,NUEVO CASAS GRANDES,1,2026-08-09
08,CHIHUAHUA,2026-05,DESAPARECIDA_O_NO_LOCALIZADA,MUJER,08050,NUEVO CASAS GRANDES,1,2026-08-09
08,CHIHUAHUA,2026-06,DESAPARECIDA_O_NO_LOCALIZADA,HOMBRE,08050,NUEVO CASAS GRANDES,1,2026-08-09
08,CHIHUAHUA,2026-06,LOCALIZADA_CON_VIDA,HOMBRE,08017,CUAUHTÉMOC,1,2026-08-09
08,CHIHUAHUA,2026-07,LOCALIZADA_CON_VIDA,MUJER,08019,CHIHUAHUA,1,2026-08-09
08,CHIHUAHUA,2026-07,LOCALIZADA_SIN_VIDA,HOMBRE,08019,CHIHUAHUA,1,2026-08-09
08,CHIHUAHUA,SIN_FECHA,DESAPARECIDA_O_NO_LOCALIZADA,,,,78,2026-08-09
08,CHIHUAHUA,SIN_FECHA,LOCALIZADA_CON_VIDA,,,,58,2026-08-09
08,CHIHUAHUA,SIN_FECHA,LOCALIZADA_SIN_VIDA,,,,16,2026-08-09
09,CIUDAD DE MEXICO,2026-01,DESAPARECIDA_O_NO_LOCALIZADA,MUJER,09002,AZCAPOTZALCO,1,2026-08-09
09,CIUDAD DE MEXICO,2026-01,DESAPARECIDA_O_NO_LOCALIZADA,HOMBRE,09003,COYOACÁN,2,2026-08-09
09,CIUDAD DE MEXICO,2026-01,DESAPARECIDA_O_NO_LOCALIZADA,MUJER,09003,COYOACÁN,1,2026-08-09
09,CIUDAD DE MEXICO,2026-01,DESAPARECIDA_O_NO_LOCALIZADA,HOMBRE,09004,CUAJIMALPA DE MORELOS,2,2026-08-09
09,CIUDAD DE MEXICO,2026-01,DESAPARECIDA_O_NO_LOCALIZADA,MUJER,09004,CUAJIMALPA DE MORELOS,3,2026-08-09
09,CIUDAD DE MEXICO,2026-01,DESAPARECIDA_O_NO_LOCALIZADA,HOMBRE,09005,GUSTAVO A. MADERO,4,2026-08-09
09,CIUDAD DE MEXICO,2026-01,DESAPARECIDA_O_NO_LOCALIZADA,MUJER,09005,GUSTAVO A. MADERO,4,2026-08-09
09,CIUDAD DE MEXICO,2026-01,DESAPARECIDA_O_NO_LOCALIZADA,MUJER,09006,IZTACALCO,1,2026-08-09
09,CIUDAD DE MEXICO,2026-01,DESAPARECIDA_O_NO_LOCALIZADA,HOMBRE,09007,IZTAPALAPA,7,2026-08-09
09,CIUDAD DE MEXICO,2026-01,DESAPARECIDA_O_NO_LOCALIZADA,HOMBRE,09008,MAGDALENA CONTRERAS,1,2026-08-09
09,CIUDAD DE MEXICO,2026-01,DESAPARECIDA_O_NO_LOCALIZADA,MUJER,09009,MILPA ALTA,1,2026-08-09
09,CIUDAD DE MEXICO,2026-01,DESAPARECIDA_O_NO_LOCALIZADA,HOMBRE,09010,ÁLVARO OBREGÓN,3,2026-08-09
09,CIUDAD DE MEXICO,2026-01,DESAPARECIDA_O_NO_LOCALIZADA,MUJER,09010,ÁLVARO OBREGÓN,7,2026-08-09
09,CIUDAD DE MEXICO,2026-01,DESAPARECIDA_O_NO_LOCALIZADA,HOMBRE,09011,TLÁHUAC,3,2026-08-09
09,CIUDAD DE MEXICO,2026-01,DESAPARECIDA_O_NO_LOCALIZADA,MUJER,09011,TLÁHUAC,2,2026-08-09
09,CIUDAD DE MEXICO,2026-01,DESAPARECIDA_O_NO_LOCALIZADA,HOMBRE,09012,TLALPAN,2,2026-08-09
09,CIUDAD DE MEXICO,2026-01,DESAPARECIDA_O_NO_LOCALIZADA,MUJER,09012,TLALPAN,2,2026-08-09
09,CIUDAD DE MEXICO,2026-01,DESAPARECIDA_O_NO_LOCALIZADA,HOMBRE,09014,BENITO JUÁREZ,1,2026-08-09
09,CIUDAD DE MEXICO,2026-01,DESAPARECIDA_O_NO_LOCALIZADA,HOMBRE,09015,CUAUHTÉMOC,6,2026-08-09
09,CIUDAD DE MEXICO,2026-01,DESAPARECIDA_O_NO_LOCALIZADA,MUJER,09015,CUAUHTÉMOC,5,2026-08-09
09,CIUDAD DE MEXICO,2026-01,DESAPARECIDA_O_NO_LOCALIZADA,HOMBRE,09016,MIGUEL HIDALGO,1,2026-08-09
09,CIUDAD DE MEXICO,2026-01,DESAPARECIDA_O_NO_LOCALIZADA,MUJER,09016,MIGUEL HIDALGO,1,2026-08-09
09,CIUDAD DE MEXICO,2026-01,DESAPARECIDA_O_NO_LOCALIZADA,HOMBRE,09017,VENUSTIANO CARRANZA,1,2026-08-09
09,CIUDAD DE MEXICO,2026-01,DESAPARECIDA_O_NO_LOCALIZADA,MUJER,09017,VENUSTIANO CARRANZA,1,2026-08-09
09,CIUDAD DE MEXICO,2026-01,LOCALIZADA_CON_VIDA,HOMBRE,09002,AZCAPOTZALCO,6,2026-08-09
09,CIUDAD DE MEXICO,2026-01,LOCALIZADA_CON_VIDA,MUJER,09002,AZCAPOTZALCO,4,2026-08-09
09,CIUDAD DE MEXICO,2026-01,LOCALIZADA_CON_VIDA,HOMBRE,09003,COYOACÁN,2,2026-08-09
09,CIUDAD DE MEXICO,2026-01,LOCALIZADA_CON_VIDA,MUJER,09003,COYOACÁN,3,2026-08-09
09,CIUDAD DE MEXICO,2026-01,LOCALIZADA_CON_VIDA,HOMBRE,09004,CUAJIMALPA DE MORELOS,1,2026-08-09
09,CIUDAD DE MEXICO,2026-01,LOCALIZADA_CON_VIDA,HOMBRE,09005,GUSTAVO A. MADERO,14,2026-08-09
09,CIUDAD DE MEXICO,2026-01,LOCALIZADA_CON_VIDA,MUJER,09005,GUSTAVO A. MADERO,18,2026-08-09
09,CIUDAD DE MEXICO,2026-01,LOCALIZADA_CON_VIDA,HOMBRE,09006,IZTACALCO,8,2026-08-09
09,CIUDAD DE MEXICO,2026-01,LOCALIZADA_CON_VIDA,MUJER,09006,IZTACALCO,4,2026-08-09
09,CIUDAD DE MEXICO,2026-01,LOCALIZADA_CON_VIDA,HOMBRE,09007,IZTAPALAPA,11,2026-08-09
09,CIUDAD DE MEXICO,2026-01,LOCALIZADA_CON_VIDA,MUJER,09007,IZTAPALAPA,14,2026-08-09
09,CIUDAD DE MEXICO,2026-01,LOCALIZADA_CON_VIDA,HOMBRE,09008,MAGDALENA CONTRERAS,3,2026-08-09
09,CIUDAD DE MEXICO,2026-01,LOCALIZADA_CON_VIDA,HOMBRE,09009,MILPA ALTA,1,2026-08-09
09,CIUDAD DE MEXICO,2026-01,LOCALIZADA_CON_VIDA,HOMBRE,09010,ÁLVARO OBREGÓN,10,2026-08-09
09,CIUDAD DE MEXICO,2026-01,LOCALIZADA_CON_VIDA,MUJER,09010,ÁLVARO OBREGÓN,6,2026-08-09
09,CIUDAD DE MEXICO,2026-01,LOCALIZADA_CON_VIDA,HOMBRE,09011,TLÁHUAC,4,2026-08-09
09,CIUDAD DE MEXICO,2026-01,LOCALIZADA_CON_VIDA,MUJER,09011,TLÁHUAC,2,2026-08-09
09,CIUDAD DE MEXICO,2026-01,LOCALIZADA_CON_VIDA,HOMBRE,09012,TLALPAN,6,2026-08-09
09,CIUDAD DE MEXICO,2026-01,LOCALIZADA_CON_VIDA,MUJER,09012,TLALPAN,7,2026-08-09
09,CIUDAD DE MEXICO,2026-01,LOCALIZADA_CON_VIDA,HOMBRE,09013,XOCHIMILCO,2,2026-08-09
09,CIUDAD DE MEXICO,2026-01,LOCALIZADA_CON_VIDA,MUJER,09013,XOCHIMILCO,2,2026-08-09
09,CIUDAD DE MEXICO,2026-01,LOCALIZADA_CON_VIDA,HOMBRE,09014,BENITO JUÁREZ,6,2026-08-09
09,CIUDAD DE MEXICO,2026-01,LOCALIZADA_CON_VIDA,MUJER,09014,BENITO JUÁREZ,2,2026-08-09
09,CIUDAD DE MEXICO,2026-01,LOCALIZADA_CON_VIDA,HOMBRE,09015,CUAUHTÉMOC,8,2026-08-09
09,CIUDAD DE MEXICO,2026-01,LOCALIZADA_CON_VIDA,MUJER,09015,CUAUHTÉMOC,16,2026-08-09
09,CIUDAD DE MEXICO,2026-01,LOCALIZADA_CON_VIDA,HOMBRE,09016,MIGUEL HIDALGO,5,2026-08-09
09,CIUDAD DE MEXICO,2026-01,LOCALIZADA_CON_VIDA,MUJER,09016,MIGUEL HIDALGO,2,2026-08-09
09,CIUDAD DE MEXICO,2026-01,LOCALIZADA_CON_VIDA,HOMBRE,09017,VENUSTIANO CARRANZA,6,2026-08-09
09,CIUDAD DE MEXICO,2026-01,LOCALIZADA_CON_VIDA,MUJER,09017,VENUSTIANO CARRANZA,5,2026-08-09
09,CIUDAD DE MEXICO,2026-01,LOCALIZADA_SIN_VIDA,HOMBRE,09010,ÁLVARO OBREGÓN,1,2026-08-09
09,CIUDAD DE MEXICO,2026-01,LOCALIZADA_SIN_VIDA,HOMBRE,09015,CUAUHTÉMOC,1,2026-08-09
09,CIUDAD DE MEXICO,2026-01,LOCALIZADA_SIN_VIDA,HOMBRE,09017,VENUSTIANO CARRANZA,1,2026-08-09
09,CIUDAD DE MEXICO,2026-02,DESAPARECIDA_O_NO_LOCALIZADA,HOMBRE,09002,AZCAPOTZALCO,1,2026-08-09
09,CIUDAD DE MEXICO,2026-02,DESAPARECIDA_O_NO_LOCALIZADA,MUJER,09002,AZCAPOTZALCO,2,2026-08-09
09,CIUDAD DE MEXICO,2026-02,DESAPARECIDA_O_NO_LOCALIZADA,HOMBRE,09003,COYOACÁN,1,2026-08-09
09,CIUDAD DE MEXICO,2026-02,DESAPARECIDA_O_NO_LOCALIZADA,MUJER,09003,COYOACÁN,2,2026-08-09
09,CIUDAD DE MEXICO,2026-02,DESAPARECIDA_O_NO_LOCALIZADA,HOMBRE,09004,CUAJIMALPA DE MORELOS,4,2026-08-09
09,CIUDAD DE MEXICO,2026-02,DESAPARECIDA_O_NO_LOCALIZADA,HOMBRE,09005,GUSTAVO A. MADERO,2,2026-08-09
09,CIUDAD DE MEXICO,2026-02,DESAPARECIDA_O_NO_LOCALIZADA,MUJER,09005,GUSTAVO A. MADERO,1,2026-08-09
09,CIUDAD DE MEXICO,2026-02,DESAPARECIDA_O_NO_LOCALIZADA,HOMBRE,09006,IZTACALCO,3,2026-08-09
09,CIUDAD DE MEXICO,2026-02,DESAPARECIDA_O_NO_LOCALIZADA,HOMBRE,09007,IZTAPALAPA,15,2026-08-09
09,CIUDAD DE MEXICO,2026-02,DESAPARECIDA_O_NO_LOCALIZADA,MUJER,09007,IZTAPALAPA,6,2026-08-09
09,CIUDAD DE MEXICO,2026-02,DESAPARECIDA_O_NO_LOCALIZADA,HOMBRE,09008,MAGDALENA CONTRERAS,2,2026-08-09
09,CIUDAD DE MEXICO,2026-02,DESAPARECIDA_O_NO_LOCALIZADA,HOMBRE,09010,ÁLVARO OBREGÓN,3,2026-08-09
09,CIUDAD DE MEXICO,2026-02,DESAPARECIDA_O_NO_LOCALIZADA,MUJER,09010,ÁLVARO OBREGÓN,1,2026-08-09
09,CIUDAD DE MEXICO,2026-02,DESAPARECIDA_O_NO_LOCALIZADA,HOMBRE,09011,TLÁHUAC,2,2026-08-09
09,CIUDAD DE MEXICO,2026-02,DESAPARECIDA_O_NO_LOCALIZADA,MUJER,09011,TLÁHUAC,5,2026-08-09
09,CIUDAD DE MEXICO,2026-02,DESAPARECIDA_O_NO_LOCALIZADA,HOMBRE,09012,TLALPAN,2,2026-08-09
09,CIUDAD DE MEXICO,2026-02,DESAPARECIDA_O_NO_LOCALIZADA,MUJER,09012,TLALPAN,3,2026-08-09
09,CIUDAD DE MEXICO,2026-02,DESAPARECIDA_O_NO_LOCALIZADA,HOMBRE,09013,XOCHIMILCO,2,2026-08-09
09,CIUDAD DE MEXICO,2026-02,DESAPARECIDA_O_NO_LOCALIZADA,MUJER,09013,XOCHIMILCO,5,2026-08-09
09,CIUDAD DE MEXICO,2026-02,DESAPARECIDA_O_NO_LOCALIZADA,HOMBRE,09014,BENITO JUÁREZ,5,2026-08-09
09,CIUDAD DE MEXICO,2026-02,DESAPARECIDA_O_NO_LOCALIZADA,MUJER,09014,BENITO JUÁREZ,1,2026-08-09
09,CIUDAD DE MEXICO,2026-02,DESAPARECIDA_O_NO_LOCALIZADA,HOMBRE,09015,CUAUHTÉMOC,9,2026-08-09
09,CIUDAD DE MEXICO,2026-02,DESAPARECIDA_O_NO_LOCALIZADA,MUJER,09015,CUAUHTÉMOC,2,2026-08-09
09,CIUDAD DE MEXICO,2026-02,DESAPARECIDA_O_NO_LOCALIZADA,HOMBRE,09016,MIGUEL HIDALGO,1,2026-08-09
09,CIUDAD DE MEXICO,2026-02,DESAPARECIDA_O_NO_LOCALIZADA,MUJER,09016,MIGUEL HIDALGO,2,2026-08-09
09,CIUDAD DE MEXICO,2026-02,DESAPARECIDA_O_NO_LOCALIZADA,HOMBRE,09017,VENUSTIANO CARRANZA,6,2026-08-09
09,CIUDAD DE MEXICO,2026-02,DESAPARECIDA_O_NO_LOCALIZADA,MUJER,09017,VENUSTIANO CARRANZA,1,2026-08-09
09,CIUDAD DE MEXICO,2026-02,LOCALIZADA_CON_VIDA,HOMBRE,09002,AZCAPOTZALCO,7,2026-08-09
09,CIUDAD DE MEXICO,2026-02,LOCALIZADA_CON_VIDA,MUJER,09002,AZCAPOTZALCO,3,2026-08-09
09,CIUDAD DE MEXICO,2026-02,LOCALIZADA_CON_VIDA,HOMBRE,09003,COYOACÁN,3,2026-08-09
09,CIUDAD DE MEXICO,2026-02,LOCALIZADA_CON_VIDA,MUJER,09003,COYOACÁN,5,2026-08-09
09,CIUDAD DE MEXICO,2026-02,LOCALIZADA_CON_VIDA,HOMBRE,09004,CUAJIMALPA DE MORELOS,1,2026-08-09
09,CIUDAD DE MEXICO,2026-02,LOCALIZADA_CON_VIDA,MUJER,09004,CUAJIMALPA DE MORELOS,2,2026-08-09
09,CIUDAD DE MEXICO,2026-02,LOCALIZADA_CON_VIDA,HOMBRE,09005,GUSTAVO A. MADERO,10,2026-08-09
09,CIUDAD DE MEXICO,2026-02,LOCALIZADA_CON_VIDA,MUJER,09005,GUSTAVO A. MADERO,10,2026-08-09
09,CIUDAD DE MEXICO,2026-02,LOCALIZADA_CON_VIDA,HOMBRE,09006,IZTACALCO,4,2026-08-09
09,CIUDAD DE MEXICO,2026-02,LOCALIZADA_CON_VIDA,MUJER,09006,IZTACALCO,5,2026-08-09
09,CIUDAD DE MEXICO,2026-02,LOCALIZADA_CON_VIDA,HOMBRE,09007,IZTAPALAPA,20,2026-08-09
09,CIUDAD DE MEXICO,2026-02,LOCALIZADA_CON_VIDA,MUJER,09007,IZTAPALAPA,16,2026-08-09
09,CIUDAD DE MEXICO,2026-02,LOCALIZADA_CON_VIDA,HOMBRE,09008,MAGDALENA CONTRERAS,1,2026-08-09
09,CIUDAD DE MEXICO,2026-02,LOCALIZADA_CON_VIDA,MUJER,09008,MAGDALENA CONTRERAS,1,2026-08-09
09,CIUDAD DE MEXICO,2026-02,LOCALIZADA_CON_VIDA,HOMBRE,09010,ÁLVARO OBREGÓN,7,2026-08-09
09,CIUDAD DE MEXICO,2026-02,LOCALIZADA_CON_VIDA,MUJER,09010,ÁLVARO OBREGÓN,3,2026-08-09
09,CIUDAD DE MEXICO,2026-02,LOCALIZADA_CON_VIDA,HOMBRE,09011,TLÁHUAC,3,2026-08-09
09,CIUDAD DE MEXICO,2026-02,LOCALIZADA_CON_VIDA,MUJER,09011,TLÁHUAC,3,2026-08-09
09,CIUDAD DE MEXICO,2026-02,LOCALIZADA_CON_VIDA,HOMBRE,09012,TLALPAN,4,2026-08-09
09,CIUDAD DE MEXICO,2026-02,LOCALIZADA_CON_VIDA,MUJER,09012,TLALPAN,7,2026-08-09
09,CIUDAD DE MEXICO,2026-02,LOCALIZADA_CON_VIDA,HOMBRE,09013,XOCHIMILCO,2,2026-08-09
09,CIUDAD DE MEXICO,2026-02,LOCALIZADA_CON_VIDA,MUJER,09013,XOCHIMILCO,6,2026-08-09
09,CIUDAD DE MEXICO,2026-02,LOCALIZADA_CON_VIDA,HOMBRE,09014,BENITO JUÁREZ,1,2026-08-09
09,CIUDAD DE MEXICO,2026-02,LOCALIZADA_CON_VIDA,INDETERMINADO,09014,BENITO JUÁREZ,1,2026-08-09
09,CIUDAD DE MEXICO,2026-02,LOCALIZADA_CON_VIDA,MUJER,09014,BENITO JUÁREZ,2,2026-08-09
09,CIUDAD DE MEXICO,2026-02,LOCALIZADA_CON_VIDA,HOMBRE,09015,CUAUHTÉMOC,14,2026-08-09
09,CIUDAD DE MEXICO,2026-02,LOCALIZADA_CON_VIDA,MUJER,09015,CUAUHTÉMOC,8,2026-08-09
09,CIUDAD DE MEXICO,2026-02,LOCALIZADA_CON_VIDA,HOMBRE,09016,MIGUEL HIDALGO,3,2026-08-09
09,CIUDAD DE MEXICO,2026-02,LOCALIZADA_CON_VIDA,MUJER,09016,MIGUEL HIDALGO,5,2026-08-09
09,CIUDAD DE MEXICO,2026-02,LOCALIZADA_CON_VIDA,HOMBRE,09017,VENUSTIANO CARRANZA,6,2026-08-09
09,CIUDAD DE MEXICO,2026-02,LOCALIZADA_CON_VIDA,MUJER,09017,VENUSTIANO CARRANZA,6,2026-08-09
09,CIUDAD DE MEXICO,2026-02,LOCALIZADA_SIN_VIDA,HOMBRE,09007,IZTAPALAPA,1,2026-08-09
09,CIUDAD DE MEXICO,2026-02,LOCALIZADA_SIN_VIDA,HOMBRE,09017,VENUSTIANO CARRANZA,1,2026-08-09
09,CIUDAD DE MEXICO,2026-03,DESAPARECIDA_O_NO_LOCALIZADA,HOMBRE,09002,AZCAPOTZALCO,4,2026-08-09
09,CIUDAD DE MEXICO,2026-03,DESAPARECIDA_O_NO_LOCALIZADA,HOMBRE,09003,COYOACÁN,6,2026-08-09
09,CIUDAD DE MEXICO,2026-03,DESAPARECIDA_O_NO_LOCALIZADA,MUJER,09003,COYOACÁN,3,2026-08-09
09,CIUDAD DE MEXICO,2026-03,DESAPARECIDA_O_NO_LOCALIZADA,HOMBRE,09005,GUSTAVO A. MADERO,6,2026-08-09
09,CIUDAD DE MEXICO,2026-03,DESAPARECIDA_O_NO_LOCALIZADA,MUJER,09005,GUSTAVO A. MADERO,3,2026-08-09
09,CIUDAD DE MEXICO,2026-03,DESAPARECIDA_O_NO_LOCALIZADA,HOMBRE,09006,IZTACALCO,1,2026-08-09
09,CIUDAD DE MEXICO,2026-03,DESAPARECIDA_O_NO_LOCALIZADA,HOMBRE,09007,IZTAPALAPA,12,2026-08-09
09,CIUDAD DE MEXICO,2026-03,DESAPARECIDA_O_NO_LOCALIZADA,INDETERMINADO,09007,IZTAPALAPA,1,2026-08-09
09,CIUDAD DE MEXICO,2026-03,DESAPARECIDA_O_NO_LOCALIZADA,MUJER,09007,IZTAPALAPA,9,2026-08-09
09,CIUDAD DE MEXICO,2026-03,DESAPARECIDA_O_NO_LOCALIZADA,HOMBRE,09008,MAGDALENA CONTRERAS,2,2026-08-09
09,CIUDAD DE MEXICO,2026-03,DESAPARECIDA_O_NO_LOCALIZADA,HOMBRE,09010,ÁLVARO OBREGÓN,1,2026-08-09
09,CIUDAD DE MEXICO,2026-03,DESAPARECIDA_O_NO_LOCALIZADA,MUJER,09010,ÁLVARO OBREGÓN,5,2026-08-09
09,CIUDAD DE MEXICO,2026-03,DESAPARECIDA_O_NO_LOCALIZADA,HOMBRE,09011,TLÁHUAC,2,2026-08-09
09,CIUDAD DE MEXICO,2026-03,DESAPARECIDA_O_NO_LOCALIZADA,MUJER,09011,TLÁHUAC,2,2026-08-09
09,CIUDAD DE MEXICO,2026-03,DESAPARECIDA_O_NO_LOCALIZADA,HOMBRE,09012,TLALPAN,3,2026-08-09
09,CIUDAD DE MEXICO,2026-03,DESAPARECIDA_O_NO_LOCALIZADA,MUJER,09012,TLALPAN,2,2026-08-09
09,CIUDAD DE MEXICO,2026-03,DESAPARECIDA_O_NO_LOCALIZADA,HOMBRE,09013,XOCHIMILCO,3,2026-08-09
09,CIUDAD DE MEXICO,2026-03,DESAPARECIDA_O_NO_LOCALIZADA,MUJER,09013,XOCHIMILCO,1,2026-08-09
09,CIUDAD DE MEXICO,2026-03,DESAPARECIDA_O_NO_LOCALIZADA,HOMBRE,09014,BENITO JUÁREZ,2,2026-08-09
09,CIUDAD DE MEXICO,2026-03,DESAPARECIDA_O_NO_LOCALIZADA,MUJER,09014,BENITO JUÁREZ,3,2026-08-09
09,CIUDAD DE MEXICO,2026-03,DESAPARECIDA_O_NO_LOCALIZADA,HOMBRE,09015,CUAUHTÉMOC,10,2026-08-09
09,CIUDAD DE MEXICO,2026-03,DESAPARECIDA_O_NO_LOCALIZADA,MUJER,09015,CUAUHTÉMOC,5,2026-08-09
09,CIUDAD DE MEXICO,2026-03,DESAPARECIDA_O_NO_LOCALIZADA,HOMBRE,09016,MIGUEL HIDALGO,2,2026-08-09
09,CIUDAD DE MEXICO,2026-03,DESAPARECIDA_O_NO_LOCALIZADA,MUJER,09016,MIGUEL HIDALGO,1,2026-08-09
09,CIUDAD DE MEXICO,2026-03,DESAPARECIDA_O_NO_LOCALIZADA,HOMBRE,09017,VENUSTIANO CARRANZA,3,2026-08-09
09,CIUDAD DE MEXICO,2026-03,DESAPARECIDA_O_NO_LOCALIZADA,MUJER,09017,VENUSTIANO CARRANZA,5,2026-08-09
09,CIUDAD DE MEXICO,2026-03,LOCALIZADA_CON_VIDA,HOMBRE,09002,AZCAPOTZALCO,6,2026-08-09
09,CIUDAD DE MEXICO,2026-03,LOCALIZADA_CON_VIDA,MUJER,09002,AZCAPOTZALCO,6,2026-08-09
09,CIUDAD DE MEXICO,2026-03,LOCALIZADA_CON_VIDA,HOMBRE,09003,COYOACÁN,12,2026-08-09
09,CIUDAD DE MEXICO,2026-03,LOCALIZADA_CON_VIDA,MUJER,09003,COYOACÁN,12,2026-08-09
09,CIUDAD DE MEXICO,2026-03,LOCALIZADA_CON_VIDA,HOMBRE,09004,CUAJIMALPA DE MORELOS,1,2026-08-09
09,CIUDAD DE MEXICO,2026-03,LOCALIZADA_CON_VIDA,MUJER,09004,CUAJIMALPA DE MORELOS,3,2026-08-09
09,CIUDAD DE MEXICO,2026-03,LOCALIZADA_CON_VIDA,HOMBRE,09005,GUSTAVO A. MADERO,16,2026-08-09
09,CIUDAD DE MEXICO,2026-03,LOCALIZADA_CON_VIDA,MUJER,09005,GUSTAVO A. MADERO,12,2026-08-09
09,CIUDAD DE MEXICO,2026-03,LOCALIZADA_CON_VIDA,HOMBRE,09006,IZTACALCO,5,2026-08-09
09,CIUDAD DE MEXICO,2026-03,LOCALIZADA_CON_VIDA,MUJER,09006,IZTACALCO,4,2026-08-09
09,CIUDAD DE MEXICO,2026-03,LOCALIZADA_CON_VIDA,HOMBRE,09007,IZTAPALAPA,21,2026-08-09
09,CIUDAD DE MEXICO,2026-03,LOCALIZADA_CON_VIDA,INDETERMINADO,09007,IZTAPALAPA,1,2026-08-09
09,CIUDAD DE MEXICO,2026-03,LOCALIZADA_CON_VIDA,MUJER,09007,IZTAPALAPA,23,2026-08-09
09,CIUDAD DE MEXICO,2026-03,LOCALIZADA_CON_VIDA,HOMBRE,09008,MAGDALENA CONTRERAS,3,2026-08-09
09,CIUDAD DE MEXICO,2026-03,LOCALIZADA_CON_VIDA,MUJER,09008,MAGDALENA CONTRERAS,1,2026-08-09
09,CIUDAD DE MEXICO,2026-03,LOCALIZADA_CON_VIDA,HOMBRE,09009,MILPA ALTA,1,2026-08-09
09,CIUDAD DE MEXICO,2026-03,LOCALIZADA_CON_VIDA,HOMBRE,09010,ÁLVARO OBREGÓN,7,2026-08-09
09,CIUDAD DE MEXICO,2026-03,LOCALIZADA_CON_VIDA,MUJER,09010,ÁLVARO OBREGÓN,7,2026-08-09
09,CIUDAD DE MEXICO,2026-03,LOCALIZADA_CON_VIDA,HOMBRE,09011,TLÁHUAC,1,2026-08-09
09,CIUDAD DE MEXICO,2026-03,LOCALIZADA_CON_VIDA,MUJER,09011,TLÁHUAC,5,2026-08-09
09,CIUDAD DE MEXICO,2026-03,LOCALIZADA_CON_VIDA,HOMBRE,09012,TLALPAN,9,2026-08-09
09,CIUDAD DE MEXICO,2026-03,LOCALIZADA_CON_VIDA,MUJER,09012,TLALPAN,12,2026-08-09
09,CIUDAD DE MEXICO,2026-03,LOCALIZADA_CON_VIDA,HOMBRE,09013,XOCHIMILCO,4,2026-08-09
09,CIUDAD DE MEXICO,2026-03,LOCALIZADA_CON_VIDA,MUJER,09013,XOCHIMILCO,5,2026-08-09
09,CIUDAD DE MEXICO,2026-03,LOCALIZADA_CON_VIDA,HOMBRE,09014,BENITO JUÁREZ,3,2026-08-09
09,CIUDAD DE MEXICO,2026-03,LOCALIZADA_CON_VIDA,MUJER,09014,BENITO JUÁREZ,2,2026-08-09
09,CIUDAD DE MEXICO,2026-03,LOCALIZADA_CON_VIDA,HOMBRE,09015,CUAUHTÉMOC,19,2026-08-09
09,CIUDAD DE MEXICO,2026-03,LOCALIZADA_CON_VIDA,MUJER,09015,CUAUHTÉMOC,12,2026-08-09
09,CIUDAD DE MEXICO,2026-03,LOCALIZADA_CON_VIDA,HOMBRE,09016,MIGUEL HIDALGO,6,2026-08-09
09,CIUDAD DE MEXICO,2026-03,LOCALIZADA_CON_VIDA,MUJER,09016,MIGUEL HIDALGO,5,2026-08-09
09,CIUDAD DE MEXICO,2026-03,LOCALIZADA_CON_VIDA,HOMBRE,09017,VENUSTIANO CARRANZA,6,2026-08-09
09,CIUDAD DE MEXICO,2026-03,LOCALIZADA_CON_VIDA,MUJER,09017,VENUSTIANO CARRANZA,6,2026-08-09
09,CIUDAD DE MEXICO,2026-03,LOCALIZADA_SIN_VIDA,HOMBRE,09007,IZTAPALAPA,1,2026-08-09
09,CIUDAD DE MEXICO,2026-03,LOCALIZADA_SIN_VIDA,HOMBRE,09012,TLALPAN,3,2026-08-09
09,CIUDAD DE MEXICO,2026-03,LOCALIZADA_SIN_VIDA,HOMBRE,09013,XOCHIMILCO,1,2026-08-09
09,CIUDAD DE MEXICO,2026-03,LOCALIZADA_SIN_VIDA,HOMBRE,09015,CUAUHTÉMOC,1,2026-08-09
09,CIUDAD DE MEXICO,2026-04,DESAPARECIDA_O_NO_LOCALIZADA,HOMBRE,09002,AZCAPOTZALCO,4,2026-08-09
09,CIUDAD DE MEXICO,2026-04,DESAPARECIDA_O_NO_LOCALIZADA,MUJER,09003,COYOACÁN,2,2026-08-09
09,CIUDAD DE MEXICO,2026-04,DESAPARECIDA_O_NO_LOCALIZADA,HOMBRE,09005,GUSTAVO A. MADERO,6,2026-08-09
09,CIUDAD DE MEXICO,2026-04,DESAPARECIDA_O_NO_LOCALIZADA,MUJER,09005,GUSTAVO A. MADERO,7,2026-08-09
09,CIUDAD DE MEXICO,2026-04,DESAPARECIDA_O_NO_LOCALIZADA,HOMBRE,09006,IZTACALCO,5,2026-08-09
09,CIUDAD DE MEXICO,2026-04,DESAPARECIDA_O_NO_LOCALIZADA,MUJER,09006,IZTACALCO,2,2026-08-09
09,CIUDAD DE MEXICO,2026-04,DESAPARECIDA_O_NO_LOCALIZADA,HOMBRE,09007,IZTAPALAPA,7,2026-08-09
09,CIUDAD DE MEXICO,2026-04,DESAPARECIDA_O_NO_LOCALIZADA,MUJER,09007,IZTAPALAPA,8,2026-08-09
09,CIUDAD DE MEXICO,2026-04,DESAPARECIDA_O_NO_LOCALIZADA,HOMBRE,09008,MAGDALENA CONTRERAS,1,2026-08-09
09,CIUDAD DE MEXICO,2026-04,DESAPARECIDA_O_NO_LOCALIZADA,HOMBRE,09009,MILPA ALTA,2,2026-08-09
09,CIUDAD DE MEXICO,2026-04,DESAPARECIDA_O_NO_LOCALIZADA,HOMBRE,09010,ÁLVARO OBREGÓN,4,2026-08-09
09,CIUDAD DE MEXICO,2026-04,DESAPARECIDA_O_NO_LOCALIZADA,MUJER,09010,ÁLVARO OBREGÓN,3,2026-08-09
09,CIUDAD DE MEXICO,2026-04,DESAPARECIDA_O_NO_LOCALIZADA,HOMBRE,09011,TLÁHUAC,3,2026-08-09
09,CIUDAD DE MEXICO,2026-04,DESAPARECIDA_O_NO_LOCALIZADA,HOMBRE,09012,TLALPAN,1,2026-08-09
09,CIUDAD DE MEXICO,2026-04,DESAPARECIDA_O_NO_LOCALIZADA,MUJER,09012,TLALPAN,3,2026-08-09
09,CIUDAD DE MEXICO,2026-04,DESAPARECIDA_O_NO_LOCALIZADA,HOMBRE,09013,XOCHIMILCO,2,2026-08-09
09,CIUDAD DE MEXICO,2026-04,DESAPARECIDA_O_NO_LOCALIZADA,MUJER,09013,XOCHIMILCO,3,2026-08-09
09,CIUDAD DE MEXICO,2026-04,DESAPARECIDA_O_NO_LOCALIZADA,HOMBRE,09014,BENITO JUÁREZ,1,2026-08-09
09,CIUDAD DE MEXICO,2026-04,DESAPARECIDA_O_NO_LOCALIZADA,HOMBRE,09015,CUAUHTÉMOC,7,2026-08-09
09,CIUDAD DE MEXICO,2026-04,DESAPARECIDA_O_NO_LOCALIZADA,MUJER,09015,CUAUHTÉMOC,5,2026-08-09
09,CIUDAD DE MEXICO,2026-04,DESAPARECIDA_O_NO_LOCALIZADA,HOMBRE,09016,MIGUEL HIDALGO,5,2026-08-09
09,CIUDAD DE MEXICO,2026-04,DESAPARECIDA_O_NO_LOCALIZADA,MUJER,09016,MIGUEL HIDALGO,1,2026-08-09
09,CIUDAD DE MEXICO,2026-04,DESAPARECIDA_O_NO_LOCALIZADA,HOMBRE,09017,VENUSTIANO CARRANZA,2,2026-08-09
09,CIUDAD DE MEXICO,2026-04,DESAPARECIDA_O_NO_LOCALIZADA,MUJER,09017,VENUSTIANO CARRANZA,4,2026-08-09
09,CIUDAD DE MEXICO,2026-04,LOCALIZADA_CON_VIDA,HOMBRE,09002,AZCAPOTZALCO,4,2026-08-09
09,CIUDAD DE MEXICO,2026-04,LOCALIZADA_CON_VIDA,MUJER,09002,AZCAPOTZALCO,6,2026-08-09
09,CIUDAD DE MEXICO,2026-04,LOCALIZADA_CON_VIDA,HOMBRE,09003,COYOACÁN,4,2026-08-09
09,CIUDAD DE MEXICO,2026-04,LOCALIZADA_CON_VIDA,MUJER,09003,COYOACÁN,4,2026-08-09
09,CIUDAD DE MEXICO,2026-04,LOCALIZADA_CON_VIDA,HOMBRE,09004,CUAJIMALPA DE MORELOS,1,2026-08-09
09,CIUDAD DE MEXICO,2026-04,LOCALIZADA_CON_VIDA,MUJER,09004,CUAJIMALPA DE MORELOS,2,2026-08-09
09,CIUDAD DE MEXICO,2026-04,LOCALIZADA_CON_VIDA,HOMBRE,09005,GUSTAVO A. MADERO,10,2026-08-09
09,CIUDAD DE MEXICO,2026-04,LOCALIZADA_CON_VIDA,MUJER,09005,GUSTAVO A. MADERO,14,2026-08-09
09,CIUDAD DE MEXICO,2026-04,LOCALIZADA_CON_VIDA,HOMBRE,09006,IZTACALCO,4,2026-08-09
09,CIUDAD DE MEXICO,2026-04,LOCALIZADA_CON_VIDA,MUJER,09006,IZTACALCO,5,2026-08-09
09,CIUDAD DE MEXICO,2026-04,LOCALIZADA_CON_VIDA,HOMBRE,09007,IZTAPALAPA,32,2026-08-09
09,CIUDAD DE MEXICO,2026-04,LOCALIZADA_CON_VIDA,MUJER,09007,IZTAPALAPA,19,2026-08-09
09,CIUDAD DE MEXICO,2026-04,LOCALIZADA_CON_VIDA,HOMBRE,09008,MAGDALENA CONTRERAS,1,2026-08-09
09,CIUDAD DE MEXICO,2026-04,LOCALIZADA_CON_VIDA,HOMBRE,09009,MILPA ALTA,1,2026-08-09
09,CIUDAD DE MEXICO,2026-04,LOCALIZADA_CON_VIDA,MUJER,09009,MILPA ALTA,1,2026-08-09
09,CIUDAD DE MEXICO,2026-04,LOCALIZADA_CON_VIDA,HOMBRE,09010,ÁLVARO OBREGÓN,4,2026-08-09
09,CIUDAD DE MEXICO,2026-04,LOCALIZADA_CON_VIDA,MUJER,09010,ÁLVARO OBREGÓN,9,2026-08-09
09,CIUDAD DE MEXICO,2026-04,LOCALIZADA_CON_VIDA,HOMBRE,09011,TLÁHUAC,4,2026-08-09
09,CIUDAD DE MEXICO,2026-04,LOCALIZADA_CON_VIDA,MUJER,09011,TLÁHUAC,3,2026-08-09
09,CIUDAD DE MEXICO,2026-04,LOCALIZADA_CON_VIDA,HOMBRE,09012,TLALPAN,10,2026-08-09
09,CIUDAD DE MEXICO,2026-04,LOCALIZADA_CON_VIDA,MUJER,09012,TLALPAN,5,2026-08-09
09,CIUDAD DE MEXICO,2026-04,LOCALIZADA_CON_VIDA,HOMBRE,09013,XOCHIMILCO,3,2026-08-09
09,CIUDAD DE MEXICO,2026-04,LOCALIZADA_CON_VIDA,MUJER,09013,XOCHIMILCO,2,2026-08-09
09,CIUDAD DE MEXICO,2026-04,LOCALIZADA_CON_VIDA,HOMBRE,09014,BENITO JUÁREZ,1,2026-08-09
09,CIUDAD DE MEXICO,2026-04,LOCALIZADA_CON_VIDA,MUJER,09014,BENITO JUÁREZ,6,2026-08-09
09,CIUDAD DE MEXICO,2026-04,LOCALIZADA_CON_VIDA,HOMBRE,09015,CUAUHTÉMOC,11,2026-08-09
09,CIUDAD DE MEXICO,2026-04,LOCALIZADA_CON_VIDA,MUJER,09015,CUAUHTÉMOC,6,2026-08-09
09,CIUDAD DE MEXICO,2026-04,LOCALIZADA_CON_VIDA,HOMBRE,09016,MIGUEL HIDALGO,3,2026-08-09
09,CIUDAD DE MEXICO,2026-04,LOCALIZADA_CON_VIDA,MUJER,09016,MIGUEL HIDALGO,6,2026-08-09
09,CIUDAD DE MEXICO,2026-04,LOCALIZADA_CON_VIDA,HOMBRE,09017,VENUSTIANO CARRANZA,4,2026-08-09
09,CIUDAD DE MEXICO,2026-04,LOCALIZADA_CON_VIDA,MUJER,09017,VENUSTIANO CARRANZA,6,2026-08-09
09,CIUDAD DE MEXICO,2026-04,LOCALIZADA_SIN_VIDA,HOMBRE,,COACALCO DE BERRIOZÁBAL,1,2026-08-09
09,CIUDAD DE MEXICO,2026-04,LOCALIZADA_SIN_VIDA,HOMBRE,09004,CUAJIMALPA DE MORELOS,1,2026-08-09
09,CIUDAD DE MEXICO,2026-04,LOCALIZADA_SIN_VIDA,HOMBRE,09005,GUSTAVO A. MADERO,1,2026-08-09
09,CIUDAD DE MEXICO,2026-04,LOCALIZADA_SIN_VIDA,HOMBRE,09007,IZTAPALAPA,2,2026-08-09
09,CIUDAD DE MEXICO,2026-04,LOCALIZADA_SIN_VIDA,HOMBRE,09008,MAGDALENA CONTRERAS,1,2026-08-09
09,CIUDAD DE MEXICO,2026-04,LOCALIZADA_SIN_VIDA,HOMBRE,09014,BENITO JUÁREZ,1,2026-08-09
09,CIUDAD DE MEXICO,2026-04,LOCALIZADA_SIN_VIDA,HOMBRE,09015,CUAUHTÉMOC,2,2026-08-09
09,CIUDAD DE MEXICO,2026-04,LOCALIZADA_SIN_VIDA,HOMBRE,09016,MIGUEL HIDALGO,1,2026-08-09
09,CIUDAD DE MEXICO,2026-05,DESAPARECIDA_O_NO_LOCALIZADA,HOMBRE,,CELAYA,1,2026-08-09
09,CIUDAD DE MEXICO,2026-05,DESAPARECIDA_O_NO_LOCALIZADA,HOMBRE,09002,AZCAPOTZALCO,3,2026-08-09
09,CIUDAD DE MEXICO,2026-05,DESAPARECIDA_O_NO_LOCALIZADA,MUJER,09002,AZCAPOTZALCO,1,2026-08-09
09,CIUDAD DE MEXICO,2026-05,DESAPARECIDA_O_NO_LOCALIZADA,HOMBRE,09003,COYOACÁN,1,2026-08-09
09,CIUDAD DE MEXICO,2026-05,DESAPARECIDA_O_NO_LOCALIZADA,MUJER,09003,COYOACÁN,4,2026-08-09
09,CIUDAD DE MEXICO,2026-05,DESAPARECIDA_O_NO_LOCALIZADA,HOMBRE,09005,GUSTAVO A. MADERO,4,2026-08-09
09,CIUDAD DE MEXICO,2026-05,DESAPARECIDA_O_NO_LOCALIZADA,MUJER,09005,GUSTAVO A. MADERO,6,2026-08-09
09,CIUDAD DE MEXICO,2026-05,DESAPARECIDA_O_NO_LOCALIZADA,HOMBRE,09006,IZTACALCO,3,2026-08-09
09,CIUDAD DE MEXICO,2026-05,DESAPARECIDA_O_NO_LOCALIZADA,MUJER,09006,IZTACALCO,2,2026-08-09
09,CIUDAD DE MEXICO,2026-05,DESAPARECIDA_O_NO_LOCALIZADA,HOMBRE,09007,IZTAPALAPA,6,2026-08-09
09,CIUDAD DE MEXICO,2026-05,DESAPARECIDA_O_NO_LOCALIZADA,MUJER,09007,IZTAPALAPA,7,2026-08-09
09,CIUDAD DE MEXICO,2026-05,DESAPARECIDA_O_NO_LOCALIZADA,HOMBRE,09008,MAGDALENA CONTRERAS,1,2026-08-09
09,CIUDAD DE MEXICO,2026-05,DESAPARECIDA_O_NO_LOCALIZADA,HOMBRE,09009,MILPA ALTA,1,2026-08-09
09,CIUDAD DE MEXICO,2026-05,DESAPARECIDA_O_NO_LOCALIZADA,MUJER,09009,MILPA ALTA,1,2026-08-09
09,CIUDAD DE MEXICO,2026-05,DESAPARECIDA_O_NO_LOCALIZADA,HOMBRE,09010,ÁLVARO OBREGÓN,5,2026-08-09
09,CIUDAD DE MEXICO,2026-05,DESAPARECIDA_O_NO_LOCALIZADA,HOMBRE,09011,TLÁHUAC,3,2026-08-09
09,CIUDAD DE MEXICO,2026-05,DESAPARECIDA_O_NO_LOCALIZADA,MUJER,09011,TLÁHUAC,1,2026-08-09
09,CIUDAD DE MEXICO,2026-05,DESAPARECIDA_O_NO_LOCALIZADA,HOMBRE,09012,TLALPAN,3,2026-08-09
09,CIUDAD DE MEXICO,2026-05,DESAPARECIDA_O_NO_LOCALIZADA,MUJER,09012,TLALPAN,8,2026-08-09
09,CIUDAD DE MEXICO,2026-05,DESAPARECIDA_O_NO_LOCALIZADA,HOMBRE,09013,XOCHIMILCO,2,2026-08-09
09,CIUDAD DE MEXICO,2026-05,DESAPARECIDA_O_NO_LOCALIZADA,MUJER,09013,XOCHIMILCO,3,2026-08-09
09,CIUDAD DE MEXICO,2026-05,DESAPARECIDA_O_NO_LOCALIZADA,HOMBRE,09014,BENITO JUÁREZ,2,2026-08-09
09,CIUDAD DE MEXICO,2026-05,DESAPARECIDA_O_NO_LOCALIZADA,HOMBRE,09015,CUAUHTÉMOC,8,2026-08-09
09,CIUDAD DE MEXICO,2026-05,DESAPARECIDA_O_NO_LOCALIZADA,MUJER,09015,CUAUHTÉMOC,4,2026-08-09
09,CIUDAD DE MEXICO,2026-05,DESAPARECIDA_O_NO_LOCALIZADA,HOMBRE,09016,MIGUEL HIDALGO,4,2026-08-09
09,CIUDAD DE MEXICO,2026-05,DESAPARECIDA_O_NO_LOCALIZADA,MUJER,09016,MIGUEL HIDALGO,2,2026-08-09
09,CIUDAD DE MEXICO,2026-05,DESAPARECIDA_O_NO_LOCALIZADA,HOMBRE,09017,VENUSTIANO CARRANZA,4,2026-08-09
09,CIUDAD DE MEXICO,2026-05,DESAPARECIDA_O_NO_LOCALIZADA,MUJER,09017,VENUSTIANO CARRANZA,3,2026-08-09
09,CIUDAD DE MEXICO,2026-05,LOCALIZADA_CON_VIDA,HOMBRE,09002,AZCAPOTZALCO,2,2026-08-09
09,CIUDAD DE MEXICO,2026-05,LOCALIZADA_CON_VIDA,MUJER,09002,AZCAPOTZALCO,3,2026-08-09
09,CIUDAD DE MEXICO,2026-05,LOCALIZADA_CON_VIDA,HOMBRE,09003,COYOACÁN,8,2026-08-09
09,CIUDAD DE MEXICO,2026-05,LOCALIZADA_CON_VIDA,MUJER,09003,COYOACÁN,1,2026-08-09
09,CIUDAD DE MEXICO,2026-05,LOCALIZADA_CON_VIDA,HOMBRE,09004,CUAJIMALPA DE MORELOS,2,2026-08-09
09,CIUDAD DE MEXICO,2026-05,LOCALIZADA_CON_VIDA,MUJER,09004,CUAJIMALPA DE MORELOS,2,2026-08-09
09,CIUDAD DE MEXICO,2026-05,LOCALIZADA_CON_VIDA,HOMBRE,09005,GUSTAVO A. MADERO,8,2026-08-09
09,CIUDAD DE MEXICO,2026-05,LOCALIZADA_CON_VIDA,MUJER,09005,GUSTAVO A. MADERO,13,2026-08-09
09,CIUDAD DE MEXICO,2026-05,LOCALIZADA_CON_VIDA,HOMBRE,09006,IZTACALCO,6,2026-08-09
09,CIUDAD DE MEXICO,2026-05,LOCALIZADA_CON_VIDA,INDETERMINADO,09006,IZTACALCO,1,2026-08-09
09,CIUDAD DE MEXICO,2026-05,LOCALIZADA_CON_VIDA,MUJER,09006,IZTACALCO,7,2026-08-09
09,CIUDAD DE MEXICO,2026-05,LOCALIZADA_CON_VIDA,HOMBRE,09007,IZTAPALAPA,20,2026-08-09
09,CIUDAD DE MEXICO,2026-05,LOCALIZADA_CON_VIDA,MUJER,09007,IZTAPALAPA,15,2026-08-09
09,CIUDAD DE MEXICO,2026-05,LOCALIZADA_CON_VIDA,HOMBRE,09008,MAGDALENA CONTRERAS,3,2026-08-09
09,CIUDAD DE MEXICO,2026-05,LOCALIZADA_CON_VIDA,MUJER,09008,MAGDALENA CONTRERAS,2,2026-08-09
09,CIUDAD DE MEXICO,2026-05,LOCALIZADA_CON_VIDA,HOMBRE,09009,MILPA ALTA,2,2026-08-09
09,CIUDAD DE MEXICO,2026-05,LOCALIZADA_CON_VIDA,MUJER,09009,MILPA ALTA,2,2026-08-09
09,CIUDAD DE MEXICO,2026-05,LOCALIZADA_CON_VIDA,HOMBRE,09010,ÁLVARO OBREGÓN,11,2026-08-09
09,CIUDAD DE MEXICO,2026-05,LOCALIZADA_CON_VIDA,MUJER,09010,ÁLVARO OBREGÓN,11,2026-08-09
09,CIUDAD DE MEXICO,2026-05,LOCALIZADA_CON_VIDA,HOMBRE,09011,TLÁHUAC,2,2026-08-09
09,CIUDAD DE MEXICO,2026-05,LOCALIZADA_CON_VIDA,MUJER,09011,TLÁHUAC,3,2026-08-09
09,CIUDAD DE MEXICO,2026-05,LOCALIZADA_CON_VIDA,HOMBRE,09012,TLALPAN,6,2026-08-09
09,CIUDAD DE MEXICO,2026-05,LOCALIZADA_CON_VIDA,MUJER,09012,TLALPAN,9,2026-08-09
09,CIUDAD DE MEXICO,2026-05,LOCALIZADA_CON_VIDA,HOMBRE,09013,XOCHIMILCO,4,2026-08-09
09,CIUDAD DE MEXICO,2026-05,LOCALIZADA_CON_VIDA,MUJER,09013,XOCHIMILCO,7,2026-08-09
09,CIUDAD DE MEXICO,2026-05,LOCALIZADA_CON_VIDA,HOMBRE,09014,BENITO JUÁREZ,2,2026-08-09
09,CIUDAD DE MEXICO,2026-05,LOCALIZADA_CON_VIDA,INDETERMINADO,09014,BENITO JUÁREZ,1,2026-08-09
09,CIUDAD DE MEXICO,2026-05,LOCALIZADA_CON_VIDA,MUJER,09014,BENITO JUÁREZ,2,2026-08-09
09,CIUDAD DE MEXICO,2026-05,LOCALIZADA_CON_VIDA,HOMBRE,09015,CUAUHTÉMOC,18,2026-08-09
09,CIUDAD DE MEXICO,2026-05,LOCALIZADA_CON_VIDA,MUJER,09015,CUAUHTÉMOC,14,2026-08-09
09,CIUDAD DE MEXICO,2026-05,LOCALIZADA_CON_VIDA,HOMBRE,09016,MIGUEL HIDALGO,5,2026-08-09
09,CIUDAD DE MEXICO,2026-05,LOCALIZADA_CON_VIDA,MUJER,09016,MIGUEL HIDALGO,8,2026-08-09
09,CIUDAD DE MEXICO,2026-05,LOCALIZADA_CON_VIDA,HOMBRE,09017,VENUSTIANO CARRANZA,7,2026-08-09
09,CIUDAD DE MEXICO,2026-05,LOCALIZADA_CON_VIDA,MUJER,09017,VENUSTIANO CARRANZA,10,2026-08-09
09,CIUDAD DE MEXICO,2026-05,LOCALIZADA_SIN_VIDA,HOMBRE,09005,GUSTAVO A. MADERO,2,2026-08-09
09,CIUDAD DE MEXICO,2026-05,LOCALIZADA_SIN_VIDA,HOMBRE,09015,CUAUHTÉMOC,3,2026-08-09
09,CIUDAD DE MEXICO,2026-05,LOCALIZADA_SIN_VIDA,MUJER,09015,CUAUHTÉMOC,1,2026-08-09
09,CIUDAD DE MEXICO,2026-05,LOCALIZADA_SIN_VIDA,HOMBRE,09016,MIGUEL HIDALGO,1,2026-08-09
09,CIUDAD DE MEXICO,2026-05,LOCALIZADA_SIN_VIDA,HOMBRE,09017,VENUSTIANO CARRANZA,1,2026-08-09
09,CIUDAD DE MEXICO,2026-06,DESAPARECIDA_O_NO_LOCALIZADA,HOMBRE,09002,AZCAPOTZALCO,1,2026-08-09
09,CIUDAD DE MEXICO,2026-06,DESAPARECIDA_O_NO_LOCALIZADA,MUJER,09002,AZCAPOTZALCO,3,2026-08-09
09,CIUDAD DE MEXICO,2026-06,DESAPARECIDA_O_NO_LOCALIZADA,HOMBRE,09003,COYOACÁN,3,2026-08-09
09,CIUDAD DE MEXICO,2026-06,DESAPARECIDA_O_NO_LOCALIZADA,INDETERMINADO,09003,COYOACÁN,1,2026-08-09
09,CIUDAD DE MEXICO,2026-06,DESAPARECIDA_O_NO_LOCALIZADA,MUJER,09003,COYOACÁN,2,2026-08-09
09,CIUDAD DE MEXICO,2026-06,DESAPARECIDA_O_NO_LOCALIZADA,HOMBRE,09004,CUAJIMALPA DE MORELOS,2,2026-08-09
09,CIUDAD DE MEXICO,2026-06,DESAPARECIDA_O_NO_LOCALIZADA,HOMBRE,09005,GUSTAVO A. MADERO,6,2026-08-09
09,CIUDAD DE MEXICO,2026-06,DESAPARECIDA_O_NO_LOCALIZADA,MUJER,09005,GUSTAVO A. MADERO,12,2026-08-09
09,CIUDAD DE MEXICO,2026-06,DESAPARECIDA_O_NO_LOCALIZADA,HOMBRE,09006,IZTACALCO,2,2026-08-09
09,CIUDAD DE MEXICO,2026-06,DESAPARECIDA_O_NO_LOCALIZADA,HOMBRE,09007,IZTAPALAPA,13,2026-08-09
09,CIUDAD DE MEXICO,2026-06,DESAPARECIDA_O_NO_LOCALIZADA,MUJER,09007,IZTAPALAPA,5,2026-08-09
09,CIUDAD DE MEXICO,2026-06,DESAPARECIDA_O_NO_LOCALIZADA,MUJER,09008,MAGDALENA CONTRERAS,1,2026-08-09
09,CIUDAD DE MEXICO,2026-06,DESAPARECIDA_O_NO_LOCALIZADA,HOMBRE,09010,ÁLVARO OBREGÓN,2,2026-08-09
09,CIUDAD DE MEXICO,2026-06,DESAPARECIDA_O_NO_LOCALIZADA,MUJER,09010,ÁLVARO OBREGÓN,2,2026-08-09
09,CIUDAD DE MEXICO,2026-06,DESAPARECIDA_O_NO_LOCALIZADA,HOMBRE,09011,TLÁHUAC,2,2026-08-09
09,CIUDAD DE MEXICO,2026-06,DESAPARECIDA_O_NO_LOCALIZADA,MUJER,09011,TLÁHUAC,1,2026-08-09
09,CIUDAD DE MEXICO,2026-06,DESAPARECIDA_O_NO_LOCALIZADA,HOMBRE,09012,TLALPAN,2,2026-08-09
09,CIUDAD DE MEXICO,2026-06,DESAPARECIDA_O_NO_LOCALIZADA,MUJER,09012,TLALPAN,2,2026-08-09
09,CIUDAD DE MEXICO,2026-06,DESAPARECIDA_O_NO_LOCALIZADA,HOMBRE,09013,XOCHIMILCO,1,2026-08-09
09,CIUDAD DE MEXICO,2026-06,DESAPARECIDA_O_NO_LOCALIZADA,MUJER,09013,XOCHIMILCO,4,2026-08-09
09,CIUDAD DE MEXICO,2026-06,DESAPARECIDA_O_NO_LOCALIZADA,HOMBRE,09014,BENITO JUÁREZ,3,2026-08-09
09,CIUDAD DE MEXICO,2026-06,DESAPARECIDA_O_NO_LOCALIZADA,MUJER,09014,BENITO JUÁREZ,1,2026-08-09
09,CIUDAD DE MEXICO,2026-06,DESAPARECIDA_O_NO_LOCALIZADA,HOMBRE,09015,CUAUHTÉMOC,6,2026-08-09
09,CIUDAD DE MEXICO,2026-06,DESAPARECIDA_O_NO_LOCALIZADA,MUJER,09015,CUAUHTÉMOC,9,2026-08-09
09,CIUDAD DE MEXICO,2026-06,DESAPARECIDA_O_NO_LOCALIZADA,HOMBRE,09016,MIGUEL HIDALGO,1,2026-08-09
09,CIUDAD DE MEXICO,2026-06,DESAPARECIDA_O_NO_LOCALIZADA,MUJER,09016,MIGUEL HIDALGO,1,2026-08-09
09,CIUDAD DE MEXICO,2026-06,DESAPARECIDA_O_NO_LOCALIZADA,HOMBRE,09017,VENUSTIANO CARRANZA,5,2026-08-09
09,CIUDAD DE MEXICO,2026-06,DESAPARECIDA_O_NO_LOCALIZADA,MUJER,09017,VENUSTIANO CARRANZA,7,2026-08-09
09,CIUDAD DE MEXICO,2026-06,LOCALIZADA_CON_VIDA,HOMBRE,09002,AZCAPOTZALCO,4,2026-08-09
09,CIUDAD DE MEXICO,2026-06,LOCALIZADA_CON_VIDA,MUJER,09002,AZCAPOTZALCO,5,2026-08-09
09,CIUDAD DE MEXICO,2026-06,LOCALIZADA_CON_VIDA,HOMBRE,09003,COYOACÁN,2,2026-08-09
09,CIUDAD DE MEXICO,2026-06,LOCALIZADA_CON_VIDA,MUJER,09003,COYOACÁN,3,2026-08-09
09,CIUDAD DE MEXICO,2026-06,LOCALIZADA_CON_VIDA,MUJER,09004,CUAJIMALPA DE MORELOS,1,2026-08-09
09,CIUDAD DE MEXICO,2026-06,LOCALIZADA_CON_VIDA,HOMBRE,09005,GUSTAVO A. MADERO,8,2026-08-09
09,CIUDAD DE MEXICO,2026-06,LOCALIZADA_CON_VIDA,MUJER,09005,GUSTAVO A. MADERO,8,2026-08-09
09,CIUDAD DE MEXICO,2026-06,LOCALIZADA_CON_VIDA,MUJER,09006,IZTACALCO,1,2026-08-09
09,CIUDAD DE MEXICO,2026-06,LOCALIZADA_CON_VIDA,HOMBRE,09007,IZTAPALAPA,11,2026-08-09
09,CIUDAD DE MEXICO,2026-06,LOCALIZADA_CON_VIDA,MUJER,09007,IZTAPALAPA,10,2026-08-09
09,CIUDAD DE MEXICO,2026-06,LOCALIZADA_CON_VIDA,HOMBRE,09008,MAGDALENA CONTRERAS,3,2026-08-09
09,CIUDAD DE MEXICO,2026-06,LOCALIZADA_CON_VIDA,HOMBRE,09009,MILPA ALTA,1,2026-08-09
09,CIUDAD DE MEXICO,2026-06,LOCALIZADA_CON_VIDA,MUJER,09009,MILPA ALTA,1,2026-08-09
09,CIUDAD DE MEXICO,2026-06,LOCALIZADA_CON_VIDA,HOMBRE,09010,ÁLVARO OBREGÓN,4,2026-08-09
09,CIUDAD DE MEXICO,2026-06,LOCALIZADA_CON_VIDA,MUJER,09010,ÁLVARO OBREGÓN,3,2026-08-09
09,CIUDAD DE MEXICO,2026-06,LOCALIZADA_CON_VIDA,HOMBRE,09011,TLÁHUAC,3,2026-08-09
09,CIUDAD DE MEXICO,2026-06,LOCALIZADA_CON_VIDA,MUJER,09011,TLÁHUAC,5,2026-08-09
09,CIUDAD DE MEXICO,2026-06,LOCALIZADA_CON_VIDA,HOMBRE,09012,TLALPAN,4,2026-08-09
09,CIUDAD DE MEXICO,2026-06,LOCALIZADA_CON_VIDA,MUJER,09012,TLALPAN,7,2026-08-09
09,CIUDAD DE MEXICO,2026-06,LOCALIZADA_CON_VIDA,HOMBRE,09013,XOCHIMILCO,3,2026-08-09
09,CIUDAD DE MEXICO,2026-06,LOCALIZADA_CON_VIDA,MUJER,09013,XOCHIMILCO,3,2026-08-09
09,CIUDAD DE MEXICO,2026-06,LOCALIZADA_CON_VIDA,HOMBRE,09014,BENITO JUÁREZ,3,2026-08-09
09,CIUDAD DE MEXICO,2026-06,LOCALIZADA_CON_VIDA,MUJER,09014,BENITO JUÁREZ,5,2026-08-09
09,CIUDAD DE MEXICO,2026-06,LOCALIZADA_CON_VIDA,HOMBRE,09015,CUAUHTÉMOC,12,2026-08-09
09,CIUDAD DE MEXICO,2026-06,LOCALIZADA_CON_VIDA,MUJER,09015,CUAUHTÉMOC,6,2026-08-09
09,CIUDAD DE MEXICO,2026-06,LOCALIZADA_CON_VIDA,HOMBRE,09016,MIGUEL HIDALGO,1,2026-08-09
09,CIUDAD DE MEXICO,2026-06,LOCALIZADA_CON_VIDA,MUJER,09016,MIGUEL HIDALGO,4,2026-08-09
09,CIUDAD DE MEXICO,2026-06,LOCALIZADA_CON_VIDA,HOMBRE,09017,VENUSTIANO CARRANZA,3,2026-08-09
09,CIUDAD DE MEXICO,2026-06,LOCALIZADA_CON_VIDA,MUJER,09017,VENUSTIANO CARRANZA,4,2026-08-09
09,CIUDAD DE MEXICO,2026-06,LOCALIZADA_SIN_VIDA,HOMBRE,09008,MAGDALENA CONTRERAS,1,2026-08-09
09,CIUDAD DE MEXICO,2026-06,LOCALIZADA_SIN_VIDA,HOMBRE,09013,XOCHIMILCO,1,2026-08-09
09,CIUDAD DE MEXICO,2026-07,DESAPARECIDA_O_NO_LOCALIZADA,HOMBRE,09002,AZCAPOTZALCO,4,2026-08-09
09,CIUDAD DE MEXICO,2026-07,DESAPARECIDA_O_NO_LOCALIZADA,MUJER,09002,AZCAPOTZALCO,1,2026-08-09
09,CIUDAD DE MEXICO,2026-07,DESAPARECIDA_O_NO_LOCALIZADA,HOMBRE,09003,COYOACÁN,2,2026-08-09
09,CIUDAD DE MEXICO,2026-07,DESAPARECIDA_O_NO_LOCALIZADA,HOMBRE,09004,CUAJIMALPA DE MORELOS,2,2026-08-09
09,CIUDAD DE MEXICO,2026-07,DESAPARECIDA_O_NO_LOCALIZADA,HOMBRE,09005,GUSTAVO A. MADERO,7,2026-08-09
09,CIUDAD DE MEXICO,2026-07,DESAPARECIDA_O_NO_LOCALIZADA,MUJER,09005,GUSTAVO A. MADERO,4,2026-08-09
09,CIUDAD DE MEXICO,2026-07,DESAPARECIDA_O_NO_LOCALIZADA,HOMBRE,09006,IZTACALCO,3,2026-08-09
09,CIUDAD DE MEXICO,2026-07,DESAPARECIDA_O_NO_LOCALIZADA,MUJER,09006,IZTACALCO,6,2026-08-09
09,CIUDAD DE MEXICO,2026-07,DESAPARECIDA_O_NO_LOCALIZADA,HOMBRE,09007,IZTAPALAPA,10,2026-08-09
09,CIUDAD DE MEXICO,2026-07,DESAPARECIDA_O_NO_LOCALIZADA,MUJER,09007,IZTAPALAPA,5,2026-08-09
09,CIUDAD DE MEXICO,2026-07,DESAPARECIDA_O_NO_LOCALIZADA,HOMBRE,09008,MAGDALENA CONTRERAS,1,2026-08-09
09,CIUDAD DE MEXICO,2026-07,DESAPARECIDA_O_NO_LOCALIZADA,MUJER,09008,MAGDALENA CONTRERAS,2,2026-08-09
09,CIUDAD DE MEXICO,2026-07,DESAPARECIDA_O_NO_LOCALIZADA,HOMBRE,09010,ÁLVARO OBREGÓN,6,2026-08-09
09,CIUDAD DE MEXICO,2026-07,DESAPARECIDA_O_NO_LOCALIZADA,MUJER,09010,ÁLVARO OBREGÓN,3,2026-08-09
09,CIUDAD DE MEXICO,2026-07,DESAPARECIDA_O_NO_LOCALIZADA,HOMBRE,09011,TLÁHUAC,4,2026-08-09
09,CIUDAD DE MEXICO,2026-07,DESAPARECIDA_O_NO_LOCALIZADA,MUJER,09011,TLÁHUAC,3,2026-08-09
09,CIUDAD DE MEXICO,2026-07,DESAPARECIDA_O_NO_LOCALIZADA,HOMBRE,09012,TLALPAN,1,2026-08-09
09,CIUDAD DE MEXICO,2026-07,DESAPARECIDA_O_NO_LOCALIZADA,MUJER,09012,TLALPAN,4,2026-08-09
09,CIUDAD DE MEXICO,2026-07,DESAPARECIDA_O_NO_LOCALIZADA,HOMBRE,09013,XOCHIMILCO,1,2026-08-09
09,CIUDAD DE MEXICO,2026-07,DESAPARECIDA_O_NO_LOCALIZADA,HOMBRE,09014,BENITO JUÁREZ,2,2026-08-09
09,CIUDAD DE MEXICO,2026-07,DESAPARECIDA_O_NO_LOCALIZADA,MUJER,09014,BENITO JUÁREZ,1,2026-08-09
09,CIUDAD DE MEXICO,2026-07,DESAPARECIDA_O_NO_LOCALIZADA,HOMBRE,09015,CUAUHTÉMOC,7,2026-08-09
09,CIUDAD DE MEXICO,2026-07,DESAPARECIDA_O_NO_LOCALIZADA,MUJER,09015,CUAUHTÉMOC,4,2026-08-09
09,CIUDAD DE MEXICO,2026-07,DESAPARECIDA_O_NO_LOCALIZADA,HOMBRE,09016,MIGUEL HIDALGO,1,2026-08-09
09,CIUDAD DE MEXICO,2026-07,DESAPARECIDA_O_NO_LOCALIZADA,MUJER,09016,MIGUEL HIDALGO,2,2026-08-09
09,CIUDAD DE MEXICO,2026-07,DESAPARECIDA_O_NO_LOCALIZADA,HOMBRE,09017,VENUSTIANO CARRANZA,10,2026-08-09
09,CIUDAD DE MEXICO,2026-07,DESAPARECIDA_O_NO_LOCALIZADA,MUJER,09017,VENUSTIANO CARRANZA,3,2026-08-09
09,CIUDAD DE MEXICO,2026-07,LOCALIZADA_CON_VIDA,HOMBRE,09002,AZCAPOTZALCO,1,2026-08-09
09,CIUDAD DE MEXICO,2026-07,LOCALIZADA_CON_VIDA,MUJER,09002,AZCAPOTZALCO,2,2026-08-09
09,CIUDAD DE MEXICO,2026-07,LOCALIZADA_CON_VIDA,MUJER,09003,COYOACÁN,2,2026-08-09
09,CIUDAD DE MEXICO,2026-07,LOCALIZADA_CON_VIDA,HOMBRE,09004,CUAJIMALPA DE MORELOS,1,2026-08-09
09,CIUDAD DE MEXICO,2026-07,LOCALIZADA_CON_VIDA,MUJER,09004,CUAJIMALPA DE MORELOS,3,2026-08-09
09,CIUDAD DE MEXICO,2026-07,LOCALIZADA_CON_VIDA,HOMBRE,09005,GUSTAVO A. MADERO,6,2026-08-09
09,CIUDAD DE MEXICO,2026-07,LOCALIZADA_CON_VIDA,MUJER,09005,GUSTAVO A. MADERO,1,2026-08-09
09,CIUDAD DE MEXICO,2026-07,LOCALIZADA_CON_VIDA,MUJER,09006,IZTACALCO,2,2026-08-09
09,CIUDAD DE MEXICO,2026-07,LOCALIZADA_CON_VIDA,HOMBRE,09007,IZTAPALAPA,5,2026-08-09
09,CIUDAD DE MEXICO,2026-07,LOCALIZADA_CON_VIDA,MUJER,09007,IZTAPALAPA,4,2026-08-09
09,CIUDAD DE MEXICO,2026-07,LOCALIZADA_CON_VIDA,MUJER,09011,TLÁHUAC,2,2026-08-09
09,CIUDAD DE MEXICO,2026-07,LOCALIZADA_CON_VIDA,HOMBRE,09012,TLALPAN,3,2026-08-09
09,CIUDAD DE MEXICO,2026-07,LOCALIZADA_CON_VIDA,MUJER,09012,TLALPAN,2,2026-08-09
09,CIUDAD DE MEXICO,2026-07,LOCALIZADA_CON_VIDA,MUJER,09013,XOCHIMILCO,4,2026-08-09
09,CIUDAD DE MEXICO,2026-07,LOCALIZADA_CON_VIDA,HOMBRE,09014,BENITO JUÁREZ,1,2026-08-09
09,CIUDAD DE MEXICO,2026-07,LOCALIZADA_CON_VIDA,MUJER,09014,BENITO JUÁREZ,2,2026-08-09
09,CIUDAD DE MEXICO,2026-07,LOCALIZADA_CON_VIDA,HOMBRE,09015,CUAUHTÉMOC,2,2026-08-09
09,CIUDAD DE MEXICO,2026-07,LOCALIZADA_CON_VIDA,MUJER,09015,CUAUHTÉMOC,3,2026-08-09
09,CIUDAD DE MEXICO,2026-07,LOCALIZADA_CON_VIDA,HOMBRE,09016,MIGUEL HIDALGO,1,2026-08-09
09,CIUDAD DE MEXICO,2026-07,LOCALIZADA_CON_VIDA,MUJER,09017,VENUSTIANO CARRANZA,2,2026-08-09
09,CIUDAD DE MEXICO,SIN_FECHA,DESAPARECIDA_O_NO_LOCALIZADA,,,,338,2026-08-09
09,CIUDAD DE MEXICO,SIN_FECHA,LOCALIZADA_CON_VIDA,,,,659,2026-08-09
09,CIUDAD DE MEXICO,SIN_FECHA,LOCALIZADA_SIN_VIDA,,,,70,2026-08-09
10,DURANGO,2026-01,DESAPARECIDA_O_NO_LOCALIZADA,HOMBRE,10005,DURANGO,4,2026-08-09
10,DURANGO,2026-01,DESAPARECIDA_O_NO_LOCALIZADA,MUJER,10005,DURANGO,1,2026-08-09
10,DURANGO,2026-01,DESAPARECIDA_O_NO_LOCALIZADA,HOMBRE,10032,SANTIAGO PAPASQUIARO,1,2026-08-09
10,DURANGO,2026-01,DESAPARECIDA_O_NO_LOCALIZADA,HOMBRE,10039,NUEVO IDEAL,1,2026-08-09
10,DURANGO,2026-01,LOCALIZADA_CON_VIDA,HOMBRE,10005,DURANGO,12,2026-08-09
10,DURANGO,2026-01,LOCALIZADA_CON_VIDA,MUJER,10005,DURANGO,17,2026-08-09
10,DURANGO,2026-01,LOCALIZADA_CON_VIDA,HOMBRE,10007,GÓMEZ PALACIO,1,2026-08-09
10,DURANGO,2026-01,LOCALIZADA_CON_VIDA,MUJER,10007,GÓMEZ PALACIO,1,2026-08-09
10,DURANGO,2026-01,LOCALIZADA_CON_VIDA,MUJER,10008,GUADALUPE VICTORIA,1,2026-08-09
10,DURANGO,2026-01,LOCALIZADA_CON_VIDA,HOMBRE,10012,LERDO,1,2026-08-09
10,DURANGO,2026-01,LOCALIZADA_CON_VIDA,HOMBRE,10013,MAPIMÍ,1,2026-08-09
10,DURANGO,2026-01,LOCALIZADA_CON_VIDA,MUJER,10021,PEÑÓN BLANCO,1,2026-08-09
10,DURANGO,2026-01,LOCALIZADA_CON_VIDA,HOMBRE,10023,PUEBLO NUEVO,2,2026-08-09
10,DURANGO,2026-01,LOCALIZADA_CON_VIDA,MUJER,10032,SANTIAGO PAPASQUIARO,1,2026-08-09
10,DURANGO,2026-01,LOCALIZADA_CON_VIDA,MUJER,10035,TEPEHUANES,2,2026-08-09
10,DURANGO,2026-02,DESAPARECIDA_O_NO_LOCALIZADA,HOMBRE,10005,DURANGO,2,2026-08-09
10,DURANGO,2026-02,DESAPARECIDA_O_NO_LOCALIZADA,MUJER,10005,DURANGO,4,2026-08-09
10,DURANGO,2026-02,DESAPARECIDA_O_NO_LOCALIZADA,HOMBRE,10007,GÓMEZ PALACIO,1,2026-08-09
10,DURANGO,2026-02,DESAPARECIDA_O_NO_LOCALIZADA,HOMBRE,10013,MAPIMÍ,1,2026-08-09
10,DURANGO,2026-02,LOCALIZADA_CON_VIDA,HOMBRE,10005,DURANGO,25,2026-08-09
10,DURANGO,2026-02,LOCALIZADA_CON_VIDA,MUJER,10005,DURANGO,23,2026-08-09
10,DURANGO,2026-02,LOCALIZADA_CON_VIDA,HOMBRE,10007,GÓMEZ PALACIO,3,2026-08-09
10,DURANGO,2026-02,LOCALIZADA_CON_VIDA,MUJER,10007,GÓMEZ PALACIO,3,2026-08-09
10,DURANGO,2026-02,LOCALIZADA_CON_VIDA,MUJER,10012,LERDO,2,2026-08-09
10,DURANGO,2026-02,LOCALIZADA_CON_VIDA,MUJER,10014,MEZQUITAL,1,2026-08-09
10,DURANGO,2026-02,LOCALIZADA_CON_VIDA,HOMBRE,10023,PUEBLO NUEVO,1,2026-08-09
10,DURANGO,2026-02,LOCALIZADA_CON_VIDA,MUJER,10023,PUEBLO NUEVO,1,2026-08-09
10,DURANGO,2026-02,LOCALIZADA_CON_VIDA,MUJER,10032,SANTIAGO PAPASQUIARO,1,2026-08-09
10,DURANGO,2026-02,LOCALIZADA_CON_VIDA,MUJER,10038,VICENTE GUERRERO,1,2026-08-09
10,DURANGO,2026-02,LOCALIZADA_SIN_VIDA,HOMBRE,10005,DURANGO,3,2026-08-09
10,DURANGO,2026-03,DESAPARECIDA_O_NO_LOCALIZADA,HOMBRE,10005,DURANGO,7,2026-08-09
10,DURANGO,2026-03,DESAPARECIDA_O_NO_LOCALIZADA,MUJER,10007,GÓMEZ PALACIO,3,2026-08-09
10,DURANGO,2026-03,DESAPARECIDA_O_NO_LOCALIZADA,HOMBRE,10012,LERDO,1,2026-08-09
10,DURANGO,2026-03,DESAPARECIDA_O_NO_LOCALIZADA,MUJER,10012,LERDO,1,2026-08-09
10,DURANGO,2026-03,DESAPARECIDA_O_NO_LOCALIZADA,HOMBRE,10032,SANTIAGO PAPASQUIARO,1,2026-08-09
10,DURANGO,2026-03,LOCALIZADA_CON_VIDA,HOMBRE,10005,DURANGO,29,2026-08-09
10,DURANGO,2026-03,LOCALIZADA_CON_VIDA,MUJER,10005,DURANGO,35,2026-08-09
10,DURANGO,2026-03,LOCALIZADA_CON_VIDA,HOMBRE,10007,GÓMEZ PALACIO,1,2026-08-09
10,DURANGO,2026-03,LOCALIZADA_CON_VIDA,MUJER,10007,GÓMEZ PALACIO,1,2026-08-09
10,DURANGO,2026-03,LOCALIZADA_CON_VIDA,HOMBRE,10014,MEZQUITAL,1,2026-08-09
10,DURANGO,2026-03,LOCALIZADA_CON_VIDA,MUJER,10023,PUEBLO NUEVO,1,2026-08-09
10,DURANGO,2026-03,LOCALIZADA_CON_VIDA,HOMBRE,10032,SANTIAGO PAPASQUIARO,1,2026-08-09
10,DURANGO,2026-03,LOCALIZADA_SIN_VIDA,HOMBRE,10005,DURANGO,2,2026-08-09
10,DURANGO,2026-03,LOCALIZADA_SIN_VIDA,HOMBRE,10018,EL ORO,1,2026-08-09
10,DURANGO,2026-03,LOCALIZADA_SIN_VIDA,HOMBRE,10035,TEPEHUANES,1,2026-08-09
10,DURANGO,2026-04,DESAPARECIDA_O_NO_LOCALIZADA,HOMBRE,10005,DURANGO,4,2026-08-09
10,DURANGO,2026-04,DESAPARECIDA_O_NO_LOCALIZADA,MUJER,10005,DURANGO,1,2026-08-09
10,DURANGO,2026-04,DESAPARECIDA_O_NO_LOCALIZADA,HOMBRE,10007,GÓMEZ PALACIO,2,2026-08-09
10,DURANGO,2026-04,DESAPARECIDA_O_NO_LOCALIZADA,MUJER,10007,GÓMEZ PALACIO,1,2026-08-09
10,DURANGO,2026-04,DESAPARECIDA_O_NO_LOCALIZADA,HOMBRE,10012,LERDO,1,2026-08-09
10,DURANGO,2026-04,DESAPARECIDA_O_NO_LOCALIZADA,HOMBRE,10038,VICENTE GUERRERO,1,2026-08-09
10,DURANGO,2026-04,LOCALIZADA_CON_VIDA,HOMBRE,10005,DURANGO,24,2026-08-09
10,DURANGO,2026-04,LOCALIZADA_CON_VIDA,MUJER,10005,DURANGO,19,2026-08-09
10,DURANGO,2026-04,LOCALIZADA_CON_VIDA,HOMBRE,10007,GÓMEZ PALACIO,3,2026-08-09
10,DURANGO,2026-04,LOCALIZADA_CON_VIDA,MUJER,10007,GÓMEZ PALACIO,2,2026-08-09
10,DURANGO,2026-04,LOCALIZADA_CON_VIDA,MUJER,10008,GUADALUPE VICTORIA,1,2026-08-09
10,DURANGO,2026-04,LOCALIZADA_CON_VIDA,HOMBRE,10012,LERDO,3,2026-08-09
10,DURANGO,2026-04,LOCALIZADA_CON_VIDA,MUJER,10012,LERDO,1,2026-08-09
10,DURANGO,2026-04,LOCALIZADA_CON_VIDA,HOMBRE,10013,MAPIMÍ,1,2026-08-09
10,DURANGO,2026-04,LOCALIZADA_CON_VIDA,MUJER,10013,MAPIMÍ,1,2026-08-09
10,DURANGO,2026-04,LOCALIZADA_CON_VIDA,HOMBRE,10023,PUEBLO NUEVO,2,2026-08-09
10,DURANGO,2026-04,LOCALIZADA_CON_VIDA,HOMBRE,10038,VICENTE GUERRERO,2,2026-08-09
10,DURANGO,2026-04,LOCALIZADA_SIN_VIDA,HOMBRE,10007,GÓMEZ PALACIO,1,2026-08-09
10,DURANGO,2026-05,DESAPARECIDA_O_NO_LOCALIZADA,HOMBRE,10005,DURANGO,4,2026-08-09
10,DURANGO,2026-05,DESAPARECIDA_O_NO_LOCALIZADA,MUJER,10005,DURANGO,1,2026-08-09
10,DURANGO,2026-05,DESAPARECIDA_O_NO_LOCALIZADA,HOMBRE,10007,GÓMEZ PALACIO,2,2026-08-09
10,DURANGO,2026-05,DESAPARECIDA_O_NO_LOCALIZADA,MUJER,10007,GÓMEZ PALACIO,2,2026-08-09
10,DURANGO,2026-05,DESAPARECIDA_O_NO_LOCALIZADA,HOMBRE,10008,GUADALUPE VICTORIA,1,2026-08-09
10,DURANGO,2026-05,DESAPARECIDA_O_NO_LOCALIZADA,HOMBRE,10032,SANTIAGO PAPASQUIARO,1,2026-08-09
10,DURANGO,2026-05,LOCALIZADA_CON_VIDA,HOMBRE,10001,CANATLÁN,1,2026-08-09
10,DURANGO,2026-05,LOCALIZADA_CON_VIDA,MUJER,10001,CANATLÁN,1,2026-08-09
10,DURANGO,2026-05,LOCALIZADA_CON_VIDA,MUJER,10004,CUENCAMÉ,1,2026-08-09
10,DURANGO,2026-05,LOCALIZADA_CON_VIDA,HOMBRE,10005,DURANGO,26,2026-08-09
10,DURANGO,2026-05,LOCALIZADA_CON_VIDA,MUJER,10005,DURANGO,22,2026-08-09
10,DURANGO,2026-05,LOCALIZADA_CON_VIDA,HOMBRE,10007,GÓMEZ PALACIO,2,2026-08-09
10,DURANGO,2026-05,LOCALIZADA_CON_VIDA,MUJER,10007,GÓMEZ PALACIO,3,2026-08-09
10,DURANGO,2026-05,LOCALIZADA_CON_VIDA,HOMBRE,10012,LERDO,1,2026-08-09
10,DURANGO,2026-05,LOCALIZADA_CON_VIDA,HOMBRE,10014,MEZQUITAL,1,2026-08-09
10,DURANGO,2026-05,LOCALIZADA_CON_VIDA,HOMBRE,10020,PÁNUCO DE CORONADO,2,2026-08-09
10,DURANGO,2026-05,LOCALIZADA_CON_VIDA,MUJER,10032,SANTIAGO PAPASQUIARO,1,2026-08-09
10,DURANGO,2026-05,LOCALIZADA_SIN_VIDA,HOMBRE,10005,DURANGO,1,2026-08-09
10,DURANGO,2026-06,DESAPARECIDA_O_NO_LOCALIZADA,HOMBRE,10005,DURANGO,8,2026-08-09
10,DURANGO,2026-06,DESAPARECIDA_O_NO_LOCALIZADA,MUJER,10005,DURANGO,1,2026-08-09
10,DURANGO,2026-06,DESAPARECIDA_O_NO_LOCALIZADA,HOMBRE,10007,GÓMEZ PALACIO,1,2026-08-09
10,DURANGO,2026-06,DESAPARECIDA_O_NO_LOCALIZADA,MUJER,10014,MEZQUITAL,1,2026-08-09
10,DURANGO,2026-06,LOCALIZADA_CON_VIDA,HOMBRE,10005,DURANGO,15,2026-08-09
10,DURANGO,2026-06,LOCALIZADA_CON_VIDA,MUJER,10005,DURANGO,17,2026-08-09
10,DURANGO,2026-06,LOCALIZADA_CON_VIDA,HOMBRE,10007,GÓMEZ PALACIO,3,2026-08-09
10,DURANGO,2026-06,LOCALIZADA_CON_VIDA,MUJER,10007,GÓMEZ PALACIO,2,2026-08-09
10,DURANGO,2026-06,LOCALIZADA_CON_VIDA,HOMBRE,10012,LERDO,1,2026-08-09
10,DURANGO,2026-06,LOCALIZADA_CON_VIDA,MUJER,10023,PUEBLO NUEVO,1,2026-08-09
10,DURANGO,2026-06,LOCALIZADA_CON_VIDA,MUJER,10028,SAN JUAN DEL RÍO,1,2026-08-09
10,DURANGO,2026-06,LOCALIZADA_SIN_VIDA,HOMBRE,10005,DURANGO,1,2026-08-09
10,DURANGO,2026-07,DESAPARECIDA_O_NO_LOCALIZADA,HOMBRE,10005,DURANGO,6,2026-08-09
10,DURANGO,2026-07,DESAPARECIDA_O_NO_LOCALIZADA,MUJER,10005,DURANGO,2,2026-08-09
10,DURANGO,2026-07,DESAPARECIDA_O_NO_LOCALIZADA,HOMBRE,10007,GÓMEZ PALACIO,2,2026-08-09
10,DURANGO,2026-07,DESAPARECIDA_O_NO_LOCALIZADA,MUJER,10007,GÓMEZ PALACIO,1,2026-08-09
10,DURANGO,2026-07,DESAPARECIDA_O_NO_LOCALIZADA,MUJER,10014,MEZQUITAL,1,2026-08-09
10,DURANGO,2026-07,DESAPARECIDA_O_NO_LOCALIZADA,HOMBRE,10016,NOMBRE DE DIOS,1,2026-08-09
10,DURANGO,2026-07,LOCALIZADA_CON_VIDA,HOMBRE,10001,CANATLÁN,1,2026-08-09
10,DURANGO,2026-07,LOCALIZADA_CON_VIDA,HOMBRE,10005,DURANGO,16,2026-08-09
10,DURANGO,2026-07,LOCALIZADA_CON_VIDA,MUJER,10005,DURANGO,14,2026-08-09
10,DURANGO,2026-07,LOCALIZADA_CON_VIDA,MUJER,10007,GÓMEZ PALACIO,2,2026-08-09
10,DURANGO,2026-07,LOCALIZADA_CON_VIDA,MUJER,10012,LERDO,1,2026-08-09
10,DURANGO,2026-07,LOCALIZADA_CON_VIDA,MUJER,10016,NOMBRE DE DIOS,1,2026-08-09
10,DURANGO,2026-07,LOCALIZADA_CON_VIDA,MUJER,10021,PEÑÓN BLANCO,2,2026-08-09
10,DURANGO,2026-07,LOCALIZADA_CON_VIDA,HOMBRE,10022,POANAS,1,2026-08-09
10,DURANGO,2026-07,LOCALIZADA_CON_VIDA,MUJER,10023,PUEBLO NUEVO,1,2026-08-09
10,DURANGO,2026-07,LOCALIZADA_SIN_VIDA,MUJER,10005,DURANGO,1,2026-08-09
10,DURANGO,SIN_FECHA,DESAPARECIDA_O_NO_LOCALIZADA,,,,23,2026-08-09
10,DURANGO,SIN_FECHA,LOCALIZADA_CON_VIDA,,,,166,2026-08-09
10,DURANGO,SIN_FECHA,LOCALIZADA_SIN_VIDA,,,,14,2026-08-09
11,GUANAJUATO,2026-01,DESAPARECIDA_O_NO_LOCALIZADA,HOMBRE,11004,APASEO EL ALTO,1,2026-08-09
11,GUANAJUATO,2026-01,DESAPARECIDA_O_NO_LOCALIZADA,HOMBRE,11007,CELAYA,4,2026-08-09
11,GUANAJUATO,2026-01,DESAPARECIDA_O_NO_LOCALIZADA,MUJER,11007,CELAYA,2,2026-08-09
11,GUANAJUATO,2026-01,DESAPARECIDA_O_NO_LOCALIZADA,HOMBRE,11008,MANUEL DOBLADO,1,2026-08-09
11,GUANAJUATO,2026-01,DESAPARECIDA_O_NO_LOCALIZADA,MUJER,11011,CORTAZAR,2,2026-08-09
11,GUANAJUATO,2026-01,DESAPARECIDA_O_NO_LOCALIZADA,MUJER,11012,CUERÁMARO,1,2026-08-09
11,GUANAJUATO,2026-01,DESAPARECIDA_O_NO_LOCALIZADA,HOMBRE,11014,DOLORES HIDALGO,2,2026-08-09
11,GUANAJUATO,2026-01,DESAPARECIDA_O_NO_LOCALIZADA,HOMBRE,11017,IRAPUATO,1,2026-08-09
11,GUANAJUATO,2026-01,DESAPARECIDA_O_NO_LOCALIZADA,MUJER,11018,JARAL DEL PROGRESO,1,2026-08-09
11,GUANAJUATO,2026-01,DESAPARECIDA_O_NO_LOCALIZADA,HOMBRE,11020,LEÓN,5,2026-08-09
11,GUANAJUATO,2026-01,DESAPARECIDA_O_NO_LOCALIZADA,HOMBRE,11023,PÉNJAMO,1,2026-08-09
11,GUANAJUATO,2026-01,DESAPARECIDA_O_NO_LOCALIZADA,HOMBRE,11025,PURÍSIMA DEL RINCÓN,1,2026-08-09
11,GUANAJUATO,2026-01,DESAPARECIDA_O_NO_LOCALIZADA,HOMBRE,11027,SALAMANCA,3,2026-08-09
11,GUANAJUATO,2026-01,DESAPARECIDA_O_NO_LOCALIZADA,HOMBRE,11030,SAN FELIPE,1,2026-08-09
11,GUANAJUATO,2026-01,DESAPARECIDA_O_NO_LOCALIZADA,HOMBRE,11031,SAN FRANCISCO DEL RINCÓN,1,2026-08-09
11,GUANAJUATO,2026-01,DESAPARECIDA_O_NO_LOCALIZADA,HOMBRE,11032,SAN JOSÉ ITURBIDE,1,2026-08-09
11,GUANAJUATO,2026-01,DESAPARECIDA_O_NO_LOCALIZADA,HOMBRE,11033,SAN LUIS DE LA PAZ,1,2026-08-09
11,GUANAJUATO,2026-01,DESAPARECIDA_O_NO_LOCALIZADA,HOMBRE,11035,SANTA CRUZ DE JUVENTINO ROSAS,1,2026-08-09
11,GUANAJUATO,2026-01,DESAPARECIDA_O_NO_LOCALIZADA,HOMBRE,11037,SILAO,1,2026-08-09
11,GUANAJUATO,2026-01,DESAPARECIDA_O_NO_LOCALIZADA,HOMBRE,11041,URIANGATO,1,2026-08-09
11,GUANAJUATO,2026-01,DESAPARECIDA_O_NO_LOCALIZADA,MUJER,11041,URIANGATO,1,2026-08-09
11,GUANAJUATO,2026-01,DESAPARECIDA_O_NO_LOCALIZADA,HOMBRE,11042,VALLE DE SANTIAGO,3,2026-08-09
11,GUANAJUATO,2026-01,LOCALIZADA_CON_VIDA,HOMBRE,11003,SAN MIGUEL DE ALLENDE,3,2026-08-09
11,GUANAJUATO,2026-01,LOCALIZADA_CON_VIDA,MUJER,11003,SAN MIGUEL DE ALLENDE,2,2026-08-09
11,GUANAJUATO,2026-01,LOCALIZADA_CON_VIDA,MUJER,11004,APASEO EL ALTO,1,2026-08-09
11,GUANAJUATO,2026-01,LOCALIZADA_CON_VIDA,HOMBRE,11005,APASEO EL GRANDE,1,2026-08-09
11,GUANAJUATO,2026-01,LOCALIZADA_CON_VIDA,MUJER,11005,APASEO EL GRANDE,1,2026-08-09
11,GUANAJUATO,2026-01,LOCALIZADA_CON_VIDA,HOMBRE,11007,CELAYA,7,2026-08-09
11,GUANAJUATO,2026-01,LOCALIZADA_CON_VIDA,MUJER,11007,CELAYA,6,2026-08-09
11,GUANAJUATO,2026-01,LOCALIZADA_CON_VIDA,MUJER,11009,COMONFORT,2,2026-08-09
11,GUANAJUATO,2026-01,LOCALIZADA_CON_VIDA,HOMBRE,11014,DOLORES HIDALGO,1,2026-08-09
11,GUANAJUATO,2026-01,LOCALIZADA_CON_VIDA,MUJER,11014,DOLORES HIDALGO,1,2026-08-09
11,GUANAJUATO,2026-01,LOCALIZADA_CON_VIDA,HOMBRE,11015,GUANAJUATO,3,2026-08-09
11,GUANAJUATO,2026-01,LOCALIZADA_CON_VIDA,MUJER,11015,GUANAJUATO,5,2026-08-09
11,GUANAJUATO,2026-01,LOCALIZADA_CON_VIDA,HOMBRE,11017,IRAPUATO,8,2026-08-09
11,GUANAJUATO,2026-01,LOCALIZADA_CON_VIDA,MUJER,11017,IRAPUATO,3,2026-08-09
11,GUANAJUATO,2026-01,LOCALIZADA_CON_VIDA,MUJER,11019,JERÉCUARO,1,2026-08-09
11,GUANAJUATO,2026-01,LOCALIZADA_CON_VIDA,HOMBRE,11020,LEÓN,21,2026-08-09
11,GUANAJUATO,2026-01,LOCALIZADA_CON_VIDA,MUJER,11020,LEÓN,17,2026-08-09
11,GUANAJUATO,2026-01,LOCALIZADA_CON_VIDA,MUJER,11023,PÉNJAMO,3,2026-08-09
11,GUANAJUATO,2026-01,LOCALIZADA_CON_VIDA,HOMBRE,11027,SALAMANCA,3,2026-08-09
11,GUANAJUATO,2026-01,LOCALIZADA_CON_VIDA,MUJER,11027,SALAMANCA,2,2026-08-09
11,GUANAJUATO,2026-01,LOCALIZADA_CON_VIDA,HOMBRE,11028,SALVATIERRA,1,2026-08-09
11,GUANAJUATO,2026-01,LOCALIZADA_CON_VIDA,MUJER,11030,SAN FELIPE,1,2026-08-09
11,GUANAJUATO,2026-01,LOCALIZADA_CON_VIDA,HOMBRE,11031,SAN FRANCISCO DEL RINCÓN,1,2026-08-09
11,GUANAJUATO,2026-01,LOCALIZADA_CON_VIDA,MUJER,11031,SAN FRANCISCO DEL RINCÓN,2,2026-08-09
11,GUANAJUATO,2026-01,LOCALIZADA_CON_VIDA,HOMBRE,11032,SAN JOSÉ ITURBIDE,1,2026-08-09
11,GUANAJUATO,2026-01,LOCALIZADA_CON_VIDA,HOMBRE,11033,SAN LUIS DE LA PAZ,3,2026-08-09
11,GUANAJUATO,2026-01,LOCALIZADA_CON_VIDA,MUJER,11033,SAN LUIS DE LA PAZ,2,2026-08-09
11,GUANAJUATO,2026-01,LOCALIZADA_CON_VIDA,HOMBRE,11037,SILAO,2,2026-08-09
11,GUANAJUATO,2026-01,LOCALIZADA_CON_VIDA,MUJER,11037,SILAO,6,2026-08-09
11,GUANAJUATO,2026-01,LOCALIZADA_CON_VIDA,MUJER,11041,URIANGATO,1,2026-08-09
11,GUANAJUATO,2026-01,LOCALIZADA_CON_VIDA,HOMBRE,11042,VALLE DE SANTIAGO,1,2026-08-09
11,GUANAJUATO,2026-01,LOCALIZADA_CON_VIDA,MUJER,11042,VALLE DE SANTIAGO,1,2026-08-09
11,GUANAJUATO,2026-01,LOCALIZADA_CON_VIDA,HOMBRE,11044,VILLAGRÁN,1,2026-08-09
11,GUANAJUATO,2026-01,LOCALIZADA_CON_VIDA,HOMBRE,11046,YURIRIA,1,2026-08-09
11,GUANAJUATO,2026-01,LOCALIZADA_SIN_VIDA,HOMBRE,,BENITO JUÁREZ,1,2026-08-09
11,GUANAJUATO,2026-01,LOCALIZADA_SIN_VIDA,HOMBRE,11002,ACÁMBARO,1,2026-08-09
11,GUANAJUATO,2026-01,LOCALIZADA_SIN_VIDA,HOMBRE,11003,SAN MIGUEL DE ALLENDE,1,2026-08-09
11,GUANAJUATO,2026-01,LOCALIZADA_SIN_VIDA,HOMBRE,11005,APASEO EL GRANDE,1,2026-08-09
11,GUANAJUATO,2026-01,LOCALIZADA_SIN_VIDA,HOMBRE,11007,CELAYA,2,2026-08-09
11,GUANAJUATO,2026-01,LOCALIZADA_SIN_VIDA,MUJER,11007,CELAYA,2,2026-08-09
11,GUANAJUATO,2026-01,LOCALIZADA_SIN_VIDA,MUJER,11011,CORTAZAR,1,2026-08-09
11,GUANAJUATO,2026-01,LOCALIZADA_SIN_VIDA,HOMBRE,11014,DOLORES HIDALGO,1,2026-08-09
11,GUANAJUATO,2026-01,LOCALIZADA_SIN_VIDA,HOMBRE,11017,IRAPUATO,2,2026-08-09
11,GUANAJUATO,2026-01,LOCALIZADA_SIN_VIDA,MUJER,11017,IRAPUATO,1,2026-08-09
11,GUANAJUATO,2026-01,LOCALIZADA_SIN_VIDA,HOMBRE,11020,LEÓN,1,2026-08-09
11,GUANAJUATO,2026-01,LOCALIZADA_SIN_VIDA,HOMBRE,11027,SALAMANCA,2,2026-08-09
11,GUANAJUATO,2026-01,LOCALIZADA_SIN_VIDA,MUJER,11027,SALAMANCA,2,2026-08-09
11,GUANAJUATO,2026-01,LOCALIZADA_SIN_VIDA,HOMBRE,11028,SALVATIERRA,4,2026-08-09
11,GUANAJUATO,2026-01,LOCALIZADA_SIN_VIDA,HOMBRE,11037,SILAO,1,2026-08-09
11,GUANAJUATO,2026-01,LOCALIZADA_SIN_VIDA,HOMBRE,11039,TARIMORO,1,2026-08-09
11,GUANAJUATO,2026-01,LOCALIZADA_SIN_VIDA,MUJER,11039,TARIMORO,1,2026-08-09
11,GUANAJUATO,2026-01,LOCALIZADA_SIN_VIDA,MUJER,11044,VILLAGRÁN,1,2026-08-09
11,GUANAJUATO,2026-02,DESAPARECIDA_O_NO_LOCALIZADA,HOMBRE,11002,ACÁMBARO,1,2026-08-09
11,GUANAJUATO,2026-02,DESAPARECIDA_O_NO_LOCALIZADA,HOMBRE,11004,APASEO EL ALTO,1,2026-08-09
11,GUANAJUATO,2026-02,DESAPARECIDA_O_NO_LOCALIZADA,HOMBRE,11005,APASEO EL GRANDE,4,2026-08-09
11,GUANAJUATO,2026-02,DESAPARECIDA_O_NO_LOCALIZADA,HOMBRE,11007,CELAYA,11,2026-08-09
11,GUANAJUATO,2026-02,DESAPARECIDA_O_NO_LOCALIZADA,MUJER,11007,CELAYA,1,2026-08-09
11,GUANAJUATO,2026-02,DESAPARECIDA_O_NO_LOCALIZADA,HOMBRE,11008,MANUEL DOBLADO,1,2026-08-09
11,GUANAJUATO,2026-02,DESAPARECIDA_O_NO_LOCALIZADA,HOMBRE,11012,CUERÁMARO,1,2026-08-09
11,GUANAJUATO,2026-02,DESAPARECIDA_O_NO_LOCALIZADA,HOMBRE,11015,GUANAJUATO,1,2026-08-09
11,GUANAJUATO,2026-02,DESAPARECIDA_O_NO_LOCALIZADA,HOMBRE,11017,IRAPUATO,1,2026-08-09
11,GUANAJUATO,2026-02,DESAPARECIDA_O_NO_LOCALIZADA,HOMBRE,11020,LEÓN,7,2026-08-09
11,GUANAJUATO,2026-02,DESAPARECIDA_O_NO_LOCALIZADA,MUJER,11020,LEÓN,1,2026-08-09
11,GUANAJUATO,2026-02,DESAPARECIDA_O_NO_LOCALIZADA,HOMBRE,11023,PÉNJAMO,1,2026-08-09
11,GUANAJUATO,2026-02,DESAPARECIDA_O_NO_LOCALIZADA,HOMBRE,11025,PURÍSIMA DEL RINCÓN,1,2026-08-09
11,GUANAJUATO,2026-02,DESAPARECIDA_O_NO_LOCALIZADA,HOMBRE,11031,SAN FRANCISCO DEL RINCÓN,1,2026-08-09
11,GUANAJUATO,2026-02,DESAPARECIDA_O_NO_LOCALIZADA,HOMBRE,11035,SANTA CRUZ DE JUVENTINO ROSAS,6,2026-08-09
11,GUANAJUATO,2026-02,DESAPARECIDA_O_NO_LOCALIZADA,MUJER,11035,SANTA CRUZ DE JUVENTINO ROSAS,2,2026-08-09
11,GUANAJUATO,2026-02,DESAPARECIDA_O_NO_LOCALIZADA,HOMBRE,11036,SANTIAGO MARAVATÍO,1,2026-08-09
11,GUANAJUATO,2026-02,DESAPARECIDA_O_NO_LOCALIZADA,MUJER,11037,SILAO,1,2026-08-09
11,GUANAJUATO,2026-02,DESAPARECIDA_O_NO_LOCALIZADA,HOMBRE,11039,TARIMORO,1,2026-08-09
11,GUANAJUATO,2026-02,DESAPARECIDA_O_NO_LOCALIZADA,HOMBRE,11044,VILLAGRÁN,2,2026-08-09
11,GUANAJUATO,2026-02,DESAPARECIDA_O_NO_LOCALIZADA,HOMBRE,11046,YURIRIA,3,2026-08-09
11,GUANAJUATO,2026-02,LOCALIZADA_CON_VIDA,HOMBRE,11003,SAN MIGUEL DE ALLENDE,2,2026-08-09
11,GUANAJUATO,2026-02,LOCALIZADA_CON_VIDA,MUJER,11003,SAN MIGUEL DE ALLENDE,3,2026-08-09
11,GUANAJUATO,2026-02,LOCALIZADA_CON_VIDA,MUJER,11005,APASEO EL GRANDE,1,2026-08-09
11,GUANAJUATO,2026-02,LOCALIZADA_CON_VIDA,HOMBRE,11007,CELAYA,7,2026-08-09
11,GUANAJUATO,2026-02,LOCALIZADA_CON_VIDA,MUJER,11007,CELAYA,6,2026-08-09
11,GUANAJUATO,2026-02,LOCALIZADA_CON_VIDA,HOMBRE,11009,COMONFORT,1,2026-08-09
11,GUANAJUATO,2026-02,LOCALIZADA_CON_VIDA,HOMBRE,11011,CORTAZAR,2,2026-08-09
11,GUANAJUATO,2026-02,LOCALIZADA_CON_VIDA,MUJER,11011,CORTAZAR,1,2026-08-09
11,GUANAJUATO,2026-02,LOCALIZADA_CON_VIDA,MUJER,11013,DOCTOR MORA,1,2026-08-09
11,GUANAJUATO,2026-02,LOCALIZADA_CON_VIDA,MUJER,11014,DOLORES HIDALGO,2,2026-08-09
11,GUANAJUATO,2026-02,LOCALIZADA_CON_VIDA,HOMBRE,11015,GUANAJUATO,5,2026-08-09
11,GUANAJUATO,2026-02,LOCALIZADA_CON_VIDA,MUJER,11015,GUANAJUATO,6,2026-08-09
11,GUANAJUATO,2026-02,LOCALIZADA_CON_VIDA,MUJER,11016,HUANÍMARO,1,2026-08-09
11,GUANAJUATO,2026-02,LOCALIZADA_CON_VIDA,HOMBRE,11017,IRAPUATO,4,2026-08-09
11,GUANAJUATO,2026-02,LOCALIZADA_CON_VIDA,MUJER,11017,IRAPUATO,7,2026-08-09
11,GUANAJUATO,2026-02,LOCALIZADA_CON_VIDA,HOMBRE,11020,LEÓN,22,2026-08-09
11,GUANAJUATO,2026-02,LOCALIZADA_CON_VIDA,MUJER,11020,LEÓN,20,2026-08-09
11,GUANAJUATO,2026-02,LOCALIZADA_CON_VIDA,MUJER,11021,MOROLEÓN,2,2026-08-09
11,GUANAJUATO,2026-02,LOCALIZADA_CON_VIDA,HOMBRE,11023,PÉNJAMO,2,2026-08-09
11,GUANAJUATO,2026-02,LOCALIZADA_CON_VIDA,MUJER,11023,PÉNJAMO,2,2026-08-09
11,GUANAJUATO,2026-02,LOCALIZADA_CON_VIDA,MUJER,11025,PURÍSIMA DEL RINCÓN,2,2026-08-09
11,GUANAJUATO,2026-02,LOCALIZADA_CON_VIDA,HOMBRE,11026,ROMITA,1,2026-08-09
11,GUANAJUATO,2026-02,LOCALIZADA_CON_VIDA,MUJER,11026,ROMITA,1,2026-08-09
11,GUANAJUATO,2026-02,LOCALIZADA_CON_VIDA,HOMBRE,11027,SALAMANCA,1,2026-08-09
11,GUANAJUATO,2026-02,LOCALIZADA_CON_VIDA,HOMBRE,11028,SALVATIERRA,3,2026-08-09
11,GUANAJUATO,2026-02,LOCALIZADA_CON_VIDA,MUJER,11028,SALVATIERRA,6,2026-08-09
11,GUANAJUATO,2026-02,LOCALIZADA_CON_VIDA,HOMBRE,11030,SAN FELIPE,1,2026-08-09
11,GUANAJUATO,2026-02,LOCALIZADA_CON_VIDA,MUJER,11030,SAN FELIPE,1,2026-08-09
11,GUANAJUATO,2026-02,LOCALIZADA_CON_VIDA,HOMBRE,11031,SAN FRANCISCO DEL RINCÓN,1,2026-08-09
11,GUANAJUATO,2026-02,LOCALIZADA_CON_VIDA,MUJER,11031,SAN FRANCISCO DEL RINCÓN,1,2026-08-09
11,GUANAJUATO,2026-02,LOCALIZADA_CON_VIDA,HOMBRE,11032,SAN JOSÉ ITURBIDE,1,2026-08-09
11,GUANAJUATO,2026-02,LOCALIZADA_CON_VIDA,HOMBRE,11033,SAN LUIS DE LA PAZ,1,2026-08-09
11,GUANAJUATO,2026-02,LOCALIZADA_CON_VIDA,MUJER,11033,SAN LUIS DE LA PAZ,2,2026-08-09
11,GUANAJUATO,2026-02,LOCALIZADA_CON_VIDA,HOMBRE,11035,SANTA CRUZ DE JUVENTINO ROSAS,1,2026-08-09
11,GUANAJUATO,2026-02,LOCALIZADA_CON_VIDA,HOMBRE,11037,SILAO,1,2026-08-09
11,GUANAJUATO,2026-02,LOCALIZADA_CON_VIDA,MUJER,11037,SILAO,1,2026-08-09
11,GUANAJUATO,2026-02,LOCALIZADA_CON_VIDA,MUJER,11041,URIANGATO,1,2026-08-09
11,GUANAJUATO,2026-02,LOCALIZADA_CON_VIDA,MUJER,11042,VALLE DE SANTIAGO,1,2026-08-09
11,GUANAJUATO,2026-02,LOCALIZADA_CON_VIDA,HOMBRE,11046,YURIRIA,1,2026-08-09
11,GUANAJUATO,2026-02,LOCALIZADA_SIN_VIDA,HOMBRE,11002,ACÁMBARO,1,2026-08-09
11,GUANAJUATO,2026-02,LOCALIZADA_SIN_VIDA,MUJER,11003,SAN MIGUEL DE ALLENDE,1,2026-08-09
11,GUANAJUATO,2026-02,LOCALIZADA_SIN_VIDA,HOMBRE,11007,CELAYA,2,2026-08-09
11,GUANAJUATO,2026-02,LOCALIZADA_SIN_VIDA,HOMBRE,11009,COMONFORT,2,2026-08-09
11,GUANAJUATO,2026-02,LOCALIZADA_SIN_VIDA,HOMBRE,11017,IRAPUATO,4,2026-08-09
11,GUANAJUATO,2026-02,LOCALIZADA_SIN_VIDA,HOMBRE,11020,LEÓN,6,2026-08-09
11,GUANAJUATO,2026-02,LOCALIZADA_SIN_VIDA,HOMBRE,11023,PÉNJAMO,1,2026-08-09
11,GUANAJUATO,2026-02,LOCALIZADA_SIN_VIDA,HOMBRE,11028,SALVATIERRA,1,2026-08-09
11,GUANAJUATO,2026-02,LOCALIZADA_SIN_VIDA,HOMBRE,11039,TARIMORO,3,2026-08-09
11,GUANAJUATO,2026-02,LOCALIZADA_SIN_VIDA,HOMBRE,11044,VILLAGRÁN,5,2026-08-09
11,GUANAJUATO,2026-03,DESAPARECIDA_O_NO_LOCALIZADA,HOMBRE,,TULTITLÁN,1,2026-08-09
11,GUANAJUATO,2026-03,DESAPARECIDA_O_NO_LOCALIZADA,HOMBRE,11001,ABASOLO,1,2026-08-09
11,GUANAJUATO,2026-03,DESAPARECIDA_O_NO_LOCALIZADA,HOMBRE,11003,SAN MIGUEL DE ALLENDE,1,2026-08-09
11,GUANAJUATO,2026-03,DESAPARECIDA_O_NO_LOCALIZADA,HOMBRE,11005,APASEO EL GRANDE,1,2026-08-09
11,GUANAJUATO,2026-03,DESAPARECIDA_O_NO_LOCALIZADA,HOMBRE,11007,CELAYA,8,2026-08-09
11,GUANAJUATO,2026-03,DESAPARECIDA_O_NO_LOCALIZADA,MUJER,11007,CELAYA,2,2026-08-09
11,GUANAJUATO,2026-03,DESAPARECIDA_O_NO_LOCALIZADA,HOMBRE,11009,COMONFORT,3,2026-08-09
11,GUANAJUATO,2026-03,DESAPARECIDA_O_NO_LOCALIZADA,MUJER,11014,DOLORES HIDALGO,1,2026-08-09
11,GUANAJUATO,2026-03,DESAPARECIDA_O_NO_LOCALIZADA,HOMBRE,11015,GUANAJUATO,1,2026-08-09
11,GUANAJUATO,2026-03,DESAPARECIDA_O_NO_LOCALIZADA,HOMBRE,11017,IRAPUATO,2,2026-08-09
11,GUANAJUATO,2026-03,DESAPARECIDA_O_NO_LOCALIZADA,MUJER,11017,IRAPUATO,1,2026-08-09
11,GUANAJUATO,2026-03,DESAPARECIDA_O_NO_LOCALIZADA,HOMBRE,11018,JARAL DEL PROGRESO,1,2026-08-09
11,GUANAJUATO,2026-03,DESAPARECIDA_O_NO_LOCALIZADA,HOMBRE,11020,LEÓN,3,2026-08-09
11,GUANAJUATO,2026-03,DESAPARECIDA_O_NO_LOCALIZADA,HOMBRE,11025,PURÍSIMA DEL RINCÓN,1,2026-08-09
11,GUANAJUATO,2026-03,DESAPARECIDA_O_NO_LOCALIZADA,HOMBRE,11027,SALAMANCA,5,2026-08-09
11,GUANAJUATO,2026-03,DESAPARECIDA_O_NO_LOCALIZADA,HOMBRE,11028,SALVATIERRA,1,2026-08-09
11,GUANAJUATO,2026-03,DESAPARECIDA_O_NO_LOCALIZADA,MUJER,11028,SALVATIERRA,1,2026-08-09
11,GUANAJUATO,2026-03,DESAPARECIDA_O_NO_LOCALIZADA,HOMBRE,11031,SAN FRANCISCO DEL RINCÓN,1,2026-08-09
11,GUANAJUATO,2026-03,DESAPARECIDA_O_NO_LOCALIZADA,HOMBRE,11035,SANTA CRUZ DE JUVENTINO ROSAS,2,2026-08-09
11,GUANAJUATO,2026-03,DESAPARECIDA_O_NO_LOCALIZADA,HOMBRE,11037,SILAO,1,2026-08-09
11,GUANAJUATO,2026-03,DESAPARECIDA_O_NO_LOCALIZADA,HOMBRE,11042,VALLE DE SANTIAGO,1,2026-08-09
11,GUANAJUATO,2026-03,DESAPARECIDA_O_NO_LOCALIZADA,MUJER,11042,VALLE DE SANTIAGO,1,2026-08-09
11,GUANAJUATO,2026-03,DESAPARECIDA_O_NO_LOCALIZADA,HOMBRE,11044,VILLAGRÁN,4,2026-08-09
11,GUANAJUATO,2026-03,DESAPARECIDA_O_NO_LOCALIZADA,MUJER,11044,VILLAGRÁN,4,2026-08-09
11,GUANAJUATO,2026-03,DESAPARECIDA_O_NO_LOCALIZADA,HOMBRE,11046,YURIRIA,3,2026-08-09
11,GUANAJUATO,2026-03,LOCALIZADA_CON_VIDA,MUJER,11003,SAN MIGUEL DE ALLENDE,4,2026-08-09
11,GUANAJUATO,2026-03,LOCALIZADA_CON_VIDA,HOMBRE,11004,APASEO EL ALTO,1,2026-08-09
11,GUANAJUATO,2026-03,LOCALIZADA_CON_VIDA,MUJER,11004,APASEO EL ALTO,2,2026-08-09
11,GUANAJUATO,2026-03,LOCALIZADA_CON_VIDA,HOMBRE,11005,APASEO EL GRANDE,1,2026-08-09
11,GUANAJUATO,2026-03,LOCALIZADA_CON_VIDA,MUJER,11005,APASEO EL GRANDE,1,2026-08-09
11,GUANAJUATO,2026-03,LOCALIZADA_CON_VIDA,HOMBRE,11007,CELAYA,8,2026-08-09
11,GUANAJUATO,2026-03,LOCALIZADA_CON_VIDA,MUJER,11007,CELAYA,4,2026-08-09
11,GUANAJUATO,2026-03,LOCALIZADA_CON_VIDA,HOMBRE,11009,COMONFORT,1,2026-08-09
11,GUANAJUATO,2026-03,LOCALIZADA_CON_VIDA,MUJER,11009,COMONFORT,1,2026-08-09
11,GUANAJUATO,2026-03,LOCALIZADA_CON_VIDA,MUJER,11011,CORTAZAR,3,2026-08-09
11,GUANAJUATO,2026-03,LOCALIZADA_CON_VIDA,MUJER,11012,CUERÁMARO,1,2026-08-09
11,GUANAJUATO,2026-03,LOCALIZADA_CON_VIDA,HOMBRE,11014,DOLORES HIDALGO,1,2026-08-09
11,GUANAJUATO,2026-03,LOCALIZADA_CON_VIDA,MUJER,11014,DOLORES HIDALGO,4,2026-08-09
11,GUANAJUATO,2026-03,LOCALIZADA_CON_VIDA,HOMBRE,11015,GUANAJUATO,2,2026-08-09
11,GUANAJUATO,2026-03,LOCALIZADA_CON_VIDA,MUJER,11015,GUANAJUATO,3,2026-08-09
11,GUANAJUATO,2026-03,LOCALIZADA_CON_VIDA,HOMBRE,11017,IRAPUATO,4,2026-08-09
11,GUANAJUATO,2026-03,LOCALIZADA_CON_VIDA,MUJER,11017,IRAPUATO,3,2026-08-09
11,GUANAJUATO,2026-03,LOCALIZADA_CON_VIDA,HOMBRE,11019,JERÉCUARO,1,2026-08-09
11,GUANAJUATO,2026-03,LOCALIZADA_CON_VIDA,HOMBRE,11020,LEÓN,23,2026-08-09
11,GUANAJUATO,2026-03,LOCALIZADA_CON_VIDA,MUJER,11020,LEÓN,17,2026-08-09
11,GUANAJUATO,2026-03,LOCALIZADA_CON_VIDA,HOMBRE,11023,PÉNJAMO,1,2026-08-09
11,GUANAJUATO,2026-03,LOCALIZADA_CON_VIDA,MUJER,11023,PÉNJAMO,1,2026-08-09
11,GUANAJUATO,2026-03,LOCALIZADA_CON_VIDA,HOMBRE,11025,PURÍSIMA DEL RINCÓN,2,2026-08-09
11,GUANAJUATO,2026-03,LOCALIZADA_CON_VIDA,MUJER,11025,PURÍSIMA DEL RINCÓN,1,2026-08-09
11,GUANAJUATO,2026-03,LOCALIZADA_CON_VIDA,MUJER,11026,ROMITA,1,2026-08-09
11,GUANAJUATO,2026-03,LOCALIZADA_CON_VIDA,HOMBRE,11027,SALAMANCA,1,2026-08-09
11,GUANAJUATO,2026-03,LOCALIZADA_CON_VIDA,MUJER,11027,SALAMANCA,2,2026-08-09
11,GUANAJUATO,2026-03,LOCALIZADA_CON_VIDA,HOMBRE,11028,SALVATIERRA,1,2026-08-09
11,GUANAJUATO,2026-03,LOCALIZADA_CON_VIDA,MUJER,11028,SALVATIERRA,2,2026-08-09
11,GUANAJUATO,2026-03,LOCALIZADA_CON_VIDA,HOMBRE,11030,SAN FELIPE,1,2026-08-09
11,GUANAJUATO,2026-03,LOCALIZADA_CON_VIDA,HOMBRE,11031,SAN FRANCISCO DEL RINCÓN,2,2026-08-09
11,GUANAJUATO,2026-03,LOCALIZADA_CON_VIDA,MUJER,11031,SAN FRANCISCO DEL RINCÓN,1,2026-08-09
11,GUANAJUATO,2026-03,LOCALIZADA_CON_VIDA,HOMBRE,11033,SAN LUIS DE LA PAZ,2,2026-08-09
11,GUANAJUATO,2026-03,LOCALIZADA_CON_VIDA,MUJER,11033,SAN LUIS DE LA PAZ,1,2026-08-09
11,GUANAJUATO,2026-03,LOCALIZADA_CON_VIDA,HOMBRE,11037,SILAO,1,2026-08-09
11,GUANAJUATO,2026-03,LOCALIZADA_CON_VIDA,MUJER,11037,SILAO,1,2026-08-09
11,GUANAJUATO,2026-03,LOCALIZADA_CON_VIDA,MUJER,11041,URIANGATO,1,2026-08-09
11,GUANAJUATO,2026-03,LOCALIZADA_CON_VIDA,HOMBRE,11042,VALLE DE SANTIAGO,2,2026-08-09
11,GUANAJUATO,2026-03,LOCALIZADA_CON_VIDA,MUJER,11042,VALLE DE SANTIAGO,1,2026-08-09
11,GUANAJUATO,2026-03,LOCALIZADA_CON_VIDA,MUJER,11044,VILLAGRÁN,1,2026-08-09
11,GUANAJUATO,2026-03,LOCALIZADA_CON_VIDA,HOMBRE,11046,YURIRIA,2,2026-08-09
11,GUANAJUATO,2026-03,LOCALIZADA_CON_VIDA,MUJER,11046,YURIRIA,2,2026-08-09
11,GUANAJUATO,2026-03,LOCALIZADA_SIN_VIDA,HOMBRE,11001,ABASOLO,1,2026-08-09
11,GUANAJUATO,2026-03,LOCALIZADA_SIN_VIDA,HOMBRE,11002,ACÁMBARO,1,2026-08-09
11,GUANAJUATO,2026-03,LOCALIZADA_SIN_VIDA,HOMBRE,11007,CELAYA,1,2026-08-09
11,GUANAJUATO,2026-03,LOCALIZADA_SIN_VIDA,MUJER,11007,CELAYA,1,2026-08-09
11,GUANAJUATO,2026-03,LOCALIZADA_SIN_VIDA,HOMBRE,11011,CORTAZAR,1,2026-08-09
11,GUANAJUATO,2026-03,LOCALIZADA_SIN_VIDA,HOMBRE,11020,LEÓN,5,2026-08-09
11,GUANAJUATO,2026-03,LOCALIZADA_SIN_VIDA,MUJER,11020,LEÓN,1,2026-08-09
11,GUANAJUATO,2026-03,LOCALIZADA_SIN_VIDA,HOMBRE,11027,SALAMANCA,3,2026-08-09
11,GUANAJUATO,2026-03,LOCALIZADA_SIN_VIDA,MUJER,11027,SALAMANCA,1,2026-08-09
11,GUANAJUATO,2026-03,LOCALIZADA_SIN_VIDA,HOMBRE,11043,VICTORIA,1,2026-08-09
11,GUANAJUATO,2026-03,LOCALIZADA_SIN_VIDA,HOMBRE,11044,VILLAGRÁN,4,2026-08-09
11,GUANAJUATO,2026-03,LOCALIZADA_SIN_VIDA,MUJER,11044,VILLAGRÁN,1,2026-08-09
11,GUANAJUATO,2026-04,DESAPARECIDA_O_NO_LOCALIZADA,MUJER,11002,ACÁMBARO,1,2026-08-09
11,GUANAJUATO,2026-04,DESAPARECIDA_O_NO_LOCALIZADA,HOMBRE,11004,APASEO EL ALTO,1,2026-08-09
11,GUANAJUATO,2026-04,DESAPARECIDA_O_NO_LOCALIZADA,HOMBRE,11005,APASEO EL GRANDE,1,2026-08-09
11,GUANAJUATO,2026-04,DESAPARECIDA_O_NO_LOCALIZADA,HOMBRE,11007,CELAYA,7,2026-08-09
11,GUANAJUATO,2026-04,DESAPARECIDA_O_NO_LOCALIZADA,HOMBRE,11009,COMONFORT,2,2026-08-09
11,GUANAJUATO,2026-04,DESAPARECIDA_O_NO_LOCALIZADA,HOMBRE,11011,CORTAZAR,2,2026-08-09
11,GUANAJUATO,2026-04,DESAPARECIDA_O_NO_LOCALIZADA,HOMBRE,11012,CUERÁMARO,1,2026-08-09
11,GUANAJUATO,2026-04,DESAPARECIDA_O_NO_LOCALIZADA,HOMBRE,11017,IRAPUATO,3,2026-08-09
11,GUANAJUATO,2026-04,DESAPARECIDA_O_NO_LOCALIZADA,HOMBRE,11020,LEÓN,3,2026-08-09
11,GUANAJUATO,2026-04,DESAPARECIDA_O_NO_LOCALIZADA,MUJER,11021,MOROLEÓN,1,2026-08-09
11,GUANAJUATO,2026-04,DESAPARECIDA_O_NO_LOCALIZADA,HOMBRE,11023,PÉNJAMO,1,2026-08-09
11,GUANAJUATO,2026-04,DESAPARECIDA_O_NO_LOCALIZADA,MUJER,11023,PÉNJAMO,2,2026-08-09
11,GUANAJUATO,2026-04,DESAPARECIDA_O_NO_LOCALIZADA,HOMBRE,11024,PUEBLO NUEVO,1,2026-08-09
11,GUANAJUATO,2026-04,DESAPARECIDA_O_NO_LOCALIZADA,HOMBRE,11025,PURÍSIMA DEL RINCÓN,1,2026-08-09
11,GUANAJUATO,2026-04,DESAPARECIDA_O_NO_LOCALIZADA,HOMBRE,11027,SALAMANCA,2,2026-08-09
11,GUANAJUATO,2026-04,DESAPARECIDA_O_NO_LOCALIZADA,MUJER,11031,SAN FRANCISCO DEL RINCÓN,1,2026-08-09
11,GUANAJUATO,2026-04,DESAPARECIDA_O_NO_LOCALIZADA,HOMBRE,11035,SANTA CRUZ DE JUVENTINO ROSAS,3,2026-08-09
11,GUANAJUATO,2026-04,DESAPARECIDA_O_NO_LOCALIZADA,HOMBRE,11037,SILAO,3,2026-08-09
11,GUANAJUATO,2026-04,DESAPARECIDA_O_NO_LOCALIZADA,HOMBRE,11041,URIANGATO,1,2026-08-09
11,GUANAJUATO,2026-04,DESAPARECIDA_O_NO_LOCALIZADA,HOMBRE,11044,VILLAGRÁN,1,2026-08-09
11,GUANAJUATO,2026-04,DESAPARECIDA_O_NO_LOCALIZADA,HOMBRE,11046,YURIRIA,2,2026-08-09
11,GUANAJUATO,2026-04,DESAPARECIDA_O_NO_LOCALIZADA,MUJER,11046,YURIRIA,2,2026-08-09
11,GUANAJUATO,2026-04,LOCALIZADA_CON_VIDA,MUJER,11002,ACÁMBARO,1,2026-08-09
11,GUANAJUATO,2026-04,LOCALIZADA_CON_VIDA,HOMBRE,11003,SAN MIGUEL DE ALLENDE,1,2026-08-09
11,GUANAJUATO,2026-04,LOCALIZADA_CON_VIDA,MUJER,11003,SAN MIGUEL DE ALLENDE,1,2026-08-09
11,GUANAJUATO,2026-04,LOCALIZADA_CON_VIDA,HOMBRE,11005,APASEO EL GRANDE,1,2026-08-09
11,GUANAJUATO,2026-04,LOCALIZADA_CON_VIDA,HOMBRE,11007,CELAYA,5,2026-08-09
11,GUANAJUATO,2026-04,LOCALIZADA_CON_VIDA,MUJER,11007,CELAYA,4,2026-08-09
11,GUANAJUATO,2026-04,LOCALIZADA_CON_VIDA,HOMBRE,11011,CORTAZAR,1,2026-08-09
11,GUANAJUATO,2026-04,LOCALIZADA_CON_VIDA,MUJER,11011,CORTAZAR,1,2026-08-09
11,GUANAJUATO,2026-04,LOCALIZADA_CON_VIDA,MUJER,11014,DOLORES HIDALGO,2,2026-08-09
11,GUANAJUATO,2026-04,LOCALIZADA_CON_VIDA,HOMBRE,11015,GUANAJUATO,4,2026-08-09
11,GUANAJUATO,2026-04,LOCALIZADA_CON_VIDA,MUJER,11015,GUANAJUATO,2,2026-08-09
11,GUANAJUATO,2026-04,LOCALIZADA_CON_VIDA,HOMBRE,11016,HUANÍMARO,1,2026-08-09
11,GUANAJUATO,2026-04,LOCALIZADA_CON_VIDA,HOMBRE,11017,IRAPUATO,8,2026-08-09
11,GUANAJUATO,2026-04,LOCALIZADA_CON_VIDA,MUJER,11017,IRAPUATO,1,2026-08-09
11,GUANAJUATO,2026-04,LOCALIZADA_CON_VIDA,HOMBRE,11020,LEÓN,9,2026-08-09
11,GUANAJUATO,2026-04,LOCALIZADA_CON_VIDA,MUJER,11020,LEÓN,6,2026-08-09
11,GUANAJUATO,2026-04,LOCALIZADA_CON_VIDA,HOMBRE,11022,OCAMPO,1,2026-08-09
11,GUANAJUATO,2026-04,LOCALIZADA_CON_VIDA,HOMBRE,11023,PÉNJAMO,1,2026-08-09
11,GUANAJUATO,2026-04,LOCALIZADA_CON_VIDA,MUJER,11023,PÉNJAMO,1,2026-08-09
11,GUANAJUATO,2026-04,LOCALIZADA_CON_VIDA,HOMBRE,11025,PURÍSIMA DEL RINCÓN,2,2026-08-09
11,GUANAJUATO,2026-04,LOCALIZADA_CON_VIDA,MUJER,11025,PURÍSIMA DEL RINCÓN,1,2026-08-09
11,GUANAJUATO,2026-04,LOCALIZADA_CON_VIDA,HOMBRE,11026,ROMITA,1,2026-08-09
11,GUANAJUATO,2026-04,LOCALIZADA_CON_VIDA,HOMBRE,11027,SALAMANCA,2,2026-08-09
11,GUANAJUATO,2026-04,LOCALIZADA_CON_VIDA,MUJER,11027,SALAMANCA,2,2026-08-09
11,GUANAJUATO,2026-04,LOCALIZADA_CON_VIDA,HOMBRE,11028,SALVATIERRA,1,2026-08-09
11,GUANAJUATO,2026-04,LOCALIZADA_CON_VIDA,MUJER,11030,SAN FELIPE,1,2026-08-09
11,GUANAJUATO,2026-04,LOCALIZADA_CON_VIDA,HOMBRE,11033,SAN LUIS DE LA PAZ,1,2026-08-09
11,GUANAJUATO,2026-04,LOCALIZADA_CON_VIDA,MUJER,11033,SAN LUIS DE LA PAZ,1,2026-08-09
11,GUANAJUATO,2026-04,LOCALIZADA_CON_VIDA,HOMBRE,11035,SANTA CRUZ DE JUVENTINO ROSAS,1,2026-08-09
11,GUANAJUATO,2026-04,LOCALIZADA_CON_VIDA,HOMBRE,11037,SILAO,1,2026-08-09
11,GUANAJUATO,2026-04,LOCALIZADA_CON_VIDA,MUJER,11037,SILAO,1,2026-08-09
11,GUANAJUATO,2026-04,LOCALIZADA_CON_VIDA,MUJER,11044,VILLAGRÁN,1,2026-08-09
11,GUANAJUATO,2026-04,LOCALIZADA_CON_VIDA,HOMBRE,11046,YURIRIA,1,2026-08-09
11,GUANAJUATO,2026-04,LOCALIZADA_SIN_VIDA,HOMBRE,11001,ABASOLO,1,2026-08-09
11,GUANAJUATO,2026-04,LOCALIZADA_SIN_VIDA,HOMBRE,11002,ACÁMBARO,1,2026-08-09
11,GUANAJUATO,2026-04,LOCALIZADA_SIN_VIDA,HOMBRE,11007,CELAYA,1,2026-08-09
11,GUANAJUATO,2026-04,LOCALIZADA_SIN_VIDA,HOMBRE,11011,CORTAZAR,3,2026-08-09
11,GUANAJUATO,2026-04,LOCALIZADA_SIN_VIDA,HOMBRE,11017,IRAPUATO,1,2026-08-09
11,GUANAJUATO,2026-04,LOCALIZADA_SIN_VIDA,HOMBRE,11020,LEÓN,4,2026-08-09
11,GUANAJUATO,2026-04,LOCALIZADA_SIN_VIDA,MUJER,11027,SALAMANCA,1,2026-08-09
11,GUANAJUATO,2026-04,LOCALIZADA_SIN_VIDA,HOMBRE,11028,SALVATIERRA,1,2026-08-09
11,GUANAJUATO,2026-04,LOCALIZADA_SIN_VIDA,HOMBRE,11032,SAN JOSÉ ITURBIDE,1,2026-08-09
11,GUANAJUATO,2026-04,LOCALIZADA_SIN_VIDA,HOMBRE,11035,SANTA CRUZ DE JUVENTINO ROSAS,1,2026-08-09
11,GUANAJUATO,2026-04,LOCALIZADA_SIN_VIDA,HOMBRE,11042,VALLE DE SANTIAGO,1,2026-08-09
11,GUANAJUATO,2026-05,DESAPARECIDA_O_NO_LOCALIZADA,HOMBRE,11001,ABASOLO,1,2026-08-09
11,GUANAJUATO,2026-05,DESAPARECIDA_O_NO_LOCALIZADA,HOMBRE,11002,ACÁMBARO,1,2026-08-09
11,GUANAJUATO,2026-05,DESAPARECIDA_O_NO_LOCALIZADA,HOMBRE,11005,APASEO EL GRANDE,2,2026-08-09
11,GUANAJUATO,2026-05,DESAPARECIDA_O_NO_LOCALIZADA,MUJER,11005,APASEO EL GRANDE,1,2026-08-09
11,GUANAJUATO,2026-05,DESAPARECIDA_O_NO_LOCALIZADA,HOMBRE,11007,CELAYA,10,2026-08-09
11,GUANAJUATO,2026-05,DESAPARECIDA_O_NO_LOCALIZADA,MUJER,11007,CELAYA,3,2026-08-09
11,GUANAJUATO,2026-05,DESAPARECIDA_O_NO_LOCALIZADA,MUJER,11010,CORONEO,1,2026-08-09
11,GUANAJUATO,2026-05,DESAPARECIDA_O_NO_LOCALIZADA,HOMBRE,11011,CORTAZAR,2,2026-08-09
11,GUANAJUATO,2026-05,DESAPARECIDA_O_NO_LOCALIZADA,HOMBRE,11012,CUERÁMARO,1,2026-08-09
11,GUANAJUATO,2026-05,DESAPARECIDA_O_NO_LOCALIZADA,HOMBRE,11017,IRAPUATO,3,2026-08-09
11,GUANAJUATO,2026-05,DESAPARECIDA_O_NO_LOCALIZADA,MUJER,11017,IRAPUATO,1,2026-08-09
11,GUANAJUATO,2026-05,DESAPARECIDA_O_NO_LOCALIZADA,HOMBRE,11020,LEÓN,7,2026-08-09
11,GUANAJUATO,2026-05,DESAPARECIDA_O_NO_LOCALIZADA,MUJER,11020,LEÓN,1,2026-08-09
11,GUANAJUATO,2026-05,DESAPARECIDA_O_NO_LOCALIZADA,HOMBRE,11022,OCAMPO,1,2026-08-09
11,GUANAJUATO,2026-05,DESAPARECIDA_O_NO_LOCALIZADA,HOMBRE,11023,PÉNJAMO,1,2026-08-09
11,GUANAJUATO,2026-05,DESAPARECIDA_O_NO_LOCALIZADA,HOMBRE,11027,SALAMANCA,4,2026-08-09
11,GUANAJUATO,2026-05,DESAPARECIDA_O_NO_LOCALIZADA,HOMBRE,11028,SALVATIERRA,1,2026-08-09
11,GUANAJUATO,2026-05,DESAPARECIDA_O_NO_LOCALIZADA,HOMBRE,11033,SAN LUIS DE LA PAZ,1,2026-08-09
11,GUANAJUATO,2026-05,DESAPARECIDA_O_NO_LOCALIZADA,HOMBRE,11035,SANTA CRUZ DE JUVENTINO ROSAS,1,2026-08-09
11,GUANAJUATO,2026-05,DESAPARECIDA_O_NO_LOCALIZADA,HOMBRE,11039,TARIMORO,1,2026-08-09
11,GUANAJUATO,2026-05,DESAPARECIDA_O_NO_LOCALIZADA,MUJER,11041,URIANGATO,1,2026-08-09
11,GUANAJUATO,2026-05,DESAPARECIDA_O_NO_LOCALIZADA,HOMBRE,11044,VILLAGRÁN,1,2026-08-09
11,GUANAJUATO,2026-05,DESAPARECIDA_O_NO_LOCALIZADA,MUJER,11044,VILLAGRÁN,2,2026-08-09
11,GUANAJUATO,2026-05,DESAPARECIDA_O_NO_LOCALIZADA,HOMBRE,11046,YURIRIA,2,2026-08-09
11,GUANAJUATO,2026-05,LOCALIZADA_CON_VIDA,HOMBRE,11001,ABASOLO,1,2026-08-09
11,GUANAJUATO,2026-05,LOCALIZADA_CON_VIDA,MUJER,11002,ACÁMBARO,1,2026-08-09
11,GUANAJUATO,2026-05,LOCALIZADA_CON_VIDA,HOMBRE,11003,SAN MIGUEL DE ALLENDE,2,2026-08-09
11,GUANAJUATO,2026-05,LOCALIZADA_CON_VIDA,MUJER,11003,SAN MIGUEL DE ALLENDE,2,2026-08-09
11,GUANAJUATO,2026-05,LOCALIZADA_CON_VIDA,MUJER,11005,APASEO EL GRANDE,1,2026-08-09
11,GUANAJUATO,2026-05,LOCALIZADA_CON_VIDA,HOMBRE,11007,CELAYA,4,2026-08-09
11,GUANAJUATO,2026-05,LOCALIZADA_CON_VIDA,MUJER,11007,CELAYA,5,2026-08-09
11,GUANAJUATO,2026-05,LOCALIZADA_CON_VIDA,HOMBRE,11011,CORTAZAR,1,2026-08-09
11,GUANAJUATO,2026-05,LOCALIZADA_CON_VIDA,HOMBRE,11012,CUERÁMARO,3,2026-08-09
11,GUANAJUATO,2026-05,LOCALIZADA_CON_VIDA,MUJER,11012,CUERÁMARO,2,2026-08-09
11,GUANAJUATO,2026-05,LOCALIZADA_CON_VIDA,HOMBRE,11014,DOLORES HIDALGO,3,2026-08-09
11,GUANAJUATO,2026-05,LOCALIZADA_CON_VIDA,MUJER,11014,DOLORES HIDALGO,3,2026-08-09
11,GUANAJUATO,2026-05,LOCALIZADA_CON_VIDA,HOMBRE,11015,GUANAJUATO,3,2026-08-09
11,GUANAJUATO,2026-05,LOCALIZADA_CON_VIDA,HOMBRE,11017,IRAPUATO,4,2026-08-09
11,GUANAJUATO,2026-05,LOCALIZADA_CON_VIDA,MUJER,11017,IRAPUATO,1,2026-08-09
11,GUANAJUATO,2026-05,LOCALIZADA_CON_VIDA,HOMBRE,11020,LEÓN,12,2026-08-09
11,GUANAJUATO,2026-05,LOCALIZADA_CON_VIDA,MUJER,11020,LEÓN,6,2026-08-09
11,GUANAJUATO,2026-05,LOCALIZADA_CON_VIDA,HOMBRE,11023,PÉNJAMO,3,2026-08-09
11,GUANAJUATO,2026-05,LOCALIZADA_CON_VIDA,HOMBRE,11025,PURÍSIMA DEL RINCÓN,1,2026-08-09
11,GUANAJUATO,2026-05,LOCALIZADA_CON_VIDA,HOMBRE,11027,SALAMANCA,5,2026-08-09
11,GUANAJUATO,2026-05,LOCALIZADA_CON_VIDA,MUJER,11027,SALAMANCA,3,2026-08-09
11,GUANAJUATO,2026-05,LOCALIZADA_CON_VIDA,HOMBRE,11028,SALVATIERRA,1,2026-08-09
11,GUANAJUATO,2026-05,LOCALIZADA_CON_VIDA,MUJER,11028,SALVATIERRA,1,2026-08-09
11,GUANAJUATO,2026-05,LOCALIZADA_CON_VIDA,MUJER,11029,SAN DIEGO DE LA UNIÓN,1,2026-08-09
11,GUANAJUATO,2026-05,LOCALIZADA_CON_VIDA,HOMBRE,11031,SAN FRANCISCO DEL RINCÓN,3,2026-08-09
11,GUANAJUATO,2026-05,LOCALIZADA_CON_VIDA,MUJER,11031,SAN FRANCISCO DEL RINCÓN,1,2026-08-09
11,GUANAJUATO,2026-05,LOCALIZADA_CON_VIDA,HOMBRE,11037,SILAO,1,2026-08-09
11,GUANAJUATO,2026-05,LOCALIZADA_CON_VIDA,MUJER,11037,SILAO,4,2026-08-09
11,GUANAJUATO,2026-05,LOCALIZADA_CON_VIDA,HOMBRE,11039,TARIMORO,1,2026-08-09
11,GUANAJUATO,2026-05,LOCALIZADA_CON_VIDA,MUJER,11039,TARIMORO,1,2026-08-09
11,GUANAJUATO,2026-05,LOCALIZADA_CON_VIDA,MUJER,11041,URIANGATO,1,2026-08-09
11,GUANAJUATO,2026-05,LOCALIZADA_CON_VIDA,HOMBRE,11042,VALLE DE SANTIAGO,1,2026-08-09
11,GUANAJUATO,2026-05,LOCALIZADA_CON_VIDA,MUJER,11042,VALLE DE SANTIAGO,1,2026-08-09
11,GUANAJUATO,2026-05,LOCALIZADA_CON_VIDA,MUJER,11044,VILLAGRÁN,1,2026-08-09
11,GUANAJUATO,2026-05,LOCALIZADA_CON_VIDA,MUJER,11046,YURIRIA,1,2026-08-09
11,GUANAJUATO,2026-05,LOCALIZADA_SIN_VIDA,MUJER,11020,LEÓN,1,2026-08-09
11,GUANAJUATO,2026-05,LOCALIZADA_SIN_VIDA,HOMBRE,11027,SALAMANCA,3,2026-08-09
11,GUANAJUATO,2026-05,LOCALIZADA_SIN_VIDA,HOMBRE,11028,SALVATIERRA,1,2026-08-09
11,GUANAJUATO,2026-05,LOCALIZADA_SIN_VIDA,HOMBRE,11031,SAN FRANCISCO DEL RINCÓN,1,2026-08-09
11,GUANAJUATO,2026-05,LOCALIZADA_SIN_VIDA,HOMBRE,11037,SILAO,1,2026-08-09
11,GUANAJUATO,2026-06,DESAPARECIDA_O_NO_LOCALIZADA,MUJER,11003,SAN MIGUEL DE ALLENDE,1,2026-08-09
11,GUANAJUATO,2026-06,DESAPARECIDA_O_NO_LOCALIZADA,MUJER,11004,APASEO EL ALTO,1,2026-08-09
11,GUANAJUATO,2026-06,DESAPARECIDA_O_NO_LOCALIZADA,HOMBRE,11007,CELAYA,8,2026-08-09
11,GUANAJUATO,2026-06,DESAPARECIDA_O_NO_LOCALIZADA,MUJER,11007,CELAYA,2,2026-08-09
11,GUANAJUATO,2026-06,DESAPARECIDA_O_NO_LOCALIZADA,HOMBRE,11008,MANUEL DOBLADO,1,2026-08-09
11,GUANAJUATO,2026-06,DESAPARECIDA_O_NO_LOCALIZADA,HOMBRE,11009,COMONFORT,1,2026-08-09
11,GUANAJUATO,2026-06,DESAPARECIDA_O_NO_LOCALIZADA,HOMBRE,11014,DOLORES HIDALGO,4,2026-08-09
11,GUANAJUATO,2026-06,DESAPARECIDA_O_NO_LOCALIZADA,HOMBRE,11015,GUANAJUATO,3,2026-08-09
11,GUANAJUATO,2026-06,DESAPARECIDA_O_NO_LOCALIZADA,HOMBRE,11017,IRAPUATO,2,2026-08-09
11,GUANAJUATO,2026-06,DESAPARECIDA_O_NO_LOCALIZADA,MUJER,11017,IRAPUATO,2,2026-08-09
11,GUANAJUATO,2026-06,DESAPARECIDA_O_NO_LOCALIZADA,HOMBRE,11018,JARAL DEL PROGRESO,1,2026-08-09
11,GUANAJUATO,2026-06,DESAPARECIDA_O_NO_LOCALIZADA,HOMBRE,11020,LEÓN,1,2026-08-09
11,GUANAJUATO,2026-06,DESAPARECIDA_O_NO_LOCALIZADA,HOMBRE,11023,PÉNJAMO,1,2026-08-09
11,GUANAJUATO,2026-06,DESAPARECIDA_O_NO_LOCALIZADA,HOMBRE,11024,PUEBLO NUEVO,1,2026-08-09
11,GUANAJUATO,2026-06,DESAPARECIDA_O_NO_LOCALIZADA,HOMBRE,11027,SALAMANCA,2,2026-08-09
11,GUANAJUATO,2026-06,DESAPARECIDA_O_NO_LOCALIZADA,MUJER,11027,SALAMANCA,3,2026-08-09
11,GUANAJUATO,2026-06,DESAPARECIDA_O_NO_LOCALIZADA,HOMBRE,11041,URIANGATO,1,2026-08-09
11,GUANAJUATO,2026-06,DESAPARECIDA_O_NO_LOCALIZADA,HOMBRE,11044,VILLAGRÁN,1,2026-08-09
11,GUANAJUATO,2026-06,DESAPARECIDA_O_NO_LOCALIZADA,MUJER,11045,XICHÚ,1,2026-08-09
11,GUANAJUATO,2026-06,DESAPARECIDA_O_NO_LOCALIZADA,HOMBRE,11046,YURIRIA,1,2026-08-09
11,GUANAJUATO,2026-06,LOCALIZADA_CON_VIDA,HOMBRE,11003,SAN MIGUEL DE ALLENDE,1,2026-08-09
11,GUANAJUATO,2026-06,LOCALIZADA_CON_VIDA,HOMBRE,11004,APASEO EL ALTO,1,2026-08-09
11,GUANAJUATO,2026-06,LOCALIZADA_CON_VIDA,HOMBRE,11007,CELAYA,1,2026-08-09
11,GUANAJUATO,2026-06,LOCALIZADA_CON_VIDA,MUJER,11012,CUERÁMARO,1,2026-08-09
11,GUANAJUATO,2026-06,LOCALIZADA_CON_VIDA,HOMBRE,11015,GUANAJUATO,1,2026-08-09
11,GUANAJUATO,2026-06,LOCALIZADA_CON_VIDA,MUJER,11015,GUANAJUATO,1,2026-08-09
11,GUANAJUATO,2026-06,LOCALIZADA_CON_VIDA,MUJER,11017,IRAPUATO,2,2026-08-09
11,GUANAJUATO,2026-06,LOCALIZADA_CON_VIDA,HOMBRE,11020,LEÓN,5,2026-08-09
11,GUANAJUATO,2026-06,LOCALIZADA_CON_VIDA,HOMBRE,11026,ROMITA,1,2026-08-09
11,GUANAJUATO,2026-06,LOCALIZADA_CON_VIDA,MUJER,11027,SALAMANCA,1,2026-08-09
11,GUANAJUATO,2026-06,LOCALIZADA_CON_VIDA,HOMBRE,11028,SALVATIERRA,1,2026-08-09
11,GUANAJUATO,2026-06,LOCALIZADA_CON_VIDA,HOMBRE,11031,SAN FRANCISCO DEL RINCÓN,1,2026-08-09
11,GUANAJUATO,2026-06,LOCALIZADA_CON_VIDA,MUJER,11032,SAN JOSÉ ITURBIDE,1,2026-08-09
11,GUANAJUATO,2026-06,LOCALIZADA_CON_VIDA,MUJER,11037,SILAO,1,2026-08-09
11,GUANAJUATO,2026-06,LOCALIZADA_CON_VIDA,HOMBRE,11044,VILLAGRÁN,1,2026-08-09
11,GUANAJUATO,2026-06,LOCALIZADA_CON_VIDA,MUJER,11046,YURIRIA,1,2026-08-09
11,GUANAJUATO,2026-06,LOCALIZADA_SIN_VIDA,HOMBRE,11007,CELAYA,2,2026-08-09
11,GUANAJUATO,2026-06,LOCALIZADA_SIN_VIDA,HOMBRE,11011,CORTAZAR,1,2026-08-09
11,GUANAJUATO,2026-06,LOCALIZADA_SIN_VIDA,HOMBRE,11020,LEÓN,3,2026-08-09
11,GUANAJUATO,2026-07,DESAPARECIDA_O_NO_LOCALIZADA,HOMBRE,11001,ABASOLO,1,2026-08-09
11,GUANAJUATO,2026-07,DESAPARECIDA_O_NO_LOCALIZADA,HOMBRE,11002,ACÁMBARO,2,2026-08-09
11,GUANAJUATO,2026-07,DESAPARECIDA_O_NO_LOCALIZADA,HOMBRE,11003,SAN MIGUEL DE ALLENDE,2,2026-08-09
11,GUANAJUATO,2026-07,DESAPARECIDA_O_NO_LOCALIZADA,HOMBRE,11005,APASEO EL GRANDE,2,2026-08-09
11,GUANAJUATO,2026-07,DESAPARECIDA_O_NO_LOCALIZADA,HOMBRE,11007,CELAYA,3,2026-08-09
11,GUANAJUATO,2026-07,DESAPARECIDA_O_NO_LOCALIZADA,MUJER,11007,CELAYA,1,2026-08-09
11,GUANAJUATO,2026-07,DESAPARECIDA_O_NO_LOCALIZADA,HOMBRE,11008,MANUEL DOBLADO,1,2026-08-09
11,GUANAJUATO,2026-07,DESAPARECIDA_O_NO_LOCALIZADA,HOMBRE,11009,COMONFORT,1,2026-08-09
11,GUANAJUATO,2026-07,DESAPARECIDA_O_NO_LOCALIZADA,HOMBRE,11012,CUERÁMARO,1,2026-08-09
11,GUANAJUATO,2026-07,DESAPARECIDA_O_NO_LOCALIZADA,HOMBRE,11014,DOLORES HIDALGO,1,2026-08-09
11,GUANAJUATO,2026-07,DESAPARECIDA_O_NO_LOCALIZADA,MUJER,11014,DOLORES HIDALGO,1,2026-08-09
11,GUANAJUATO,2026-07,DESAPARECIDA_O_NO_LOCALIZADA,HOMBRE,11015,GUANAJUATO,3,2026-08-09
11,GUANAJUATO,2026-07,DESAPARECIDA_O_NO_LOCALIZADA,HOMBRE,11017,IRAPUATO,2,2026-08-09
11,GUANAJUATO,2026-07,DESAPARECIDA_O_NO_LOCALIZADA,HOMBRE,11019,JERÉCUARO,1,2026-08-09
11,GUANAJUATO,2026-07,DESAPARECIDA_O_NO_LOCALIZADA,HOMBRE,11020,LEÓN,12,2026-08-09
11,GUANAJUATO,2026-07,DESAPARECIDA_O_NO_LOCALIZADA,MUJER,11020,LEÓN,3,2026-08-09
11,GUANAJUATO,2026-07,DESAPARECIDA_O_NO_LOCALIZADA,HOMBRE,11022,OCAMPO,1,2026-08-09
11,GUANAJUATO,2026-07,DESAPARECIDA_O_NO_LOCALIZADA,HOMBRE,11023,PÉNJAMO,2,2026-08-09
11,GUANAJUATO,2026-07,DESAPARECIDA_O_NO_LOCALIZADA,HOMBRE,11027,SALAMANCA,5,2026-08-09
11,GUANAJUATO,2026-07,DESAPARECIDA_O_NO_LOCALIZADA,MUJER,11027,SALAMANCA,1,2026-08-09
11,GUANAJUATO,2026-07,DESAPARECIDA_O_NO_LOCALIZADA,HOMBRE,11028,SALVATIERRA,2,2026-08-09
11,GUANAJUATO,2026-07,DESAPARECIDA_O_NO_LOCALIZADA,MUJER,11028,SALVATIERRA,1,2026-08-09
11,GUANAJUATO,2026-07,DESAPARECIDA_O_NO_LOCALIZADA,HOMBRE,11030,SAN FELIPE,1,2026-08-09
11,GUANAJUATO,2026-07,DESAPARECIDA_O_NO_LOCALIZADA,HOMBRE,11035,SANTA CRUZ DE JUVENTINO ROSAS,3,2026-08-09
11,GUANAJUATO,2026-07,DESAPARECIDA_O_NO_LOCALIZADA,HOMBRE,11037,SILAO,2,2026-08-09
11,GUANAJUATO,2026-07,DESAPARECIDA_O_NO_LOCALIZADA,HOMBRE,11042,VALLE DE SANTIAGO,1,2026-08-09
11,GUANAJUATO,2026-07,DESAPARECIDA_O_NO_LOCALIZADA,HOMBRE,11044,VILLAGRÁN,3,2026-08-09
11,GUANAJUATO,2026-07,DESAPARECIDA_O_NO_LOCALIZADA,HOMBRE,11046,YURIRIA,1,2026-08-09
11,GUANAJUATO,2026-07,LOCALIZADA_CON_VIDA,HOMBRE,11003,SAN MIGUEL DE ALLENDE,2,2026-08-09
11,GUANAJUATO,2026-07,LOCALIZADA_CON_VIDA,MUJER,11003,SAN MIGUEL DE ALLENDE,1,2026-08-09
11,GUANAJUATO,2026-07,LOCALIZADA_CON_VIDA,MUJER,11004,APASEO EL ALTO,1,2026-08-09
11,GUANAJUATO,2026-07,LOCALIZADA_CON_VIDA,HOMBRE,11005,APASEO EL GRANDE,1,2026-08-09
11,GUANAJUATO,2026-07,LOCALIZADA_CON_VIDA,HOMBRE,11007,CELAYA,3,2026-08-09
11,GUANAJUATO,2026-07,LOCALIZADA_CON_VIDA,MUJER,11007,CELAYA,1,2026-08-09
11,GUANAJUATO,2026-07,LOCALIZADA_CON_VIDA,HOMBRE,11009,COMONFORT,1,2026-08-09
11,GUANAJUATO,2026-07,LOCALIZADA_CON_VIDA,MUJER,11009,COMONFORT,1,2026-08-09
11,GUANAJUATO,2026-07,LOCALIZADA_CON_VIDA,MUJER,11010,CORONEO,1,2026-08-09
11,GUANAJUATO,2026-07,LOCALIZADA_CON_VIDA,MUJER,11011,CORTAZAR,1,2026-08-09
11,GUANAJUATO,2026-07,LOCALIZADA_CON_VIDA,HOMBRE,11014,DOLORES HIDALGO,1,2026-08-09
11,GUANAJUATO,2026-07,LOCALIZADA_CON_VIDA,MUJER,11014,DOLORES HIDALGO,2,2026-08-09
11,GUANAJUATO,2026-07,LOCALIZADA_CON_VIDA,HOMBRE,11015,GUANAJUATO,3,2026-08-09
11,GUANAJUATO,2026-07,LOCALIZADA_CON_VIDA,MUJER,11015,GUANAJUATO,2,2026-08-09
11,GUANAJUATO,2026-07,LOCALIZADA_CON_VIDA,HOMBRE,11017,IRAPUATO,3,2026-08-09
11,GUANAJUATO,2026-07,LOCALIZADA_CON_VIDA,HOMBRE,11020,LEÓN,7,2026-08-09
11,GUANAJUATO,2026-07,LOCALIZADA_CON_VIDA,MUJER,11020,LEÓN,4,2026-08-09
11,GUANAJUATO,2026-07,LOCALIZADA_CON_VIDA,MUJER,11023,PÉNJAMO,2,2026-08-09
11,GUANAJUATO,2026-07,LOCALIZADA_CON_VIDA,HOMBRE,11025,PURÍSIMA DEL RINCÓN,1,2026-08-09
11,GUANAJUATO,2026-07,LOCALIZADA_CON_VIDA,MUJER,11025,PURÍSIMA DEL RINCÓN,1,2026-08-09
11,GUANAJUATO,2026-07,LOCALIZADA_CON_VIDA,HOMBRE,11027,SALAMANCA,1,2026-08-09
11,GUANAJUATO,2026-07,LOCALIZADA_CON_VIDA,MUJER,11027,SALAMANCA,2,2026-08-09
11,GUANAJUATO,2026-07,LOCALIZADA_CON_VIDA,MUJER,11030,SAN FELIPE,2,2026-08-09
11,GUANAJUATO,2026-07,LOCALIZADA_CON_VIDA,HOMBRE,11031,SAN FRANCISCO DEL RINCÓN,1,2026-08-09
11,GUANAJUATO,2026-07,LOCALIZADA_CON_VIDA,HOMBRE,11032,SAN JOSÉ ITURBIDE,1,2026-08-09
11,GUANAJUATO,2026-07,LOCALIZADA_CON_VIDA,MUJER,11033,SAN LUIS DE LA PAZ,1,2026-08-09
11,GUANAJUATO,2026-07,LOCALIZADA_CON_VIDA,HOMBRE,11037,SILAO,1,2026-08-09
11,GUANAJUATO,2026-07,LOCALIZADA_CON_VIDA,MUJER,11037,SILAO,4,2026-08-09
11,GUANAJUATO,2026-07,LOCALIZADA_CON_VIDA,HOMBRE,11041,URIANGATO,1,2026-08-09
11,GUANAJUATO,2026-07,LOCALIZADA_CON_VIDA,HOMBRE,11042,VALLE DE SANTIAGO,1,2026-08-09
11,GUANAJUATO,2026-07,LOCALIZADA_CON_VIDA,MUJER,11046,YURIRIA,1,2026-08-09
11,GUANAJUATO,2026-07,LOCALIZADA_SIN_VIDA,HOMBRE,11015,GUANAJUATO,1,2026-08-09
11,GUANAJUATO,2026-07,LOCALIZADA_SIN_VIDA,HOMBRE,11028,SALVATIERRA,1,2026-08-09
11,GUANAJUATO,SIN_FECHA,DESAPARECIDA_O_NO_LOCALIZADA,,,,100,2026-08-09
11,GUANAJUATO,SIN_FECHA,LOCALIZADA_CON_VIDA,,,,101,2026-08-09
11,GUANAJUATO,SIN_FECHA,LOCALIZADA_SIN_VIDA,,,,38,2026-08-09
12,GUERRERO,2026-01,DESAPARECIDA_O_NO_LOCALIZADA,HOMBRE,12001,ACAPULCO DE JUÁREZ,1,2026-08-09
12,GUERRERO,2026-01,DESAPARECIDA_O_NO_LOCALIZADA,MUJER,12001,ACAPULCO DE JUÁREZ,1,2026-08-09
12,GUERRERO,2026-01,DESAPARECIDA_O_NO_LOCALIZADA,HOMBRE,12021,COYUCA DE BENÍTEZ,1,2026-08-09
12,GUERRERO,2026-01,DESAPARECIDA_O_NO_LOCALIZADA,HOMBRE,12038,JOSÉ AZUETA,1,2026-08-09
12,GUERRERO,2026-01,DESAPARECIDA_O_NO_LOCALIZADA,MUJER,12055,TAXCO DE ALARCÓN,1,2026-08-09
12,GUERRERO,2026-01,DESAPARECIDA_O_NO_LOCALIZADA,HOMBRE,12056,TECOANAPA,2,2026-08-09
12,GUERRERO,2026-01,LOCALIZADA_CON_VIDA,HOMBRE,12028,CHILAPA DE ALVAREZ,1,2026-08-09
12,GUERRERO,2026-01,LOCALIZADA_CON_VIDA,HOMBRE,12029,CHILPANCINGO DE LOS BRAVO,2,2026-08-09
12,GUERRERO,2026-01,LOCALIZADA_CON_VIDA,MUJER,12029,CHILPANCINGO DE LOS BRAVO,2,2026-08-09
12,GUERRERO,2026-01,LOCALIZADA_CON_VIDA,MUJER,12034,HUITZUCO DE LOS FIGUEROA,1,2026-08-09
12,GUERRERO,2026-01,LOCALIZADA_SIN_VIDA,MUJER,12001,ACAPULCO DE JUÁREZ,1,2026-08-09
12,GUERRERO,2026-01,LOCALIZADA_SIN_VIDA,HOMBRE,12030,FLORENCIO VILLARREAL,1,2026-08-09
12,GUERRERO,2026-02,DESAPARECIDA_O_NO_LOCALIZADA,MUJER,12001,ACAPULCO DE JUÁREZ,1,2026-08-09
12,GUERRERO,2026-02,DESAPARECIDA_O_NO_LOCALIZADA,HOMBRE,12011,ATOYAC DE ALVAREZ,1,2026-08-09
12,GUERRERO,2026-02,DESAPARECIDA_O_NO_LOCALIZADA,MUJER,12011,ATOYAC DE ALVAREZ,1,2026-08-09
12,GUERRERO,2026-02,DESAPARECIDA_O_NO_LOCALIZADA,MUJER,12012,AYUTLA DE LOS LIBRES,1,2026-08-09
12,GUERRERO,2026-02,DESAPARECIDA_O_NO_LOCALIZADA,HOMBRE,12018,COPALA,1,2026-08-09
12,GUERRERO,2026-02,DESAPARECIDA_O_NO_LOCALIZADA,HOMBRE,12028,CHILAPA DE ALVAREZ,1,2026-08-09
12,GUERRERO,2026-02,DESAPARECIDA_O_NO_LOCALIZADA,HOMBRE,12029,CHILPANCINGO DE LOS BRAVO,2,2026-08-09
12,GUERRERO,2026-02,DESAPARECIDA_O_NO_LOCALIZADA,HOMBRE,12035,IGUALA DE LA INDEPENDENCIA,1,2026-08-09
12,GUERRERO,2026-02,DESAPARECIDA_O_NO_LOCALIZADA,HOMBRE,12038,JOSÉ AZUETA,1,2026-08-09
12,GUERRERO,2026-02,DESAPARECIDA_O_NO_LOCALIZADA,MUJER,12038,JOSÉ AZUETA,1,2026-08-09
12,GUERRERO,2026-02,DESAPARECIDA_O_NO_LOCALIZADA,HOMBRE,12046,OMETEPEC,1,2026-08-09
12,GUERRERO,2026-02,DESAPARECIDA_O_NO_LOCALIZADA,HOMBRE,12055,TAXCO DE ALARCÓN,1,2026-08-09
12,GUERRERO,2026-02,DESAPARECIDA_O_NO_LOCALIZADA,MUJER,12055,TAXCO DE ALARCÓN,1,2026-08-09
12,GUERRERO,2026-02,LOCALIZADA_CON_VIDA,HOMBRE,12001,ACAPULCO DE JUÁREZ,1,2026-08-09
12,GUERRERO,2026-02,LOCALIZADA_CON_VIDA,HOMBRE,12029,CHILPANCINGO DE LOS BRAVO,3,2026-08-09
12,GUERRERO,2026-02,LOCALIZADA_CON_VIDA,MUJER,12029,CHILPANCINGO DE LOS BRAVO,1,2026-08-09
12,GUERRERO,2026-02,LOCALIZADA_CON_VIDA,HOMBRE,12038,JOSÉ AZUETA,1,2026-08-09
12,GUERRERO,2026-02,LOCALIZADA_CON_VIDA,HOMBRE,12058,TELOLOAPAN,1,2026-08-09
12,GUERRERO,2026-02,LOCALIZADA_CON_VIDA,HOMBRE,12066,TLAPA DE COMONFORT,1,2026-08-09
12,GUERRERO,2026-02,LOCALIZADA_SIN_VIDA,HOMBRE,12001,ACAPULCO DE JUÁREZ,2,2026-08-09
12,GUERRERO,2026-03,DESAPARECIDA_O_NO_LOCALIZADA,HOMBRE,12001,ACAPULCO DE JUÁREZ,1,2026-08-09
12,GUERRERO,2026-03,DESAPARECIDA_O_NO_LOCALIZADA,MUJER,12001,ACAPULCO DE JUÁREZ,3,2026-08-09
12,GUERRERO,2026-03,DESAPARECIDA_O_NO_LOCALIZADA,HOMBRE,12012,AYUTLA DE LOS LIBRES,1,2026-08-09
12,GUERRERO,2026-03,DESAPARECIDA_O_NO_LOCALIZADA,HOMBRE,12021,COYUCA DE BENÍTEZ,2,2026-08-09
12,GUERRERO,2026-03,DESAPARECIDA_O_NO_LOCALIZADA,MUJER,12035,IGUALA DE LA INDEPENDENCIA,2,2026-08-09
12,GUERRERO,2026-03,DESAPARECIDA_O_NO_LOCALIZADA,HOMBRE,12038,JOSÉ AZUETA,3,2026-08-09
12,GUERRERO,2026-03,DESAPARECIDA_O_NO_LOCALIZADA,MUJER,12038,JOSÉ AZUETA,1,2026-08-09
12,GUERRERO,2026-03,DESAPARECIDA_O_NO_LOCALIZADA,HOMBRE,12046,OMETEPEC,2,2026-08-09
12,GUERRERO,2026-03,DESAPARECIDA_O_NO_LOCALIZADA,HOMBRE,12048,PETATLÁN,1,2026-08-09
12,GUERRERO,2026-03,DESAPARECIDA_O_NO_LOCALIZADA,HOMBRE,12053,SAN MARCOS,1,2026-08-09
12,GUERRERO,2026-03,DESAPARECIDA_O_NO_LOCALIZADA,HOMBRE,12055,TAXCO DE ALARCÓN,2,2026-08-09
12,GUERRERO,2026-03,DESAPARECIDA_O_NO_LOCALIZADA,HOMBRE,12057,TÉCPAN DE GALEANA,1,2026-08-09
12,GUERRERO,2026-03,DESAPARECIDA_O_NO_LOCALIZADA,HOMBRE,12068,LA UNIÓN DE ISIDORO MONTES DE OCA,2,2026-08-09
12,GUERRERO,2026-03,LOCALIZADA_CON_VIDA,HOMBRE,12001,ACAPULCO DE JUÁREZ,1,2026-08-09
12,GUERRERO,2026-03,LOCALIZADA_CON_VIDA,HOMBRE,12005,ALPOYECA,1,2026-08-09
12,GUERRERO,2026-03,LOCALIZADA_CON_VIDA,HOMBRE,12008,ATENANGO DEL RÍO,1,2026-08-09
12,GUERRERO,2026-03,LOCALIZADA_CON_VIDA,HOMBRE,12012,AYUTLA DE LOS LIBRES,1,2026-08-09
12,GUERRERO,2026-03,LOCALIZADA_CON_VIDA,HOMBRE,12035,IGUALA DE LA INDEPENDENCIA,2,2026-08-09
12,GUERRERO,2026-03,LOCALIZADA_CON_VIDA,HOMBRE,12052,SAN LUIS ACATLÁN,1,2026-08-09
12,GUERRERO,2026-04,DESAPARECIDA_O_NO_LOCALIZADA,HOMBRE,12001,ACAPULCO DE JUÁREZ,4,2026-08-09
12,GUERRERO,2026-04,DESAPARECIDA_O_NO_LOCALIZADA,MUJER,12001,ACAPULCO DE JUÁREZ,1,2026-08-09
12,GUERRERO,2026-04,DESAPARECIDA_O_NO_LOCALIZADA,HOMBRE,12008,ATENANGO DEL RÍO,6,2026-08-09
12,GUERRERO,2026-04,DESAPARECIDA_O_NO_LOCALIZADA,HOMBRE,12012,AYUTLA DE LOS LIBRES,1,2026-08-09
12,GUERRERO,2026-04,DESAPARECIDA_O_NO_LOCALIZADA,HOMBRE,12029,CHILPANCINGO DE LOS BRAVO,1,2026-08-09
12,GUERRERO,2026-04,DESAPARECIDA_O_NO_LOCALIZADA,HOMBRE,12033,HUAMUXTITLÁN,1,2026-08-09
12,GUERRERO,2026-04,DESAPARECIDA_O_NO_LOCALIZADA,MUJER,12035,IGUALA DE LA INDEPENDENCIA,1,2026-08-09
12,GUERRERO,2026-04,DESAPARECIDA_O_NO_LOCALIZADA,MUJER,12055,TAXCO DE ALARCÓN,1,2026-08-09
12,GUERRERO,2026-04,DESAPARECIDA_O_NO_LOCALIZADA,HOMBRE,12056,TECOANAPA,1,2026-08-09
12,GUERRERO,2026-04,DESAPARECIDA_O_NO_LOCALIZADA,MUJER,12056,TECOANAPA,1,2026-08-09
12,GUERRERO,2026-04,DESAPARECIDA_O_NO_LOCALIZADA,MUJER,12057,TÉCPAN DE GALEANA,1,2026-08-09
12,GUERRERO,2026-04,DESAPARECIDA_O_NO_LOCALIZADA,HOMBRE,12066,TLAPA DE COMONFORT,1,2026-08-09
12,GUERRERO,2026-04,LOCALIZADA_CON_VIDA,HOMBRE,12001,ACAPULCO DE JUÁREZ,2,2026-08-09
12,GUERRERO,2026-04,LOCALIZADA_CON_VIDA,MUJER,12001,ACAPULCO DE JUÁREZ,2,2026-08-09
12,GUERRERO,2026-04,LOCALIZADA_CON_VIDA,MUJER,12011,ATOYAC DE ALVAREZ,1,2026-08-09
12,GUERRERO,2026-04,LOCALIZADA_CON_VIDA,HOMBRE,12021,COYUCA DE BENÍTEZ,1,2026-08-09
12,GUERRERO,2026-04,LOCALIZADA_CON_VIDA,HOMBRE,12029,CHILPANCINGO DE LOS BRAVO,2,2026-08-09
12,GUERRERO,2026-04,LOCALIZADA_CON_VIDA,MUJER,12029,CHILPANCINGO DE LOS BRAVO,2,2026-08-09
12,GUERRERO,2026-04,LOCALIZADA_CON_VIDA,HOMBRE,12035,IGUALA DE LA INDEPENDENCIA,1,2026-08-09
12,GUERRERO,2026-04,LOCALIZADA_CON_VIDA,MUJER,12050,PUNGARABATO,2,2026-08-09
12,GUERRERO,2026-04,LOCALIZADA_CON_VIDA,HOMBRE,12055,TAXCO DE ALARCÓN,1,2026-08-09
12,GUERRERO,2026-04,LOCALIZADA_SIN_VIDA,HOMBRE,12001,ACAPULCO DE JUÁREZ,2,2026-08-09
12,GUERRERO,2026-04,LOCALIZADA_SIN_VIDA,MUJER,12001,ACAPULCO DE JUÁREZ,1,2026-08-09
12,GUERRERO,2026-04,LOCALIZADA_SIN_VIDA,HOMBRE,12077,MARQUELIA,1,2026-08-09
12,GUERRERO,2026-05,DESAPARECIDA_O_NO_LOCALIZADA,HOMBRE,12001,ACAPULCO DE JUÁREZ,4,2026-08-09
12,GUERRERO,2026-05,DESAPARECIDA_O_NO_LOCALIZADA,MUJER,12001,ACAPULCO DE JUÁREZ,1,2026-08-09
12,GUERRERO,2026-05,DESAPARECIDA_O_NO_LOCALIZADA,HOMBRE,12021,COYUCA DE BENÍTEZ,1,2026-08-09
12,GUERRERO,2026-05,DESAPARECIDA_O_NO_LOCALIZADA,HOMBRE,12028,CHILAPA DE ALVAREZ,1,2026-08-09
12,GUERRERO,2026-05,DESAPARECIDA_O_NO_LOCALIZADA,HOMBRE,12029,CHILPANCINGO DE LOS BRAVO,2,2026-08-09
12,GUERRERO,2026-05,DESAPARECIDA_O_NO_LOCALIZADA,HOMBRE,12034,HUITZUCO DE LOS FIGUEROA,1,2026-08-09
12,GUERRERO,2026-05,DESAPARECIDA_O_NO_LOCALIZADA,HOMBRE,12035,IGUALA DE LA INDEPENDENCIA,1,2026-08-09
12,GUERRERO,2026-05,DESAPARECIDA_O_NO_LOCALIZADA,MUJER,12035,IGUALA DE LA INDEPENDENCIA,4,2026-08-09
12,GUERRERO,2026-05,DESAPARECIDA_O_NO_LOCALIZADA,HOMBRE,12038,JOSÉ AZUETA,1,2026-08-09
12,GUERRERO,2026-05,DESAPARECIDA_O_NO_LOCALIZADA,MUJER,12045,OLINALÁ,1,2026-08-09
12,GUERRERO,2026-05,DESAPARECIDA_O_NO_LOCALIZADA,HOMBRE,12056,TECOANAPA,1,2026-08-09
12,GUERRERO,2026-05,DESAPARECIDA_O_NO_LOCALIZADA,HOMBRE,12058,TELOLOAPAN,1,2026-08-09
12,GUERRERO,2026-05,LOCALIZADA_CON_VIDA,MUJER,12001,ACAPULCO DE JUÁREZ,2,2026-08-09
12,GUERRERO,2026-05,LOCALIZADA_CON_VIDA,MUJER,12011,ATOYAC DE ALVAREZ,1,2026-08-09
12,GUERRERO,2026-05,LOCALIZADA_CON_VIDA,MUJER,12029,CHILPANCINGO DE LOS BRAVO,1,2026-08-09
12,GUERRERO,2026-05,LOCALIZADA_CON_VIDA,HOMBRE,12035,IGUALA DE LA INDEPENDENCIA,2,2026-08-09
12,GUERRERO,2026-05,LOCALIZADA_CON_VIDA,MUJER,12061,TIXTLA DE GUERRERO,1,2026-08-09
12,GUERRERO,2026-05,LOCALIZADA_SIN_VIDA,HOMBRE,12028,CHILAPA DE ALVAREZ,1,2026-08-09
12,GUERRERO,2026-06,DESAPARECIDA_O_NO_LOCALIZADA,HOMBRE,12001,ACAPULCO DE JUÁREZ,5,2026-08-09
12,GUERRERO,2026-06,DESAPARECIDA_O_NO_LOCALIZADA,MUJER,12011,ATOYAC DE ALVAREZ,1,2026-08-09
12,GUERRERO,2026-06,DESAPARECIDA_O_NO_LOCALIZADA,HOMBRE,12028,CHILAPA DE ALVAREZ,1,2026-08-09
12,GUERRERO,2026-06,DESAPARECIDA_O_NO_LOCALIZADA,HOMBRE,12029,CHILPANCINGO DE LOS BRAVO,2,2026-08-09
12,GUERRERO,2026-06,DESAPARECIDA_O_NO_LOCALIZADA,HOMBRE,12036,IGUALAPA,2,2026-08-09
12,GUERRERO,2026-06,DESAPARECIDA_O_NO_LOCALIZADA,HOMBRE,12038,JOSÉ AZUETA,6,2026-08-09
12,GUERRERO,2026-06,DESAPARECIDA_O_NO_LOCALIZADA,MUJER,12038,JOSÉ AZUETA,1,2026-08-09
12,GUERRERO,2026-06,DESAPARECIDA_O_NO_LOCALIZADA,HOMBRE,12044,MOCHITLÁN,1,2026-08-09
12,GUERRERO,2026-06,DESAPARECIDA_O_NO_LOCALIZADA,MUJER,12052,SAN LUIS ACATLÁN,1,2026-08-09
12,GUERRERO,2026-06,DESAPARECIDA_O_NO_LOCALIZADA,HOMBRE,12055,TAXCO DE ALARCÓN,3,2026-08-09
12,GUERRERO,2026-06,DESAPARECIDA_O_NO_LOCALIZADA,HOMBRE,12066,TLAPA DE COMONFORT,1,2026-08-09
12,GUERRERO,2026-06,DESAPARECIDA_O_NO_LOCALIZADA,HOMBRE,12068,LA UNIÓN DE ISIDORO MONTES DE OCA,1,2026-08-09
12,GUERRERO,2026-06,LOCALIZADA_CON_VIDA,HOMBRE,12001,ACAPULCO DE JUÁREZ,2,2026-08-09
12,GUERRERO,2026-06,LOCALIZADA_CON_VIDA,MUJER,12001,ACAPULCO DE JUÁREZ,3,2026-08-09
12,GUERRERO,2026-06,LOCALIZADA_CON_VIDA,HOMBRE,12012,AYUTLA DE LOS LIBRES,1,2026-08-09
12,GUERRERO,2026-06,LOCALIZADA_CON_VIDA,MUJER,12029,CHILPANCINGO DE LOS BRAVO,1,2026-08-09
12,GUERRERO,2026-06,LOCALIZADA_CON_VIDA,HOMBRE,12035,IGUALA DE LA INDEPENDENCIA,1,2026-08-09
12,GUERRERO,2026-06,LOCALIZADA_CON_VIDA,HOMBRE,12050,PUNGARABATO,1,2026-08-09
12,GUERRERO,2026-06,LOCALIZADA_CON_VIDA,HOMBRE,12069,XALPATLÁHUAC,1,2026-08-09
12,GUERRERO,2026-06,LOCALIZADA_CON_VIDA,HOMBRE,12075,EDUARDO NERI,1,2026-08-09
12,GUERRERO,2026-06,LOCALIZADA_SIN_VIDA,MUJER,12001,ACAPULCO DE JUÁREZ,1,2026-08-09
12,GUERRERO,2026-07,DESAPARECIDA_O_NO_LOCALIZADA,HOMBRE,12001,ACAPULCO DE JUÁREZ,4,2026-08-09
12,GUERRERO,2026-07,DESAPARECIDA_O_NO_LOCALIZADA,MUJER,12001,ACAPULCO DE JUÁREZ,2,2026-08-09
12,GUERRERO,2026-07,DESAPARECIDA_O_NO_LOCALIZADA,MUJER,12004,ALCOZAUCA DE GUERRERO,1,2026-08-09
12,GUERRERO,2026-07,DESAPARECIDA_O_NO_LOCALIZADA,HOMBRE,12035,IGUALA DE LA INDEPENDENCIA,2,2026-08-09
12,GUERRERO,2026-07,DESAPARECIDA_O_NO_LOCALIZADA,MUJER,12038,JOSÉ AZUETA,1,2026-08-09
12,GUERRERO,2026-07,DESAPARECIDA_O_NO_LOCALIZADA,MUJER,12050,PUNGARABATO,1,2026-08-09
12,GUERRERO,2026-07,DESAPARECIDA_O_NO_LOCALIZADA,HOMBRE,12053,SAN MARCOS,1,2026-08-09
12,GUERRERO,2026-07,LOCALIZADA_CON_VIDA,HOMBRE,12029,CHILPANCINGO DE LOS BRAVO,1,2026-08-09
12,GUERRERO,2026-07,LOCALIZADA_CON_VIDA,MUJER,12038,JOSÉ AZUETA,1,2026-08-09
12,GUERRERO,2026-07,LOCALIZADA_CON_VIDA,MUJER,12058,TELOLOAPAN,1,2026-08-09
12,GUERRERO,2026-07,LOCALIZADA_SIN_VIDA,HOMBRE,12013,AZOYÚ,1,2026-08-09
12,GUERRERO,SIN_FECHA,DESAPARECIDA_O_NO_LOCALIZADA,,,,144,2026-08-09
12,GUERRERO,SIN_FECHA,LOCALIZADA_CON_VIDA,,,,10,2026-08-09
12,GUERRERO,SIN_FECHA,LOCALIZADA_SIN_VIDA,,,,4,2026-08-09
13,HIDALGO,2026-01,DESAPARECIDA_O_NO_LOCALIZADA,HOMBRE,13028,HUEJUTLA DE REYES,2,2026-08-09
13,HIDALGO,2026-01,DESAPARECIDA_O_NO_LOCALIZADA,MUJER,13028,HUEJUTLA DE REYES,1,2026-08-09
13,HIDALGO,2026-01,DESAPARECIDA_O_NO_LOCALIZADA,HOMBRE,13041,MIXQUIAHUALA DE JUÁREZ,2,2026-08-09
13,HIDALGO,2026-01,DESAPARECIDA_O_NO_LOCALIZADA,HOMBRE,13052,SAN AGUSTÍN TLAXIACA,1,2026-08-09
13,HIDALGO,2026-01,DESAPARECIDA_O_NO_LOCALIZADA,HOMBRE,13073,TLANCHINOL,1,2026-08-09
13,HIDALGO,2026-01,DESAPARECIDA_O_NO_LOCALIZADA,MUJER,13073,TLANCHINOL,1,2026-08-09
13,HIDALGO,2026-01,DESAPARECIDA_O_NO_LOCALIZADA,HOMBRE,13077,TULANCINGO DE BRAVO,1,2026-08-09
13,HIDALGO,2026-01,DESAPARECIDA_O_NO_LOCALIZADA,HOMBRE,13082,ZAPOTLÁN DE JUÁREZ,1,2026-08-09
13,HIDALGO,2026-01,DESAPARECIDA_O_NO_LOCALIZADA,HOMBRE,13083,ZEMPOALA,1,2026-08-09
13,HIDALGO,2026-01,LOCALIZADA_CON_VIDA,HOMBRE,13003,ACTOPAN,3,2026-08-09
13,HIDALGO,2026-01,LOCALIZADA_CON_VIDA,MUJER,13003,ACTOPAN,1,2026-08-09
13,HIDALGO,2026-01,LOCALIZADA_CON_VIDA,HOMBRE,13006,ALFAJAYUCAN,1,2026-08-09
13,HIDALGO,2026-01,LOCALIZADA_CON_VIDA,MUJER,13008,APAN,1,2026-08-09
13,HIDALGO,2026-01,LOCALIZADA_CON_VIDA,MUJER,13010,ATITALAQUIA,2,2026-08-09
13,HIDALGO,2026-01,LOCALIZADA_CON_VIDA,HOMBRE,13012,ATOTONILCO EL GRANDE,1,2026-08-09
13,HIDALGO,2026-01,LOCALIZADA_CON_VIDA,MUJER,13019,CHILCUAUTLA,1,2026-08-09
13,HIDALGO,2026-01,LOCALIZADA_CON_VIDA,HOMBRE,13021,EMILIANO ZAPATA,1,2026-08-09
13,HIDALGO,2026-01,LOCALIZADA_CON_VIDA,HOMBRE,13023,FRANCISCO I. MADERO,1,2026-08-09
13,HIDALGO,2026-01,LOCALIZADA_CON_VIDA,MUJER,13030,IXMIQUILPAN,1,2026-08-09
13,HIDALGO,2026-01,LOCALIZADA_CON_VIDA,HOMBRE,13037,METZTITLÁN,1,2026-08-09
13,HIDALGO,2026-01,LOCALIZADA_CON_VIDA,MUJER,13038,MINERAL DEL CHICO,1,2026-08-09
13,HIDALGO,2026-01,LOCALIZADA_CON_VIDA,HOMBRE,13047,PACULA,1,2026-08-09
13,HIDALGO,2026-01,LOCALIZADA_CON_VIDA,HOMBRE,13048,PACHUCA DE SOTO,9,2026-08-09
13,HIDALGO,2026-01,LOCALIZADA_CON_VIDA,MUJER,13048,PACHUCA DE SOTO,4,2026-08-09
13,HIDALGO,2026-01,LOCALIZADA_CON_VIDA,HOMBRE,13051,MINERAL DE LA REFORMA,6,2026-08-09
13,HIDALGO,2026-01,LOCALIZADA_CON_VIDA,MUJER,13051,MINERAL DE LA REFORMA,5,2026-08-09
13,HIDALGO,2026-01,LOCALIZADA_CON_VIDA,HOMBRE,13056,SANTIAGO TULANTEPEC DE LUGO GUERRERO,1,2026-08-09
13,HIDALGO,2026-01,LOCALIZADA_CON_VIDA,HOMBRE,13063,TEPEJI DEL RÍO DE OCAMPO,1,2026-08-09
13,HIDALGO,2026-01,LOCALIZADA_CON_VIDA,MUJER,13063,TEPEJI DEL RÍO DE OCAMPO,1,2026-08-09
13,HIDALGO,2026-01,LOCALIZADA_CON_VIDA,HOMBRE,13069,TIZAYUCA,1,2026-08-09
13,HIDALGO,2026-01,LOCALIZADA_CON_VIDA,MUJER,13069,TIZAYUCA,3,2026-08-09
13,HIDALGO,2026-01,LOCALIZADA_CON_VIDA,MUJER,13070,TLAHUELILPAN,1,2026-08-09
13,HIDALGO,2026-01,LOCALIZADA_CON_VIDA,MUJER,13076,TULA DE ALLENDE,2,2026-08-09
13,HIDALGO,2026-01,LOCALIZADA_CON_VIDA,MUJER,13077,TULANCINGO DE BRAVO,2,2026-08-09
13,HIDALGO,2026-01,LOCALIZADA_CON_VIDA,HOMBRE,13083,ZEMPOALA,1,2026-08-09
13,HIDALGO,2026-01,LOCALIZADA_CON_VIDA,MUJER,13083,ZEMPOALA,3,2026-08-09
13,HIDALGO,2026-01,LOCALIZADA_CON_VIDA,MUJER,13084,ZIMAPÁN,2,2026-08-09
13,HIDALGO,2026-01,LOCALIZADA_SIN_VIDA,MUJER,13076,TULA DE ALLENDE,1,2026-08-09
13,HIDALGO,2026-02,DESAPARECIDA_O_NO_LOCALIZADA,HOMBRE,13028,HUEJUTLA DE REYES,2,2026-08-09
13,HIDALGO,2026-02,DESAPARECIDA_O_NO_LOCALIZADA,MUJER,13029,HUICHAPAN,1,2026-08-09
13,HIDALGO,2026-02,DESAPARECIDA_O_NO_LOCALIZADA,HOMBRE,13030,IXMIQUILPAN,1,2026-08-09
13,HIDALGO,2026-02,DESAPARECIDA_O_NO_LOCALIZADA,HOMBRE,13037,METZTITLÁN,1,2026-08-09
13,HIDALGO,2026-02,DESAPARECIDA_O_NO_LOCALIZADA,HOMBRE,13048,PACHUCA DE SOTO,1,2026-08-09
13,HIDALGO,2026-02,DESAPARECIDA_O_NO_LOCALIZADA,MUJER,13048,PACHUCA DE SOTO,1,2026-08-09
13,HIDALGO,2026-02,DESAPARECIDA_O_NO_LOCALIZADA,MUJER,13051,MINERAL DE LA REFORMA,1,2026-08-09
13,HIDALGO,2026-02,DESAPARECIDA_O_NO_LOCALIZADA,HOMBRE,13070,TLAHUELILPAN,1,2026-08-09
13,HIDALGO,2026-02,DESAPARECIDA_O_NO_LOCALIZADA,HOMBRE,13076,TULA DE ALLENDE,2,2026-08-09
13,HIDALGO,2026-02,DESAPARECIDA_O_NO_LOCALIZADA,MUJER,13076,TULA DE ALLENDE,1,2026-08-09
13,HIDALGO,2026-02,DESAPARECIDA_O_NO_LOCALIZADA,HOMBRE,13077,TULANCINGO DE BRAVO,1,2026-08-09
13,HIDALGO,2026-02,DESAPARECIDA_O_NO_LOCALIZADA,HOMBRE,13080,YAHUALICA,1,2026-08-09
13,HIDALGO,2026-02,LOCALIZADA_CON_VIDA,HOMBRE,13003,ACTOPAN,1,2026-08-09
13,HIDALGO,2026-02,LOCALIZADA_CON_VIDA,MUJER,13003,ACTOPAN,1,2026-08-09
13,HIDALGO,2026-02,LOCALIZADA_CON_VIDA,HOMBRE,13007,ALMOLOYA,1,2026-08-09
13,HIDALGO,2026-02,LOCALIZADA_CON_VIDA,MUJER,13007,ALMOLOYA,1,2026-08-09
13,HIDALGO,2026-02,LOCALIZADA_CON_VIDA,MUJER,13008,APAN,1,2026-08-09
13,HIDALGO,2026-02,LOCALIZADA_CON_VIDA,HOMBRE,13013,ATOTONILCO DE TULA,1,2026-08-09
13,HIDALGO,2026-02,LOCALIZADA_CON_VIDA,HOMBRE,13016,CUAUTEPEC DE HINOJOSA,3,2026-08-09
13,HIDALGO,2026-02,LOCALIZADA_CON_VIDA,HOMBRE,13028,HUEJUTLA DE REYES,2,2026-08-09
13,HIDALGO,2026-02,LOCALIZADA_CON_VIDA,MUJER,13028,HUEJUTLA DE REYES,1,2026-08-09
13,HIDALGO,2026-02,LOCALIZADA_CON_VIDA,MUJER,13029,HUICHAPAN,1,2026-08-09
13,HIDALGO,2026-02,LOCALIZADA_CON_VIDA,HOMBRE,13030,IXMIQUILPAN,2,2026-08-09
13,HIDALGO,2026-02,LOCALIZADA_CON_VIDA,MUJER,13030,IXMIQUILPAN,1,2026-08-09
13,HIDALGO,2026-02,LOCALIZADA_CON_VIDA,HOMBRE,13048,PACHUCA DE SOTO,10,2026-08-09
13,HIDALGO,2026-02,LOCALIZADA_CON_VIDA,MUJER,13048,PACHUCA DE SOTO,7,2026-08-09
13,HIDALGO,2026-02,LOCALIZADA_CON_VIDA,HOMBRE,13051,MINERAL DE LA REFORMA,2,2026-08-09
13,HIDALGO,2026-02,LOCALIZADA_CON_VIDA,MUJER,13051,MINERAL DE LA REFORMA,1,2026-08-09
13,HIDALGO,2026-02,LOCALIZADA_CON_VIDA,HOMBRE,13052,SAN AGUSTÍN TLAXIACA,2,2026-08-09
13,HIDALGO,2026-02,LOCALIZADA_CON_VIDA,MUJER,13054,SAN SALVADOR,1,2026-08-09
13,HIDALGO,2026-02,LOCALIZADA_CON_VIDA,MUJER,13058,TASQUILLO,1,2026-08-09
13,HIDALGO,2026-02,LOCALIZADA_CON_VIDA,MUJER,13061,TEPEAPULCO,1,2026-08-09
13,HIDALGO,2026-02,LOCALIZADA_CON_VIDA,MUJER,13063,TEPEJI DEL RÍO DE OCAMPO,2,2026-08-09
13,HIDALGO,2026-02,LOCALIZADA_CON_VIDA,HOMBRE,13069,TIZAYUCA,2,2026-08-09
13,HIDALGO,2026-02,LOCALIZADA_CON_VIDA,MUJER,13069,TIZAYUCA,1,2026-08-09
13,HIDALGO,2026-02,LOCALIZADA_CON_VIDA,HOMBRE,13070,TLAHUELILPAN,1,2026-08-09
13,HIDALGO,2026-02,LOCALIZADA_CON_VIDA,MUJER,13070,TLAHUELILPAN,1,2026-08-09
13,HIDALGO,2026-02,LOCALIZADA_CON_VIDA,MUJER,13073,TLANCHINOL,2,2026-08-09
13,HIDALGO,2026-02,LOCALIZADA_CON_VIDA,MUJER,13075,TOLCAYUCA,1,2026-08-09
13,HIDALGO,2026-02,LOCALIZADA_CON_VIDA,HOMBRE,13076,TULA DE ALLENDE,1,2026-08-09
13,HIDALGO,2026-02,LOCALIZADA_CON_VIDA,MUJER,13076,TULA DE ALLENDE,1,2026-08-09
13,HIDALGO,2026-02,LOCALIZADA_CON_VIDA,HOMBRE,13077,TULANCINGO DE BRAVO,1,2026-08-09
13,HIDALGO,2026-02,LOCALIZADA_CON_VIDA,MUJER,13077,TULANCINGO DE BRAVO,3,2026-08-09
13,HIDALGO,2026-02,LOCALIZADA_SIN_VIDA,HOMBRE,13048,PACHUCA DE SOTO,1,2026-08-09
13,HIDALGO,2026-02,LOCALIZADA_SIN_VIDA,HOMBRE,13050,PROGRESO DE OBREGÓN,1,2026-08-09
13,HIDALGO,2026-02,LOCALIZADA_SIN_VIDA,HOMBRE,13063,TEPEJI DEL RÍO DE OCAMPO,1,2026-08-09
13,HIDALGO,2026-02,LOCALIZADA_SIN_VIDA,HOMBRE,13076,TULA DE ALLENDE,1,2026-08-09
13,HIDALGO,2026-03,DESAPARECIDA_O_NO_LOCALIZADA,MUJER,13028,HUEJUTLA DE REYES,2,2026-08-09
13,HIDALGO,2026-03,DESAPARECIDA_O_NO_LOCALIZADA,HOMBRE,13048,PACHUCA DE SOTO,1,2026-08-09
13,HIDALGO,2026-03,DESAPARECIDA_O_NO_LOCALIZADA,HOMBRE,13059,TECOZAUTLA,3,2026-08-09
13,HIDALGO,2026-03,DESAPARECIDA_O_NO_LOCALIZADA,HOMBRE,13067,TEZONTEPEC DE ALDAMA,1,2026-08-09
13,HIDALGO,2026-03,DESAPARECIDA_O_NO_LOCALIZADA,MUJER,13067,TEZONTEPEC DE ALDAMA,1,2026-08-09
13,HIDALGO,2026-03,DESAPARECIDA_O_NO_LOCALIZADA,HOMBRE,13069,TIZAYUCA,1,2026-08-09
13,HIDALGO,2026-03,DESAPARECIDA_O_NO_LOCALIZADA,HOMBRE,13070,TLAHUELILPAN,1,2026-08-09
13,HIDALGO,2026-03,DESAPARECIDA_O_NO_LOCALIZADA,HOMBRE,13075,TOLCAYUCA,1,2026-08-09
13,HIDALGO,2026-03,DESAPARECIDA_O_NO_LOCALIZADA,MUJER,13076,TULA DE ALLENDE,2,2026-08-09
13,HIDALGO,2026-03,DESAPARECIDA_O_NO_LOCALIZADA,HOMBRE,13077,TULANCINGO DE BRAVO,3,2026-08-09
13,HIDALGO,2026-03,DESAPARECIDA_O_NO_LOCALIZADA,HOMBRE,13083,ZEMPOALA,1,2026-08-09
13,HIDALGO,2026-03,LOCALIZADA_CON_VIDA,MUJER,13001,ACATLÁN,1,2026-08-09
13,HIDALGO,2026-03,LOCALIZADA_CON_VIDA,MUJER,13007,ALMOLOYA,1,2026-08-09
13,HIDALGO,2026-03,LOCALIZADA_CON_VIDA,HOMBRE,13013,ATOTONILCO DE TULA,2,2026-08-09
13,HIDALGO,2026-03,LOCALIZADA_CON_VIDA,MUJER,13013,ATOTONILCO DE TULA,1,2026-08-09
13,HIDALGO,2026-03,LOCALIZADA_CON_VIDA,HOMBRE,13016,CUAUTEPEC DE HINOJOSA,1,2026-08-09
13,HIDALGO,2026-03,LOCALIZADA_CON_VIDA,MUJER,13016,CUAUTEPEC DE HINOJOSA,1,2026-08-09
13,HIDALGO,2026-03,LOCALIZADA_CON_VIDA,MUJER,13019,CHILCUAUTLA,2,2026-08-09
13,HIDALGO,2026-03,LOCALIZADA_CON_VIDA,MUJER,13028,HUEJUTLA DE REYES,1,2026-08-09
13,HIDALGO,2026-03,LOCALIZADA_CON_VIDA,HOMBRE,13030,IXMIQUILPAN,2,2026-08-09
13,HIDALGO,2026-03,LOCALIZADA_CON_VIDA,HOMBRE,13048,PACHUCA DE SOTO,9,2026-08-09
13,HIDALGO,2026-03,LOCALIZADA_CON_VIDA,MUJER,13048,PACHUCA DE SOTO,8,2026-08-09
13,HIDALGO,2026-03,LOCALIZADA_CON_VIDA,HOMBRE,13051,MINERAL DE LA REFORMA,5,2026-08-09
13,HIDALGO,2026-03,LOCALIZADA_CON_VIDA,MUJER,13051,MINERAL DE LA REFORMA,6,2026-08-09
13,HIDALGO,2026-03,LOCALIZADA_CON_VIDA,HOMBRE,13052,SAN AGUSTÍN TLAXIACA,3,2026-08-09
13,HIDALGO,2026-03,LOCALIZADA_CON_VIDA,MUJER,13052,SAN AGUSTÍN TLAXIACA,1,2026-08-09
13,HIDALGO,2026-03,LOCALIZADA_CON_VIDA,HOMBRE,13055,SANTIAGO DE ANAYA,1,2026-08-09
13,HIDALGO,2026-03,LOCALIZADA_CON_VIDA,MUJER,13058,TASQUILLO,1,2026-08-09
13,HIDALGO,2026-03,LOCALIZADA_CON_VIDA,HOMBRE,13061,TEPEAPULCO,1,2026-08-09
13,HIDALGO,2026-03,LOCALIZADA_CON_VIDA,MUJER,13062,TEPEHUACÁN DE GUERRERO,1,2026-08-09
13,HIDALGO,2026-03,LOCALIZADA_CON_VIDA,MUJER,13063,TEPEJI DEL RÍO DE OCAMPO,1,2026-08-09
13,HIDALGO,2026-03,LOCALIZADA_CON_VIDA,MUJER,13064,TEPETITLÁN,1,2026-08-09
13,HIDALGO,2026-03,LOCALIZADA_CON_VIDA,HOMBRE,13069,TIZAYUCA,3,2026-08-09
13,HIDALGO,2026-03,LOCALIZADA_CON_VIDA,MUJER,13069,TIZAYUCA,3,2026-08-09
13,HIDALGO,2026-03,LOCALIZADA_CON_VIDA,MUJER,13074,TLAXCOAPAN,1,2026-08-09
13,HIDALGO,2026-03,LOCALIZADA_CON_VIDA,MUJER,13075,TOLCAYUCA,1,2026-08-09
13,HIDALGO,2026-03,LOCALIZADA_CON_VIDA,HOMBRE,13076,TULA DE ALLENDE,1,2026-08-09
13,HIDALGO,2026-03,LOCALIZADA_CON_VIDA,MUJER,13076,TULA DE ALLENDE,1,2026-08-09
13,HIDALGO,2026-03,LOCALIZADA_CON_VIDA,HOMBRE,13077,TULANCINGO DE BRAVO,3,2026-08-09
13,HIDALGO,2026-03,LOCALIZADA_CON_VIDA,HOMBRE,13081,ZACUALTIPÁN DE ÁNGELES,1,2026-08-09
13,HIDALGO,2026-03,LOCALIZADA_CON_VIDA,HOMBRE,13082,ZAPOTLÁN DE JUÁREZ,1,2026-08-09
13,HIDALGO,2026-03,LOCALIZADA_CON_VIDA,HOMBRE,13083,ZEMPOALA,1,2026-08-09
13,HIDALGO,2026-03,LOCALIZADA_CON_VIDA,MUJER,13083,ZEMPOALA,1,2026-08-09
13,HIDALGO,2026-03,LOCALIZADA_SIN_VIDA,HOMBRE,13029,HUICHAPAN,1,2026-08-09
13,HIDALGO,2026-03,LOCALIZADA_SIN_VIDA,HOMBRE,13050,PROGRESO DE OBREGÓN,1,2026-08-09
13,HIDALGO,2026-03,LOCALIZADA_SIN_VIDA,HOMBRE,13067,TEZONTEPEC DE ALDAMA,1,2026-08-09
13,HIDALGO,2026-03,LOCALIZADA_SIN_VIDA,HOMBRE,13069,TIZAYUCA,2,2026-08-09
13,HIDALGO,2026-03,LOCALIZADA_SIN_VIDA,HOMBRE,13083,ZEMPOALA,1,2026-08-09
13,HIDALGO,2026-04,DESAPARECIDA_O_NO_LOCALIZADA,MUJER,13014,CALNALI,1,2026-08-09
13,HIDALGO,2026-04,DESAPARECIDA_O_NO_LOCALIZADA,HOMBRE,13028,HUEJUTLA DE REYES,1,2026-08-09
13,HIDALGO,2026-04,DESAPARECIDA_O_NO_LOCALIZADA,MUJER,13046,SAN FELIPE ORIZATLÁN,1,2026-08-09
13,HIDALGO,2026-04,DESAPARECIDA_O_NO_LOCALIZADA,HOMBRE,13061,TEPEAPULCO,1,2026-08-09
13,HIDALGO,2026-04,DESAPARECIDA_O_NO_LOCALIZADA,HOMBRE,13063,TEPEJI DEL RÍO DE OCAMPO,1,2026-08-09
13,HIDALGO,2026-04,DESAPARECIDA_O_NO_LOCALIZADA,HOMBRE,13069,TIZAYUCA,1,2026-08-09
13,HIDALGO,2026-04,DESAPARECIDA_O_NO_LOCALIZADA,HOMBRE,13081,ZACUALTIPÁN DE ÁNGELES,1,2026-08-09
13,HIDALGO,2026-04,DESAPARECIDA_O_NO_LOCALIZADA,HOMBRE,13083,ZEMPOALA,1,2026-08-09
13,HIDALGO,2026-04,LOCALIZADA_CON_VIDA,MUJER,13003,ACTOPAN,1,2026-08-09
13,HIDALGO,2026-04,LOCALIZADA_CON_VIDA,MUJER,13008,APAN,1,2026-08-09
13,HIDALGO,2026-04,LOCALIZADA_CON_VIDA,MUJER,13012,ATOTONILCO EL GRANDE,1,2026-08-09
13,HIDALGO,2026-04,LOCALIZADA_CON_VIDA,HOMBRE,13013,ATOTONILCO DE TULA,1,2026-08-09
13,HIDALGO,2026-04,LOCALIZADA_CON_VIDA,MUJER,13021,EMILIANO ZAPATA,1,2026-08-09
13,HIDALGO,2026-04,LOCALIZADA_CON_VIDA,MUJER,13029,HUICHAPAN,1,2026-08-09
13,HIDALGO,2026-04,LOCALIZADA_CON_VIDA,MUJER,13030,IXMIQUILPAN,1,2026-08-09
13,HIDALGO,2026-04,LOCALIZADA_CON_VIDA,MUJER,13041,MIXQUIAHUALA DE JUÁREZ,3,2026-08-09
13,HIDALGO,2026-04,LOCALIZADA_CON_VIDA,HOMBRE,13044,NOPALA DE VILLAGRÁN,1,2026-08-09
13,HIDALGO,2026-04,LOCALIZADA_CON_VIDA,HOMBRE,13048,PACHUCA DE SOTO,10,2026-08-09
13,HIDALGO,2026-04,LOCALIZADA_CON_VIDA,MUJER,13048,PACHUCA DE SOTO,6,2026-08-09
13,HIDALGO,2026-04,LOCALIZADA_CON_VIDA,HOMBRE,13050,PROGRESO DE OBREGÓN,1,2026-08-09
13,HIDALGO,2026-04,LOCALIZADA_CON_VIDA,HOMBRE,13051,MINERAL DE LA REFORMA,7,2026-08-09
13,HIDALGO,2026-04,LOCALIZADA_CON_VIDA,MUJER,13051,MINERAL DE LA REFORMA,6,2026-08-09
13,HIDALGO,2026-04,LOCALIZADA_CON_VIDA,HOMBRE,13052,SAN AGUSTÍN TLAXIACA,1,2026-08-09
13,HIDALGO,2026-04,LOCALIZADA_CON_VIDA,HOMBRE,13054,SAN SALVADOR,1,2026-08-09
13,HIDALGO,2026-04,LOCALIZADA_CON_VIDA,MUJER,13059,TECOZAUTLA,1,2026-08-09
13,HIDALGO,2026-04,LOCALIZADA_CON_VIDA,HOMBRE,13063,TEPEJI DEL RÍO DE OCAMPO,1,2026-08-09
13,HIDALGO,2026-04,LOCALIZADA_CON_VIDA,HOMBRE,13069,TIZAYUCA,5,2026-08-09
13,HIDALGO,2026-04,LOCALIZADA_CON_VIDA,MUJER,13069,TIZAYUCA,2,2026-08-09
13,HIDALGO,2026-04,LOCALIZADA_CON_VIDA,HOMBRE,13070,TLAHUELILPAN,1,2026-08-09
13,HIDALGO,2026-04,LOCALIZADA_CON_VIDA,MUJER,13073,TLANCHINOL,1,2026-08-09
13,HIDALGO,2026-04,LOCALIZADA_CON_VIDA,MUJER,13075,TOLCAYUCA,1,2026-08-09
13,HIDALGO,2026-04,LOCALIZADA_CON_VIDA,HOMBRE,13076,TULA DE ALLENDE,1,2026-08-09
13,HIDALGO,2026-04,LOCALIZADA_CON_VIDA,MUJER,13076,TULA DE ALLENDE,1,2026-08-09
13,HIDALGO,2026-04,LOCALIZADA_CON_VIDA,HOMBRE,13077,TULANCINGO DE BRAVO,8,2026-08-09
13,HIDALGO,2026-04,LOCALIZADA_CON_VIDA,MUJER,13077,TULANCINGO DE BRAVO,2,2026-08-09
13,HIDALGO,2026-04,LOCALIZADA_CON_VIDA,HOMBRE,13082,ZAPOTLÁN DE JUÁREZ,2,2026-08-09
13,HIDALGO,2026-04,LOCALIZADA_CON_VIDA,HOMBRE,13083,ZEMPOALA,1,2026-08-09
13,HIDALGO,2026-04,LOCALIZADA_CON_VIDA,MUJER,13083,ZEMPOALA,1,2026-08-09
13,HIDALGO,2026-04,LOCALIZADA_CON_VIDA,MUJER,13084,ZIMAPÁN,1,2026-08-09
13,HIDALGO,2026-04,LOCALIZADA_SIN_VIDA,MUJER,13023,FRANCISCO I. MADERO,1,2026-08-09
13,HIDALGO,2026-04,LOCALIZADA_SIN_VIDA,HOMBRE,13041,MIXQUIAHUALA DE JUÁREZ,1,2026-08-09
13,HIDALGO,2026-04,LOCALIZADA_SIN_VIDA,HOMBRE,13075,TOLCAYUCA,1,2026-08-09
13,HIDALGO,2026-05,DESAPARECIDA_O_NO_LOCALIZADA,HOMBRE,13013,ATOTONILCO DE TULA,2,2026-08-09
13,HIDALGO,2026-05,DESAPARECIDA_O_NO_LOCALIZADA,HOMBRE,13041,MIXQUIAHUALA DE JUÁREZ,2,2026-08-09
13,HIDALGO,2026-05,DESAPARECIDA_O_NO_LOCALIZADA,HOMBRE,13050,PROGRESO DE OBREGÓN,1,2026-08-09
13,HIDALGO,2026-05,DESAPARECIDA_O_NO_LOCALIZADA,HOMBRE,13054,SAN SALVADOR,2,2026-08-09
13,HIDALGO,2026-05,DESAPARECIDA_O_NO_LOCALIZADA,HOMBRE,13063,TEPEJI DEL RÍO DE OCAMPO,2,2026-08-09
13,HIDALGO,2026-05,DESAPARECIDA_O_NO_LOCALIZADA,HOMBRE,13077,TULANCINGO DE BRAVO,1,2026-08-09
13,HIDALGO,2026-05,DESAPARECIDA_O_NO_LOCALIZADA,HOMBRE,13083,ZEMPOALA,1,2026-08-09
13,HIDALGO,2026-05,LOCALIZADA_CON_VIDA,HOMBRE,13002,ACAXOCHITLÁN,1,2026-08-09
13,HIDALGO,2026-05,LOCALIZADA_CON_VIDA,MUJER,13008,APAN,4,2026-08-09
13,HIDALGO,2026-05,LOCALIZADA_CON_VIDA,HOMBRE,13010,ATITALAQUIA,1,2026-08-09
13,HIDALGO,2026-05,LOCALIZADA_CON_VIDA,MUJER,13010,ATITALAQUIA,1,2026-08-09
13,HIDALGO,2026-05,LOCALIZADA_CON_VIDA,MUJER,13013,ATOTONILCO DE TULA,2,2026-08-09
13,HIDALGO,2026-05,LOCALIZADA_CON_VIDA,HOMBRE,13016,CUAUTEPEC DE HINOJOSA,1,2026-08-09
13,HIDALGO,2026-05,LOCALIZADA_CON_VIDA,MUJER,13021,EMILIANO ZAPATA,1,2026-08-09
13,HIDALGO,2026-05,LOCALIZADA_CON_VIDA,HOMBRE,13022,EPAZOYUCAN,1,2026-08-09
13,HIDALGO,2026-05,LOCALIZADA_CON_VIDA,MUJER,13030,IXMIQUILPAN,4,2026-08-09
13,HIDALGO,2026-05,LOCALIZADA_CON_VIDA,HOMBRE,13041,MIXQUIAHUALA DE JUÁREZ,1,2026-08-09
13,HIDALGO,2026-05,LOCALIZADA_CON_VIDA,MUJER,13041,MIXQUIAHUALA DE JUÁREZ,1,2026-08-09
13,HIDALGO,2026-05,LOCALIZADA_CON_VIDA,HOMBRE,13048,PACHUCA DE SOTO,9,2026-08-09
13,HIDALGO,2026-05,LOCALIZADA_CON_VIDA,MUJER,13048,PACHUCA DE SOTO,5,2026-08-09
13,HIDALGO,2026-05,LOCALIZADA_CON_VIDA,HOMBRE,13051,MINERAL DE LA REFORMA,4,2026-08-09
13,HIDALGO,2026-05,LOCALIZADA_CON_VIDA,MUJER,13051,MINERAL DE LA REFORMA,4,2026-08-09
13,HIDALGO,2026-05,LOCALIZADA_CON_VIDA,HOMBRE,13052,SAN AGUSTÍN TLAXIACA,1,2026-08-09
13,HIDALGO,2026-05,LOCALIZADA_CON_VIDA,MUJER,13052,SAN AGUSTÍN TLAXIACA,1,2026-08-09
13,HIDALGO,2026-05,LOCALIZADA_CON_VIDA,HOMBRE,13054,SAN SALVADOR,2,2026-08-09
13,HIDALGO,2026-05,LOCALIZADA_CON_VIDA,MUJER,13054,SAN SALVADOR,1,2026-08-09
13,HIDALGO,2026-05,LOCALIZADA_CON_VIDA,MUJER,13056,SANTIAGO TULANTEPEC DE LUGO GUERRERO,1,2026-08-09
13,HIDALGO,2026-05,LOCALIZADA_CON_VIDA,MUJER,13059,TECOZAUTLA,1,2026-08-09
13,HIDALGO,2026-05,LOCALIZADA_CON_VIDA,HOMBRE,13061,TEPEAPULCO,1,2026-08-09
13,HIDALGO,2026-05,LOCALIZADA_CON_VIDA,HOMBRE,13063,TEPEJI DEL RÍO DE OCAMPO,2,2026-08-09
13,HIDALGO,2026-05,LOCALIZADA_CON_VIDA,HOMBRE,13069,TIZAYUCA,3,2026-08-09
13,HIDALGO,2026-05,LOCALIZADA_CON_VIDA,MUJER,13069,TIZAYUCA,3,2026-08-09
13,HIDALGO,2026-05,LOCALIZADA_CON_VIDA,HOMBRE,13072,TLANALAPA,1,2026-08-09
13,HIDALGO,2026-05,LOCALIZADA_CON_VIDA,HOMBRE,13075,TOLCAYUCA,1,2026-08-09
13,HIDALGO,2026-05,LOCALIZADA_CON_VIDA,HOMBRE,13076,TULA DE ALLENDE,1,2026-08-09
13,HIDALGO,2026-05,LOCALIZADA_CON_VIDA,MUJER,13076,TULA DE ALLENDE,2,2026-08-09
13,HIDALGO,2026-05,LOCALIZADA_CON_VIDA,HOMBRE,13077,TULANCINGO DE BRAVO,1,2026-08-09
13,HIDALGO,2026-05,LOCALIZADA_CON_VIDA,MUJER,13077,TULANCINGO DE BRAVO,2,2026-08-09
13,HIDALGO,2026-05,LOCALIZADA_CON_VIDA,HOMBRE,13081,ZACUALTIPÁN DE ÁNGELES,1,2026-08-09
13,HIDALGO,2026-05,LOCALIZADA_CON_VIDA,MUJER,13083,ZEMPOALA,2,2026-08-09
13,HIDALGO,2026-05,LOCALIZADA_SIN_VIDA,HOMBRE,13003,ACTOPAN,1,2026-08-09
13,HIDALGO,2026-05,LOCALIZADA_SIN_VIDA,MUJER,13003,ACTOPAN,1,2026-08-09
13,HIDALGO,2026-05,LOCALIZADA_SIN_VIDA,HOMBRE,13022,EPAZOYUCAN,1,2026-08-09
13,HIDALGO,2026-06,DESAPARECIDA_O_NO_LOCALIZADA,HOMBRE,13002,ACAXOCHITLÁN,2,2026-08-09
13,HIDALGO,2026-06,DESAPARECIDA_O_NO_LOCALIZADA,HOMBRE,13023,FRANCISCO I. MADERO,1,2026-08-09
13,HIDALGO,2026-06,DESAPARECIDA_O_NO_LOCALIZADA,MUJER,13023,FRANCISCO I. MADERO,1,2026-08-09
13,HIDALGO,2026-06,DESAPARECIDA_O_NO_LOCALIZADA,HOMBRE,13035,METEPEC,1,2026-08-09
13,HIDALGO,2026-06,DESAPARECIDA_O_NO_LOCALIZADA,HOMBRE,13041,MIXQUIAHUALA DE JUÁREZ,1,2026-08-09
13,HIDALGO,2026-06,DESAPARECIDA_O_NO_LOCALIZADA,HOMBRE,13048,PACHUCA DE SOTO,1,2026-08-09
13,HIDALGO,2026-06,DESAPARECIDA_O_NO_LOCALIZADA,MUJER,13048,PACHUCA DE SOTO,3,2026-08-09
13,HIDALGO,2026-06,DESAPARECIDA_O_NO_LOCALIZADA,HOMBRE,13062,TEPEHUACÁN DE GUERRERO,1,2026-08-09
13,HIDALGO,2026-06,DESAPARECIDA_O_NO_LOCALIZADA,MUJER,13069,TIZAYUCA,1,2026-08-09
13,HIDALGO,2026-06,DESAPARECIDA_O_NO_LOCALIZADA,HOMBRE,13070,TLAHUELILPAN,1,2026-08-09
13,HIDALGO,2026-06,DESAPARECIDA_O_NO_LOCALIZADA,HOMBRE,13077,TULANCINGO DE BRAVO,2,2026-08-09
13,HIDALGO,2026-06,DESAPARECIDA_O_NO_LOCALIZADA,HOMBRE,13081,ZACUALTIPÁN DE ÁNGELES,1,2026-08-09
13,HIDALGO,2026-06,LOCALIZADA_CON_VIDA,HOMBRE,13003,ACTOPAN,1,2026-08-09
13,HIDALGO,2026-06,LOCALIZADA_CON_VIDA,MUJER,13003,ACTOPAN,1,2026-08-09
13,HIDALGO,2026-06,LOCALIZADA_CON_VIDA,HOMBRE,13008,APAN,1,2026-08-09
13,HIDALGO,2026-06,LOCALIZADA_CON_VIDA,HOMBRE,13011,ATLAPEXCO,2,2026-08-09
13,HIDALGO,2026-06,LOCALIZADA_CON_VIDA,HOMBRE,13013,ATOTONILCO DE TULA,2,2026-08-09
13,HIDALGO,2026-06,LOCALIZADA_CON_VIDA,MUJER,13013,ATOTONILCO DE TULA,1,2026-08-09
13,HIDALGO,2026-06,LOCALIZADA_CON_VIDA,MUJER,13015,CARDONAL,1,2026-08-09
13,HIDALGO,2026-06,LOCALIZADA_CON_VIDA,MUJER,13022,EPAZOYUCAN,1,2026-08-09
13,HIDALGO,2026-06,LOCALIZADA_CON_VIDA,HOMBRE,13023,FRANCISCO I. MADERO,1,2026-08-09
13,HIDALGO,2026-06,LOCALIZADA_CON_VIDA,MUJER,13030,IXMIQUILPAN,1,2026-08-09
13,HIDALGO,2026-06,LOCALIZADA_CON_VIDA,MUJER,13031,JACALA DE LEDEZMA,1,2026-08-09
13,HIDALGO,2026-06,LOCALIZADA_CON_VIDA,MUJER,13037,METZTITLÁN,2,2026-08-09
13,HIDALGO,2026-06,LOCALIZADA_CON_VIDA,HOMBRE,13041,MIXQUIAHUALA DE JUÁREZ,1,2026-08-09
13,HIDALGO,2026-06,LOCALIZADA_CON_VIDA,MUJER,13041,MIXQUIAHUALA DE JUÁREZ,1,2026-08-09
13,HIDALGO,2026-06,LOCALIZADA_CON_VIDA,MUJER,13046,SAN FELIPE ORIZATLÁN,1,2026-08-09
13,HIDALGO,2026-06,LOCALIZADA_CON_VIDA,HOMBRE,13048,PACHUCA DE SOTO,2,2026-08-09
13,HIDALGO,2026-06,LOCALIZADA_CON_VIDA,MUJER,13048,PACHUCA DE SOTO,6,2026-08-09
13,HIDALGO,2026-06,LOCALIZADA_CON_VIDA,HOMBRE,13051,MINERAL DE LA REFORMA,3,2026-08-09
13,HIDALGO,2026-06,LOCALIZADA_CON_VIDA,MUJER,13051,MINERAL DE LA REFORMA,4,2026-08-09
13,HIDALGO,2026-06,LOCALIZADA_CON_VIDA,HOMBRE,13052,SAN AGUSTÍN TLAXIACA,1,2026-08-09
13,HIDALGO,2026-06,LOCALIZADA_CON_VIDA,MUJER,13056,SANTIAGO TULANTEPEC DE LUGO GUERRERO,1,2026-08-09
13,HIDALGO,2026-06,LOCALIZADA_CON_VIDA,MUJER,13061,TEPEAPULCO,2,2026-08-09
13,HIDALGO,2026-06,LOCALIZADA_CON_VIDA,MUJER,13063,TEPEJI DEL RÍO DE OCAMPO,1,2026-08-09
13,HIDALGO,2026-06,LOCALIZADA_CON_VIDA,MUJER,13068,TIANGUISTENGO,1,2026-08-09
13,HIDALGO,2026-06,LOCALIZADA_CON_VIDA,HOMBRE,13069,TIZAYUCA,2,2026-08-09
13,HIDALGO,2026-06,LOCALIZADA_CON_VIDA,MUJER,13069,TIZAYUCA,5,2026-08-09
13,HIDALGO,2026-06,LOCALIZADA_CON_VIDA,HOMBRE,13076,TULA DE ALLENDE,3,2026-08-09
13,HIDALGO,2026-06,LOCALIZADA_CON_VIDA,MUJER,13076,TULA DE ALLENDE,6,2026-08-09
13,HIDALGO,2026-06,LOCALIZADA_CON_VIDA,HOMBRE,13077,TULANCINGO DE BRAVO,3,2026-08-09
13,HIDALGO,2026-06,LOCALIZADA_CON_VIDA,MUJER,13077,TULANCINGO DE BRAVO,4,2026-08-09
13,HIDALGO,2026-07,DESAPARECIDA_O_NO_LOCALIZADA,HOMBRE,13005,AJACUBA,1,2026-08-09
13,HIDALGO,2026-07,DESAPARECIDA_O_NO_LOCALIZADA,HOMBRE,13008,APAN,1,2026-08-09
13,HIDALGO,2026-07,DESAPARECIDA_O_NO_LOCALIZADA,MUJER,13008,APAN,1,2026-08-09
13,HIDALGO,2026-07,DESAPARECIDA_O_NO_LOCALIZADA,MUJER,13028,HUEJUTLA DE REYES,1,2026-08-09
13,HIDALGO,2026-07,DESAPARECIDA_O_NO_LOCALIZADA,HOMBRE,13048,PACHUCA DE SOTO,3,2026-08-09
13,HIDALGO,2026-07,DESAPARECIDA_O_NO_LOCALIZADA,MUJER,13048,PACHUCA DE SOTO,2,2026-08-09
13,HIDALGO,2026-07,DESAPARECIDA_O_NO_LOCALIZADA,MUJER,13051,MINERAL DE LA REFORMA,1,2026-08-09
13,HIDALGO,2026-07,DESAPARECIDA_O_NO_LOCALIZADA,HOMBRE,13056,SANTIAGO TULANTEPEC DE LUGO GUERRERO,1,2026-08-09
13,HIDALGO,2026-07,DESAPARECIDA_O_NO_LOCALIZADA,MUJER,13056,SANTIAGO TULANTEPEC DE LUGO GUERRERO,1,2026-08-09
13,HIDALGO,2026-07,DESAPARECIDA_O_NO_LOCALIZADA,MUJER,13061,TEPEAPULCO,2,2026-08-09
13,HIDALGO,2026-07,DESAPARECIDA_O_NO_LOCALIZADA,HOMBRE,13069,TIZAYUCA,2,2026-08-09
13,HIDALGO,2026-07,DESAPARECIDA_O_NO_LOCALIZADA,MUJER,13069,TIZAYUCA,1,2026-08-09
13,HIDALGO,2026-07,DESAPARECIDA_O_NO_LOCALIZADA,HOMBRE,13076,TULA DE ALLENDE,2,2026-08-09
13,HIDALGO,2026-07,DESAPARECIDA_O_NO_LOCALIZADA,HOMBRE,13077,TULANCINGO DE BRAVO,1,2026-08-09
13,HIDALGO,2026-07,DESAPARECIDA_O_NO_LOCALIZADA,MUJER,13077,TULANCINGO DE BRAVO,1,2026-08-09
13,HIDALGO,2026-07,LOCALIZADA_CON_VIDA,HOMBRE,13003,ACTOPAN,1,2026-08-09
13,HIDALGO,2026-07,LOCALIZADA_CON_VIDA,MUJER,13003,ACTOPAN,1,2026-08-09
13,HIDALGO,2026-07,LOCALIZADA_CON_VIDA,MUJER,13005,AJACUBA,1,2026-08-09
13,HIDALGO,2026-07,LOCALIZADA_CON_VIDA,HOMBRE,13010,ATITALAQUIA,1,2026-08-09
13,HIDALGO,2026-07,LOCALIZADA_CON_VIDA,MUJER,13013,ATOTONILCO DE TULA,2,2026-08-09
13,HIDALGO,2026-07,LOCALIZADA_CON_VIDA,HOMBRE,13016,CUAUTEPEC DE HINOJOSA,1,2026-08-09
13,HIDALGO,2026-07,LOCALIZADA_CON_VIDA,HOMBRE,13017,CHAPANTONGO,1,2026-08-09
13,HIDALGO,2026-07,LOCALIZADA_CON_VIDA,MUJER,13022,EPAZOYUCAN,3,2026-08-09
13,HIDALGO,2026-07,LOCALIZADA_CON_VIDA,MUJER,13028,HUEJUTLA DE REYES,1,2026-08-09
13,HIDALGO,2026-07,LOCALIZADA_CON_VIDA,HOMBRE,13030,IXMIQUILPAN,1,2026-08-09
13,HIDALGO,2026-07,LOCALIZADA_CON_VIDA,MUJER,13038,MINERAL DEL CHICO,1,2026-08-09
13,HIDALGO,2026-07,LOCALIZADA_CON_VIDA,HOMBRE,13039,MINERAL DEL MONTE,1,2026-08-09
13,HIDALGO,2026-07,LOCALIZADA_CON_VIDA,HOMBRE,13048,PACHUCA DE SOTO,4,2026-08-09
13,HIDALGO,2026-07,LOCALIZADA_CON_VIDA,MUJER,13048,PACHUCA DE SOTO,2,2026-08-09
13,HIDALGO,2026-07,LOCALIZADA_CON_VIDA,HOMBRE,13051,MINERAL DE LA REFORMA,3,2026-08-09
13,HIDALGO,2026-07,LOCALIZADA_CON_VIDA,MUJER,13051,MINERAL DE LA REFORMA,6,2026-08-09
13,HIDALGO,2026-07,LOCALIZADA_CON_VIDA,HOMBRE,13053,SAN BARTOLO TUTOTEPEC,1,2026-08-09
13,HIDALGO,2026-07,LOCALIZADA_CON_VIDA,MUJER,13056,SANTIAGO TULANTEPEC DE LUGO GUERRERO,1,2026-08-09
13,HIDALGO,2026-07,LOCALIZADA_CON_VIDA,HOMBRE,13061,TEPEAPULCO,1,2026-08-09
13,HIDALGO,2026-07,LOCALIZADA_CON_VIDA,HOMBRE,13062,TEPEHUACÁN DE GUERRERO,1,2026-08-09
13,HIDALGO,2026-07,LOCALIZADA_CON_VIDA,HOMBRE,13069,TIZAYUCA,4,2026-08-09
13,HIDALGO,2026-07,LOCALIZADA_CON_VIDA,MUJER,13069,TIZAYUCA,1,2026-08-09
13,HIDALGO,2026-07,LOCALIZADA_CON_VIDA,MUJER,13076,TULA DE ALLENDE,1,2026-08-09
13,HIDALGO,2026-07,LOCALIZADA_CON_VIDA,HOMBRE,13077,TULANCINGO DE BRAVO,3,2026-08-09
13,HIDALGO,2026-07,LOCALIZADA_CON_VIDA,MUJER,13077,TULANCINGO DE BRAVO,4,2026-08-09
13,HIDALGO,2026-07,LOCALIZADA_CON_VIDA,HOMBRE,13083,ZEMPOALA,1,2026-08-09
13,HIDALGO,2026-07,LOCALIZADA_SIN_VIDA,HOMBRE,13011,ATLAPEXCO,1,2026-08-09
13,HIDALGO,2026-07,LOCALIZADA_SIN_VIDA,HOMBRE,13051,MINERAL DE LA REFORMA,1,2026-08-09
13,HIDALGO,2026-07,LOCALIZADA_SIN_VIDA,HOMBRE,13069,TIZAYUCA,1,2026-08-09
13,HIDALGO,SIN_FECHA,DESAPARECIDA_O_NO_LOCALIZADA,,,,91,2026-08-09
13,HIDALGO,SIN_FECHA,LOCALIZADA_CON_VIDA,,,,110,2026-08-09
13,HIDALGO,SIN_FECHA,LOCALIZADA_SIN_VIDA,,,,8,2026-08-09
14,JALISCO,2026-01,DESAPARECIDA_O_NO_LOCALIZADA,HOMBRE,14002,ACATLÁN DE JUÁREZ,1,2026-08-09
14,JALISCO,2026-01,DESAPARECIDA_O_NO_LOCALIZADA,HOMBRE,14008,ARANDAS,1,2026-08-09
14,JALISCO,2026-01,DESAPARECIDA_O_NO_LOCALIZADA,HOMBRE,14013,ATOTONILCO EL ALTO,1,2026-08-09
14,JALISCO,2026-01,DESAPARECIDA_O_NO_LOCALIZADA,HOMBRE,14020,CABO CORRIENTES,1,2026-08-09
14,JALISCO,2026-01,DESAPARECIDA_O_NO_LOCALIZADA,HOMBRE,14039,GUADALAJARA,5,2026-08-09
14,JALISCO,2026-01,DESAPARECIDA_O_NO_LOCALIZADA,HOMBRE,14043,LA HUERTA,1,2026-08-09
14,JALISCO,2026-01,DESAPARECIDA_O_NO_LOCALIZADA,HOMBRE,14053,LAGOS DE MORENO,1,2026-08-09
14,JALISCO,2026-01,DESAPARECIDA_O_NO_LOCALIZADA,HOMBRE,14064,OJUELOS DE JALISCO,1,2026-08-09
14,JALISCO,2026-01,DESAPARECIDA_O_NO_LOCALIZADA,HOMBRE,14067,PUERTO VALLARTA,2,2026-08-09
14,JALISCO,2026-01,DESAPARECIDA_O_NO_LOCALIZADA,MUJER,14067,PUERTO VALLARTA,1,2026-08-09
14,JALISCO,2026-01,DESAPARECIDA_O_NO_LOCALIZADA,HOMBRE,14070,EL SALTO,2,2026-08-09
14,JALISCO,2026-01,DESAPARECIDA_O_NO_LOCALIZADA,HOMBRE,14084,TALPA DE ALLENDE,1,2026-08-09
14,JALISCO,2026-01,DESAPARECIDA_O_NO_LOCALIZADA,HOMBRE,14098,TLAQUEPAQUE,1,2026-08-09
14,JALISCO,2026-01,DESAPARECIDA_O_NO_LOCALIZADA,HOMBRE,14101,TONALÁ,3,2026-08-09
14,JALISCO,2026-01,DESAPARECIDA_O_NO_LOCALIZADA,HOMBRE,14107,TUXCUECA,1,2026-08-09
14,JALISCO,2026-01,DESAPARECIDA_O_NO_LOCALIZADA,HOMBRE,14120,ZAPOPAN,4,2026-08-09
14,JALISCO,2026-01,LOCALIZADA_CON_VIDA,HOMBRE,14067,PUERTO VALLARTA,1,2026-08-09
14,JALISCO,2026-01,LOCALIZADA_CON_VIDA,HOMBRE,14097,TLAJOMULCO DE ZÚÑIGA,1,2026-08-09
14,JALISCO,2026-01,LOCALIZADA_CON_VIDA,HOMBRE,14098,TLAQUEPAQUE,1,2026-08-09
14,JALISCO,2026-01,LOCALIZADA_CON_VIDA,HOMBRE,14101,TONALÁ,2,2026-08-09
14,JALISCO,2026-01,LOCALIZADA_CON_VIDA,HOMBRE,14120,ZAPOPAN,1,2026-08-09
14,JALISCO,2026-01,LOCALIZADA_CON_VIDA,MUJER,14120,ZAPOPAN,1,2026-08-09
14,JALISCO,2026-01,LOCALIZADA_CON_VIDA,HOMBRE,14124,ZAPOTLANEJO,1,2026-08-09
14,JALISCO,2026-01,LOCALIZADA_SIN_VIDA,HOMBRE,14053,LAGOS DE MORENO,1,2026-08-09
14,JALISCO,2026-01,LOCALIZADA_SIN_VIDA,HOMBRE,14067,PUERTO VALLARTA,1,2026-08-09
14,JALISCO,2026-02,DESAPARECIDA_O_NO_LOCALIZADA,HOMBRE,14008,ARANDAS,2,2026-08-09
14,JALISCO,2026-02,DESAPARECIDA_O_NO_LOCALIZADA,HOMBRE,14037,EL GRULLO,1,2026-08-09
14,JALISCO,2026-02,DESAPARECIDA_O_NO_LOCALIZADA,HOMBRE,14042,HUEJUQUILLA EL ALTO,2,2026-08-09
14,JALISCO,2026-02,DESAPARECIDA_O_NO_LOCALIZADA,HOMBRE,14044,IXTLAHUACÁN DE LOS MEMBRILLOS,1,2026-08-09
14,JALISCO,2026-02,DESAPARECIDA_O_NO_LOCALIZADA,HOMBRE,14050,JOCOTEPEC,1,2026-08-09
14,JALISCO,2026-02,DESAPARECIDA_O_NO_LOCALIZADA,HOMBRE,14053,LAGOS DE MORENO,2,2026-08-09
14,JALISCO,2026-02,DESAPARECIDA_O_NO_LOCALIZADA,MUJER,14053,LAGOS DE MORENO,1,2026-08-09
14,JALISCO,2026-02,DESAPARECIDA_O_NO_LOCALIZADA,HOMBRE,14067,PUERTO VALLARTA,3,2026-08-09
14,JALISCO,2026-02,DESAPARECIDA_O_NO_LOCALIZADA,HOMBRE,14097,TLAJOMULCO DE ZÚÑIGA,6,2026-08-09
14,JALISCO,2026-02,DESAPARECIDA_O_NO_LOCALIZADA,MUJER,14097,TLAJOMULCO DE ZÚÑIGA,1,2026-08-09
14,JALISCO,2026-02,DESAPARECIDA_O_NO_LOCALIZADA,HOMBRE,14098,TLAQUEPAQUE,3,2026-08-09
14,JALISCO,2026-02,DESAPARECIDA_O_NO_LOCALIZADA,MUJER,14098,TLAQUEPAQUE,1,2026-08-09
14,JALISCO,2026-02,DESAPARECIDA_O_NO_LOCALIZADA,HOMBRE,14101,TONALÁ,1,2026-08-09
14,JALISCO,2026-02,DESAPARECIDA_O_NO_LOCALIZADA,HOMBRE,14108,TUXPAN,1,2026-08-09
14,JALISCO,2026-02,DESAPARECIDA_O_NO_LOCALIZADA,HOMBRE,14120,ZAPOPAN,1,2026-08-09
14,JALISCO,2026-02,DESAPARECIDA_O_NO_LOCALIZADA,MUJER,14120,ZAPOPAN,1,2026-08-09
14,JALISCO,2026-02,DESAPARECIDA_O_NO_LOCALIZADA,HOMBRE,14124,ZAPOTLANEJO,1,2026-08-09
14,JALISCO,2026-02,LOCALIZADA_CON_VIDA,HOMBRE,14039,GUADALAJARA,1,2026-08-09
14,JALISCO,2026-02,LOCALIZADA_CON_VIDA,HOMBRE,14044,IXTLAHUACÁN DE LOS MEMBRILLOS,1,2026-08-09
14,JALISCO,2026-02,LOCALIZADA_CON_VIDA,HOMBRE,14053,LAGOS DE MORENO,1,2026-08-09
14,JALISCO,2026-02,LOCALIZADA_CON_VIDA,HOMBRE,14097,TLAJOMULCO DE ZÚÑIGA,1,2026-08-09
14,JALISCO,2026-02,LOCALIZADA_CON_VIDA,HOMBRE,14098,TLAQUEPAQUE,3,2026-08-09
14,JALISCO,2026-02,LOCALIZADA_CON_VIDA,MUJER,14101,TONALÁ,1,2026-08-09
14,JALISCO,2026-02,LOCALIZADA_CON_VIDA,HOMBRE,14120,ZAPOPAN,1,2026-08-09
14,JALISCO,2026-02,LOCALIZADA_SIN_VIDA,HOMBRE,14009,EL ARENAL,1,2026-08-09
14,JALISCO,2026-02,LOCALIZADA_SIN_VIDA,HOMBRE,14015,AUTLÁN DE NAVARRO,2,2026-08-09
14,JALISCO,2026-03,DESAPARECIDA_O_NO_LOCALIZADA,HOMBRE,14015,AUTLÁN DE NAVARRO,1,2026-08-09
14,JALISCO,2026-03,DESAPARECIDA_O_NO_LOCALIZADA,MUJER,14018,LA BARCA,1,2026-08-09
14,JALISCO,2026-03,DESAPARECIDA_O_NO_LOCALIZADA,HOMBRE,14035,ENCARNACIÓN DE DÍAZ,1,2026-08-09
14,JALISCO,2026-03,DESAPARECIDA_O_NO_LOCALIZADA,HOMBRE,14039,GUADALAJARA,1,2026-08-09
14,JALISCO,2026-03,DESAPARECIDA_O_NO_LOCALIZADA,HOMBRE,14040,HOSTOTIPAQUILLO,1,2026-08-09
14,JALISCO,2026-03,DESAPARECIDA_O_NO_LOCALIZADA,HOMBRE,14044,IXTLAHUACÁN DE LOS MEMBRILLOS,1,2026-08-09
14,JALISCO,2026-03,DESAPARECIDA_O_NO_LOCALIZADA,HOMBRE,14050,JOCOTEPEC,2,2026-08-09
14,JALISCO,2026-03,DESAPARECIDA_O_NO_LOCALIZADA,HOMBRE,14053,LAGOS DE MORENO,3,2026-08-09
14,JALISCO,2026-03,DESAPARECIDA_O_NO_LOCALIZADA,HOMBRE,14063,OCOTLÁN,2,2026-08-09
14,JALISCO,2026-03,DESAPARECIDA_O_NO_LOCALIZADA,HOMBRE,14064,OJUELOS DE JALISCO,1,2026-08-09
14,JALISCO,2026-03,DESAPARECIDA_O_NO_LOCALIZADA,HOMBRE,14067,PUERTO VALLARTA,3,2026-08-09
14,JALISCO,2026-03,DESAPARECIDA_O_NO_LOCALIZADA,MUJER,14067,PUERTO VALLARTA,2,2026-08-09
14,JALISCO,2026-03,DESAPARECIDA_O_NO_LOCALIZADA,HOMBRE,14073,SAN JUAN DE LOS LAGOS,2,2026-08-09
14,JALISCO,2026-03,DESAPARECIDA_O_NO_LOCALIZADA,HOMBRE,14078,SAN MIGUEL EL ALTO,1,2026-08-09
14,JALISCO,2026-03,DESAPARECIDA_O_NO_LOCALIZADA,MUJER,14081,SANTA MARÍA DE LOS ÁNGELES,1,2026-08-09
14,JALISCO,2026-03,DESAPARECIDA_O_NO_LOCALIZADA,HOMBRE,14082,SAYULA,1,2026-08-09
14,JALISCO,2026-03,DESAPARECIDA_O_NO_LOCALIZADA,HOMBRE,14083,TALA,2,2026-08-09
14,JALISCO,2026-03,DESAPARECIDA_O_NO_LOCALIZADA,HOMBRE,14097,TLAJOMULCO DE ZÚÑIGA,7,2026-08-09
14,JALISCO,2026-03,DESAPARECIDA_O_NO_LOCALIZADA,HOMBRE,14098,TLAQUEPAQUE,5,2026-08-09
14,JALISCO,2026-03,DESAPARECIDA_O_NO_LOCALIZADA,HOMBRE,14101,TONALÁ,2,2026-08-09
14,JALISCO,2026-03,DESAPARECIDA_O_NO_LOCALIZADA,HOMBRE,14114,VILLA CORONA,1,2026-08-09
14,JALISCO,2026-03,DESAPARECIDA_O_NO_LOCALIZADA,HOMBRE,14120,ZAPOPAN,13,2026-08-09
14,JALISCO,2026-03,DESAPARECIDA_O_NO_LOCALIZADA,MUJER,14120,ZAPOPAN,1,2026-08-09
14,JALISCO,2026-03,LOCALIZADA_CON_VIDA,HOMBRE,14039,GUADALAJARA,3,2026-08-09
14,JALISCO,2026-03,LOCALIZADA_CON_VIDA,MUJER,14039,GUADALAJARA,7,2026-08-09
14,JALISCO,2026-03,LOCALIZADA_CON_VIDA,HOMBRE,14053,LAGOS DE MORENO,1,2026-08-09
14,JALISCO,2026-03,LOCALIZADA_CON_VIDA,MUJER,14066,PONCITLÁN,1,2026-08-09
14,JALISCO,2026-03,LOCALIZADA_CON_VIDA,HOMBRE,14070,EL SALTO,2,2026-08-09
14,JALISCO,2026-03,LOCALIZADA_CON_VIDA,HOMBRE,14088,TECOLOTLÁN,1,2026-08-09
14,JALISCO,2026-03,LOCALIZADA_CON_VIDA,HOMBRE,14097,TLAJOMULCO DE ZÚÑIGA,1,2026-08-09
14,JALISCO,2026-03,LOCALIZADA_CON_VIDA,MUJER,14097,TLAJOMULCO DE ZÚÑIGA,1,2026-08-09
14,JALISCO,2026-03,LOCALIZADA_CON_VIDA,HOMBRE,14098,TLAQUEPAQUE,4,2026-08-09
14,JALISCO,2026-03,LOCALIZADA_CON_VIDA,MUJER,14098,TLAQUEPAQUE,1,2026-08-09
14,JALISCO,2026-03,LOCALIZADA_CON_VIDA,HOMBRE,14101,TONALÁ,2,2026-08-09
14,JALISCO,2026-03,LOCALIZADA_CON_VIDA,HOMBRE,14120,ZAPOPAN,3,2026-08-09
14,JALISCO,2026-03,LOCALIZADA_CON_VIDA,MUJER,14120,ZAPOPAN,3,2026-08-09
14,JALISCO,2026-03,LOCALIZADA_SIN_VIDA,HOMBRE,14097,TLAJOMULCO DE ZÚÑIGA,1,2026-08-09
14,JALISCO,2026-03,LOCALIZADA_SIN_VIDA,HOMBRE,14120,ZAPOPAN,1,2026-08-09
14,JALISCO,2026-04,DESAPARECIDA_O_NO_LOCALIZADA,HOMBRE,14002,ACATLÁN DE JUÁREZ,3,2026-08-09
14,JALISCO,2026-04,DESAPARECIDA_O_NO_LOCALIZADA,HOMBRE,14023,ZAPOTLÁN EL GRANDE,2,2026-08-09
14,JALISCO,2026-04,DESAPARECIDA_O_NO_LOCALIZADA,HOMBRE,14035,ENCARNACIÓN DE DÍAZ,1,2026-08-09
14,JALISCO,2026-04,DESAPARECIDA_O_NO_LOCALIZADA,HOMBRE,14039,GUADALAJARA,11,2026-08-09
14,JALISCO,2026-04,DESAPARECIDA_O_NO_LOCALIZADA,HOMBRE,14041,HUEJÚCAR,1,2026-08-09
14,JALISCO,2026-04,DESAPARECIDA_O_NO_LOCALIZADA,HOMBRE,14050,JOCOTEPEC,1,2026-08-09
14,JALISCO,2026-04,DESAPARECIDA_O_NO_LOCALIZADA,HOMBRE,14053,LAGOS DE MORENO,2,2026-08-09
14,JALISCO,2026-04,DESAPARECIDA_O_NO_LOCALIZADA,HOMBRE,14063,OCOTLÁN,1,2026-08-09
14,JALISCO,2026-04,DESAPARECIDA_O_NO_LOCALIZADA,HOMBRE,14067,PUERTO VALLARTA,5,2026-08-09
14,JALISCO,2026-04,DESAPARECIDA_O_NO_LOCALIZADA,MUJER,14067,PUERTO VALLARTA,1,2026-08-09
14,JALISCO,2026-04,DESAPARECIDA_O_NO_LOCALIZADA,HOMBRE,14070,EL SALTO,2,2026-08-09
14,JALISCO,2026-04,DESAPARECIDA_O_NO_LOCALIZADA,HOMBRE,14083,TALA,1,2026-08-09
14,JALISCO,2026-04,DESAPARECIDA_O_NO_LOCALIZADA,HOMBRE,14097,TLAJOMULCO DE ZÚÑIGA,9,2026-08-09
14,JALISCO,2026-04,DESAPARECIDA_O_NO_LOCALIZADA,HOMBRE,14098,TLAQUEPAQUE,1,2026-08-09
14,JALISCO,2026-04,DESAPARECIDA_O_NO_LOCALIZADA,HOMBRE,14101,TONALÁ,5,2026-08-09
14,JALISCO,2026-04,DESAPARECIDA_O_NO_LOCALIZADA,HOMBRE,14120,ZAPOPAN,4,2026-08-09
14,JALISCO,2026-04,LOCALIZADA_CON_VIDA,HOMBRE,14035,ENCARNACIÓN DE DÍAZ,1,2026-08-09
14,JALISCO,2026-04,LOCALIZADA_CON_VIDA,HOMBRE,14039,GUADALAJARA,6,2026-08-09
14,JALISCO,2026-04,LOCALIZADA_CON_VIDA,HOMBRE,14050,JOCOTEPEC,2,2026-08-09
14,JALISCO,2026-04,LOCALIZADA_CON_VIDA,MUJER,14050,JOCOTEPEC,1,2026-08-09
14,JALISCO,2026-04,LOCALIZADA_CON_VIDA,HOMBRE,14053,LAGOS DE MORENO,1,2026-08-09
14,JALISCO,2026-04,LOCALIZADA_CON_VIDA,MUJER,14053,LAGOS DE MORENO,1,2026-08-09
14,JALISCO,2026-04,LOCALIZADA_CON_VIDA,HOMBRE,14067,PUERTO VALLARTA,1,2026-08-09
14,JALISCO,2026-04,LOCALIZADA_CON_VIDA,MUJER,14070,EL SALTO,1,2026-08-09
14,JALISCO,2026-04,LOCALIZADA_CON_VIDA,HOMBRE,14093,TEPATITLÁN DE MORELOS,1,2026-08-09
14,JALISCO,2026-04,LOCALIZADA_CON_VIDA,HOMBRE,14097,TLAJOMULCO DE ZÚÑIGA,4,2026-08-09
14,JALISCO,2026-04,LOCALIZADA_CON_VIDA,MUJER,14097,TLAJOMULCO DE ZÚÑIGA,1,2026-08-09
14,JALISCO,2026-04,LOCALIZADA_CON_VIDA,HOMBRE,14098,TLAQUEPAQUE,2,2026-08-09
14,JALISCO,2026-04,LOCALIZADA_CON_VIDA,HOMBRE,14101,TONALÁ,1,2026-08-09
14,JALISCO,2026-04,LOCALIZADA_CON_VIDA,HOMBRE,14120,ZAPOPAN,7,2026-08-09
14,JALISCO,2026-04,LOCALIZADA_SIN_VIDA,HOMBRE,14098,TLAQUEPAQUE,1,2026-08-09
14,JALISCO,2026-05,DESAPARECIDA_O_NO_LOCALIZADA,HOMBRE,14006,AMECA,1,2026-08-09
14,JALISCO,2026-05,DESAPARECIDA_O_NO_LOCALIZADA,HOMBRE,14013,ATOTONILCO EL ALTO,1,2026-08-09
14,JALISCO,2026-05,DESAPARECIDA_O_NO_LOCALIZADA,HOMBRE,14019,BOLAÑOS,1,2026-08-09
14,JALISCO,2026-05,DESAPARECIDA_O_NO_LOCALIZADA,HOMBRE,14022,CIHUATLÁN,1,2026-08-09
14,JALISCO,2026-05,DESAPARECIDA_O_NO_LOCALIZADA,HOMBRE,14023,ZAPOTLÁN EL GRANDE,1,2026-08-09
14,JALISCO,2026-05,DESAPARECIDA_O_NO_LOCALIZADA,HOMBRE,14039,GUADALAJARA,10,2026-08-09
14,JALISCO,2026-05,DESAPARECIDA_O_NO_LOCALIZADA,HOMBRE,14044,IXTLAHUACÁN DE LOS MEMBRILLOS,2,2026-08-09
14,JALISCO,2026-05,DESAPARECIDA_O_NO_LOCALIZADA,HOMBRE,14050,JOCOTEPEC,1,2026-08-09
14,JALISCO,2026-05,DESAPARECIDA_O_NO_LOCALIZADA,HOMBRE,14067,PUERTO VALLARTA,2,2026-08-09
14,JALISCO,2026-05,DESAPARECIDA_O_NO_LOCALIZADA,HOMBRE,14070,EL SALTO,1,2026-08-09
14,JALISCO,2026-05,DESAPARECIDA_O_NO_LOCALIZADA,HOMBRE,14091,TEOCALTICHE,1,2026-08-09
14,JALISCO,2026-05,DESAPARECIDA_O_NO_LOCALIZADA,HOMBRE,14097,TLAJOMULCO DE ZÚÑIGA,3,2026-08-09
14,JALISCO,2026-05,DESAPARECIDA_O_NO_LOCALIZADA,HOMBRE,14098,TLAQUEPAQUE,4,2026-08-09
14,JALISCO,2026-05,DESAPARECIDA_O_NO_LOCALIZADA,MUJER,14098,TLAQUEPAQUE,1,2026-08-09
14,JALISCO,2026-05,DESAPARECIDA_O_NO_LOCALIZADA,HOMBRE,14101,TONALÁ,6,2026-08-09
14,JALISCO,2026-05,DESAPARECIDA_O_NO_LOCALIZADA,HOMBRE,14120,ZAPOPAN,14,2026-08-09
14,JALISCO,2026-05,LOCALIZADA_CON_VIDA,MUJER,14013,ATOTONILCO EL ALTO,1,2026-08-09
14,JALISCO,2026-05,LOCALIZADA_CON_VIDA,HOMBRE,14025,COLOTLÁN,1,2026-08-09
14,JALISCO,2026-05,LOCALIZADA_CON_VIDA,HOMBRE,14039,GUADALAJARA,6,2026-08-09
14,JALISCO,2026-05,LOCALIZADA_CON_VIDA,MUJER,14039,GUADALAJARA,4,2026-08-09
14,JALISCO,2026-05,LOCALIZADA_CON_VIDA,HOMBRE,14044,IXTLAHUACÁN DE LOS MEMBRILLOS,1,2026-08-09
14,JALISCO,2026-05,LOCALIZADA_CON_VIDA,HOMBRE,14053,LAGOS DE MORENO,3,2026-08-09
14,JALISCO,2026-05,LOCALIZADA_CON_VIDA,MUJER,14053,LAGOS DE MORENO,3,2026-08-09
14,JALISCO,2026-05,LOCALIZADA_CON_VIDA,HOMBRE,14088,TECOLOTLÁN,1,2026-08-09
14,JALISCO,2026-05,LOCALIZADA_CON_VIDA,HOMBRE,14097,TLAJOMULCO DE ZÚÑIGA,2,2026-08-09
14,JALISCO,2026-05,LOCALIZADA_CON_VIDA,MUJER,14097,TLAJOMULCO DE ZÚÑIGA,1,2026-08-09
14,JALISCO,2026-05,LOCALIZADA_CON_VIDA,HOMBRE,14098,TLAQUEPAQUE,4,2026-08-09
14,JALISCO,2026-05,LOCALIZADA_CON_VIDA,MUJER,14098,TLAQUEPAQUE,2,2026-08-09
14,JALISCO,2026-05,LOCALIZADA_CON_VIDA,HOMBRE,14101,TONALÁ,2,2026-08-09
14,JALISCO,2026-05,LOCALIZADA_CON_VIDA,MUJER,14101,TONALÁ,1,2026-08-09
14,JALISCO,2026-05,LOCALIZADA_CON_VIDA,HOMBRE,14120,ZAPOPAN,4,2026-08-09
14,JALISCO,2026-05,LOCALIZADA_CON_VIDA,MUJER,14120,ZAPOPAN,1,2026-08-09
14,JALISCO,2026-05,LOCALIZADA_SIN_VIDA,HOMBRE,14113,SAN GABRIEL,1,2026-08-09
14,JALISCO,2026-06,DESAPARECIDA_O_NO_LOCALIZADA,HOMBRE,14006,AMECA,1,2026-08-09
14,JALISCO,2026-06,DESAPARECIDA_O_NO_LOCALIZADA,HOMBRE,14013,ATOTONILCO EL ALTO,1,2026-08-09
14,JALISCO,2026-06,DESAPARECIDA_O_NO_LOCALIZADA,HOMBRE,14039,GUADALAJARA,7,2026-08-09
14,JALISCO,2026-06,DESAPARECIDA_O_NO_LOCALIZADA,MUJER,14039,GUADALAJARA,1,2026-08-09
14,JALISCO,2026-06,DESAPARECIDA_O_NO_LOCALIZADA,HOMBRE,14044,IXTLAHUACÁN DE LOS MEMBRILLOS,1,2026-08-09
14,JALISCO,2026-06,DESAPARECIDA_O_NO_LOCALIZADA,HOMBRE,14051,JUANACATLÁN,1,2026-08-09
14,JALISCO,2026-06,DESAPARECIDA_O_NO_LOCALIZADA,HOMBRE,14063,OCOTLÁN,2,2026-08-09
14,JALISCO,2026-06,DESAPARECIDA_O_NO_LOCALIZADA,HOMBRE,14064,OJUELOS DE JALISCO,1,2026-08-09
14,JALISCO,2026-06,DESAPARECIDA_O_NO_LOCALIZADA,HOMBRE,14070,EL SALTO,1,2026-08-09
14,JALISCO,2026-06,DESAPARECIDA_O_NO_LOCALIZADA,HOMBRE,14082,SAYULA,1,2026-08-09
14,JALISCO,2026-06,DESAPARECIDA_O_NO_LOCALIZADA,MUJER,14083,TALA,1,2026-08-09
14,JALISCO,2026-06,DESAPARECIDA_O_NO_LOCALIZADA,HOMBRE,14091,TEOCALTICHE,3,2026-08-09
14,JALISCO,2026-06,DESAPARECIDA_O_NO_LOCALIZADA,HOMBRE,14094,TEQUILA,1,2026-08-09
14,JALISCO,2026-06,DESAPARECIDA_O_NO_LOCALIZADA,HOMBRE,14097,TLAJOMULCO DE ZÚÑIGA,3,2026-08-09
14,JALISCO,2026-06,DESAPARECIDA_O_NO_LOCALIZADA,MUJER,14097,TLAJOMULCO DE ZÚÑIGA,1,2026-08-09
14,JALISCO,2026-06,DESAPARECIDA_O_NO_LOCALIZADA,MUJER,14098,TLAQUEPAQUE,2,2026-08-09
14,JALISCO,2026-06,DESAPARECIDA_O_NO_LOCALIZADA,HOMBRE,14101,TONALÁ,1,2026-08-09
14,JALISCO,2026-06,DESAPARECIDA_O_NO_LOCALIZADA,HOMBRE,14114,VILLA CORONA,1,2026-08-09
14,JALISCO,2026-06,DESAPARECIDA_O_NO_LOCALIZADA,HOMBRE,14120,ZAPOPAN,11,2026-08-09
14,JALISCO,2026-06,DESAPARECIDA_O_NO_LOCALIZADA,MUJER,14120,ZAPOPAN,1,2026-08-09
14,JALISCO,2026-06,LOCALIZADA_CON_VIDA,HOMBRE,14002,ACATLÁN DE JUÁREZ,1,2026-08-09
14,JALISCO,2026-06,LOCALIZADA_CON_VIDA,HOMBRE,14039,GUADALAJARA,8,2026-08-09
14,JALISCO,2026-06,LOCALIZADA_CON_VIDA,MUJER,14039,GUADALAJARA,2,2026-08-09
14,JALISCO,2026-06,LOCALIZADA_CON_VIDA,HOMBRE,14044,IXTLAHUACÁN DE LOS MEMBRILLOS,1,2026-08-09
14,JALISCO,2026-06,LOCALIZADA_CON_VIDA,HOMBRE,14051,JUANACATLÁN,1,2026-08-09
14,JALISCO,2026-06,LOCALIZADA_CON_VIDA,HOMBRE,14059,MAZAMITLA,1,2026-08-09
14,JALISCO,2026-06,LOCALIZADA_CON_VIDA,MUJER,14059,MAZAMITLA,3,2026-08-09
14,JALISCO,2026-06,LOCALIZADA_CON_VIDA,HOMBRE,14067,PUERTO VALLARTA,2,2026-08-09
14,JALISCO,2026-06,LOCALIZADA_CON_VIDA,MUJER,14067,PUERTO VALLARTA,2,2026-08-09
14,JALISCO,2026-06,LOCALIZADA_CON_VIDA,HOMBRE,14070,EL SALTO,1,2026-08-09
14,JALISCO,2026-06,LOCALIZADA_CON_VIDA,MUJER,14097,TLAJOMULCO DE ZÚÑIGA,2,2026-08-09
14,JALISCO,2026-06,LOCALIZADA_CON_VIDA,HOMBRE,14101,TONALÁ,1,2026-08-09
14,JALISCO,2026-06,LOCALIZADA_CON_VIDA,MUJER,14101,TONALÁ,1,2026-08-09
14,JALISCO,2026-06,LOCALIZADA_CON_VIDA,HOMBRE,14120,ZAPOPAN,7,2026-08-09
14,JALISCO,2026-06,LOCALIZADA_SIN_VIDA,HOMBRE,14101,TONALÁ,1,2026-08-09
14,JALISCO,2026-07,DESAPARECIDA_O_NO_LOCALIZADA,MUJER,14002,ACATLÁN DE JUÁREZ,2,2026-08-09
14,JALISCO,2026-07,DESAPARECIDA_O_NO_LOCALIZADA,MUJER,14018,LA BARCA,1,2026-08-09
14,JALISCO,2026-07,DESAPARECIDA_O_NO_LOCALIZADA,HOMBRE,14039,GUADALAJARA,5,2026-08-09
14,JALISCO,2026-07,DESAPARECIDA_O_NO_LOCALIZADA,MUJER,14039,GUADALAJARA,1,2026-08-09
14,JALISCO,2026-07,DESAPARECIDA_O_NO_LOCALIZADA,MUJER,14044,IXTLAHUACÁN DE LOS MEMBRILLOS,1,2026-08-09
14,JALISCO,2026-07,DESAPARECIDA_O_NO_LOCALIZADA,HOMBRE,14050,JOCOTEPEC,1,2026-08-09
14,JALISCO,2026-07,DESAPARECIDA_O_NO_LOCALIZADA,HOMBRE,14059,MAZAMITLA,1,2026-08-09
14,JALISCO,2026-07,DESAPARECIDA_O_NO_LOCALIZADA,HOMBRE,14067,PUERTO VALLARTA,1,2026-08-09
14,JALISCO,2026-07,DESAPARECIDA_O_NO_LOCALIZADA,HOMBRE,14070,EL SALTO,6,2026-08-09
14,JALISCO,2026-07,DESAPARECIDA_O_NO_LOCALIZADA,MUJER,14070,EL SALTO,1,2026-08-09
14,JALISCO,2026-07,DESAPARECIDA_O_NO_LOCALIZADA,HOMBRE,14077,SAN MARTÍN HIDALGO,1,2026-08-09
14,JALISCO,2026-07,DESAPARECIDA_O_NO_LOCALIZADA,MUJER,14086,TAPALPA,1,2026-08-09
14,JALISCO,2026-07,DESAPARECIDA_O_NO_LOCALIZADA,HOMBRE,14097,TLAJOMULCO DE ZÚÑIGA,6,2026-08-09
14,JALISCO,2026-07,DESAPARECIDA_O_NO_LOCALIZADA,MUJER,14097,TLAJOMULCO DE ZÚÑIGA,1,2026-08-09
14,JALISCO,2026-07,DESAPARECIDA_O_NO_LOCALIZADA,HOMBRE,14098,TLAQUEPAQUE,3,2026-08-09
14,JALISCO,2026-07,DESAPARECIDA_O_NO_LOCALIZADA,MUJER,14098,TLAQUEPAQUE,1,2026-08-09
14,JALISCO,2026-07,DESAPARECIDA_O_NO_LOCALIZADA,HOMBRE,14101,TONALÁ,7,2026-08-09
14,JALISCO,2026-07,DESAPARECIDA_O_NO_LOCALIZADA,MUJER,14101,TONALÁ,1,2026-08-09
14,JALISCO,2026-07,DESAPARECIDA_O_NO_LOCALIZADA,HOMBRE,14120,ZAPOPAN,11,2026-08-09
14,JALISCO,2026-07,LOCALIZADA_CON_VIDA,HOMBRE,14091,TEOCALTICHE,1,2026-08-09
14,JALISCO,2026-07,LOCALIZADA_CON_VIDA,HOMBRE,14120,ZAPOPAN,3,2026-08-09
14,JALISCO,2026-07,LOCALIZADA_SIN_VIDA,HOMBRE,14077,SAN MARTÍN HIDALGO,1,2026-08-09
14,JALISCO,2026-07,LOCALIZADA_SIN_VIDA,HOMBRE,14098,TLAQUEPAQUE,1,2026-08-09
14,JALISCO,2026-07,LOCALIZADA_SIN_VIDA,HOMBRE,14101,TONALÁ,1,2026-08-09
14,JALISCO,SIN_FECHA,DESAPARECIDA_O_NO_LOCALIZADA,,,,684,2026-08-09
14,JALISCO,SIN_FECHA,LOCALIZADA_CON_VIDA,,,,619,2026-08-09
14,JALISCO,SIN_FECHA,LOCALIZADA_SIN_VIDA,,,,137,2026-08-09
15,ESTADO DE MEXICO,2026-01,DESAPARECIDA_O_NO_LOCALIZADA,MUJER,15029,CHICOLOAPAN,1,2026-08-09
15,ESTADO DE MEXICO,2026-01,DESAPARECIDA_O_NO_LOCALIZADA,HOMBRE,15031,CHIMALHUACÁN,1,2026-08-09
15,ESTADO DE MEXICO,2026-01,DESAPARECIDA_O_NO_LOCALIZADA,HOMBRE,15033,ECATEPEC DE MORELOS,1,2026-08-09
15,ESTADO DE MEXICO,2026-01,DESAPARECIDA_O_NO_LOCALIZADA,MUJER,15033,ECATEPEC DE MORELOS,1,2026-08-09
15,ESTADO DE MEXICO,2026-01,DESAPARECIDA_O_NO_LOCALIZADA,HOMBRE,15081,TECÁMAC,1,2026-08-09
15,ESTADO DE MEXICO,2026-01,DESAPARECIDA_O_NO_LOCALIZADA,HOMBRE,15088,TENANCINGO,1,2026-08-09
15,ESTADO DE MEXICO,2026-01,DESAPARECIDA_O_NO_LOCALIZADA,HOMBRE,15099,TEXCOCO,2,2026-08-09
15,ESTADO DE MEXICO,2026-01,DESAPARECIDA_O_NO_LOCALIZADA,MUJER,15099,TEXCOCO,1,2026-08-09
15,ESTADO DE MEXICO,2026-01,DESAPARECIDA_O_NO_LOCALIZADA,HOMBRE,15109,TULTITLÁN,1,2026-08-09
15,ESTADO DE MEXICO,2026-01,LOCALIZADA_CON_VIDA,MUJER,15002,ACOLMAN,1,2026-08-09
15,ESTADO DE MEXICO,2026-01,LOCALIZADA_CON_VIDA,MUJER,15033,ECATEPEC DE MORELOS,1,2026-08-09
15,ESTADO DE MEXICO,2026-01,LOCALIZADA_CON_VIDA,HOMBRE,15057,NAUCALPAN DE JUÁREZ,1,2026-08-09
15,ESTADO DE MEXICO,2026-01,LOCALIZADA_CON_VIDA,MUJER,15058,NEZAHUALCÓYOTL,2,2026-08-09
15,ESTADO DE MEXICO,2026-01,LOCALIZADA_CON_VIDA,MUJER,15070,LA PAZ,1,2026-08-09
15,ESTADO DE MEXICO,2026-01,LOCALIZADA_CON_VIDA,HOMBRE,15099,TEXCOCO,1,2026-08-09
15,ESTADO DE MEXICO,2026-01,LOCALIZADA_CON_VIDA,MUJER,15104,TLALNEPANTLA DE BAZ,1,2026-08-09
15,ESTADO DE MEXICO,2026-01,LOCALIZADA_CON_VIDA,HOMBRE,15109,TULTITLÁN,1,2026-08-09
15,ESTADO DE MEXICO,2026-01,LOCALIZADA_CON_VIDA,MUJER,15109,TULTITLÁN,1,2026-08-09
15,ESTADO DE MEXICO,2026-01,LOCALIZADA_SIN_VIDA,HOMBRE,15058,NEZAHUALCÓYOTL,1,2026-08-09
15,ESTADO DE MEXICO,2026-01,LOCALIZADA_SIN_VIDA,HOMBRE,15081,TECÁMAC,1,2026-08-09
15,ESTADO DE MEXICO,2026-02,DESAPARECIDA_O_NO_LOCALIZADA,HOMBRE,15081,TECÁMAC,1,2026-08-09
15,ESTADO DE MEXICO,2026-02,DESAPARECIDA_O_NO_LOCALIZADA,MUJER,15121,CUAUTITLÁN IZCALLI,1,2026-08-09
15,ESTADO DE MEXICO,2026-02,DESAPARECIDA_O_NO_LOCALIZADA,MUJER,15122,VALLE DE CHALCO SOLIDARIDAD,1,2026-08-09
15,ESTADO DE MEXICO,2026-02,LOCALIZADA_CON_VIDA,MUJER,15021,COATEPEC HARINAS,2,2026-08-09
15,ESTADO DE MEXICO,2026-02,LOCALIZADA_CON_VIDA,MUJER,15024,CUAUTITLÁN,1,2026-08-09
15,ESTADO DE MEXICO,2026-02,LOCALIZADA_CON_VIDA,HOMBRE,15048,JOCOTITLÁN,1,2026-08-09
15,ESTADO DE MEXICO,2026-02,LOCALIZADA_CON_VIDA,HOMBRE,15058,NEZAHUALCÓYOTL,2,2026-08-09
15,ESTADO DE MEXICO,2026-02,LOCALIZADA_CON_VIDA,MUJER,15058,NEZAHUALCÓYOTL,2,2026-08-09
15,ESTADO DE MEXICO,2026-02,LOCALIZADA_CON_VIDA,MUJER,15088,TENANCINGO,1,2026-08-09
15,ESTADO DE MEXICO,2026-02,LOCALIZADA_CON_VIDA,MUJER,15099,TEXCOCO,3,2026-08-09
15,ESTADO DE MEXICO,2026-02,LOCALIZADA_CON_VIDA,MUJER,15106,TOLUCA,1,2026-08-09
15,ESTADO DE MEXICO,2026-02,LOCALIZADA_CON_VIDA,HOMBRE,15109,TULTITLÁN,1,2026-08-09
15,ESTADO DE MEXICO,2026-02,LOCALIZADA_CON_VIDA,MUJER,15122,VALLE DE CHALCO SOLIDARIDAD,1,2026-08-09
15,ESTADO DE MEXICO,2026-02,LOCALIZADA_SIN_VIDA,HOMBRE,15112,VILLA DEL CARBÓN,1,2026-08-09
15,ESTADO DE MEXICO,2026-03,DESAPARECIDA_O_NO_LOCALIZADA,HOMBRE,15057,NAUCALPAN DE JUÁREZ,2,2026-08-09
15,ESTADO DE MEXICO,2026-03,DESAPARECIDA_O_NO_LOCALIZADA,MUJER,15081,TECÁMAC,1,2026-08-09
15,ESTADO DE MEXICO,2026-03,DESAPARECIDA_O_NO_LOCALIZADA,HOMBRE,15104,TLALNEPANTLA DE BAZ,1,2026-08-09
15,ESTADO DE MEXICO,2026-03,DESAPARECIDA_O_NO_LOCALIZADA,MUJER,15109,TULTITLÁN,1,2026-08-09
15,ESTADO DE MEXICO,2026-03,LOCALIZADA_CON_VIDA,HOMBRE,15033,ECATEPEC DE MORELOS,1,2026-08-09
15,ESTADO DE MEXICO,2026-03,LOCALIZADA_CON_VIDA,MUJER,15033,ECATEPEC DE MORELOS,3,2026-08-09
15,ESTADO DE MEXICO,2026-03,LOCALIZADA_CON_VIDA,HOMBRE,15035,HUEHUETOCA,1,2026-08-09
15,ESTADO DE MEXICO,2026-03,LOCALIZADA_CON_VIDA,HOMBRE,15051,LERMA,1,2026-08-09
15,ESTADO DE MEXICO,2026-03,LOCALIZADA_CON_VIDA,HOMBRE,15057,NAUCALPAN DE JUÁREZ,1,2026-08-09
15,ESTADO DE MEXICO,2026-03,LOCALIZADA_CON_VIDA,MUJER,15058,NEZAHUALCÓYOTL,1,2026-08-09
15,ESTADO DE MEXICO,2026-03,LOCALIZADA_CON_VIDA,MUJER,15060,NICOLÁS ROMERO,1,2026-08-09
15,ESTADO DE MEXICO,2026-03,LOCALIZADA_CON_VIDA,HOMBRE,15106,TOLUCA,2,2026-08-09
15,ESTADO DE MEXICO,2026-03,LOCALIZADA_CON_VIDA,MUJER,15106,TOLUCA,1,2026-08-09
15,ESTADO DE MEXICO,2026-03,LOCALIZADA_CON_VIDA,MUJER,15122,VALLE DE CHALCO SOLIDARIDAD,1,2026-08-09
15,ESTADO DE MEXICO,2026-03,LOCALIZADA_SIN_VIDA,HOMBRE,15109,TULTITLÁN,2,2026-08-09
15,ESTADO DE MEXICO,2026-04,DESAPARECIDA_O_NO_LOCALIZADA,HOMBRE,15024,CUAUTITLÁN,1,2026-08-09
15,ESTADO DE MEXICO,2026-04,DESAPARECIDA_O_NO_LOCALIZADA,HOMBRE,15033,ECATEPEC DE MORELOS,2,2026-08-09
15,ESTADO DE MEXICO,2026-04,DESAPARECIDA_O_NO_LOCALIZADA,HOMBRE,15057,NAUCALPAN DE JUÁREZ,1,2026-08-09
15,ESTADO DE MEXICO,2026-04,DESAPARECIDA_O_NO_LOCALIZADA,HOMBRE,15058,NEZAHUALCÓYOTL,1,2026-08-09
15,ESTADO DE MEXICO,2026-04,DESAPARECIDA_O_NO_LOCALIZADA,HOMBRE,15060,NICOLÁS ROMERO,1,2026-08-09
15,ESTADO DE MEXICO,2026-04,DESAPARECIDA_O_NO_LOCALIZADA,HOMBRE,15082,TEJUPILCO,1,2026-08-09
15,ESTADO DE MEXICO,2026-04,DESAPARECIDA_O_NO_LOCALIZADA,HOMBRE,15104,TLALNEPANTLA DE BAZ,1,2026-08-09
15,ESTADO DE MEXICO,2026-04,DESAPARECIDA_O_NO_LOCALIZADA,HOMBRE,15109,TULTITLÁN,1,2026-08-09
15,ESTADO DE MEXICO,2026-04,DESAPARECIDA_O_NO_LOCALIZADA,HOMBRE,15121,CUAUTITLÁN IZCALLI,1,2026-08-09
15,ESTADO DE MEXICO,2026-04,LOCALIZADA_CON_VIDA,HOMBRE,,MINATITLÁN,1,2026-08-09
15,ESTADO DE MEXICO,2026-04,LOCALIZADA_CON_VIDA,HOMBRE,15001,ACAMBAY,1,2026-08-09
15,ESTADO DE MEXICO,2026-04,LOCALIZADA_CON_VIDA,HOMBRE,15002,ACOLMAN,1,2026-08-09
15,ESTADO DE MEXICO,2026-04,LOCALIZADA_CON_VIDA,MUJER,15019,CAPULHUAC,1,2026-08-09
15,ESTADO DE MEXICO,2026-04,LOCALIZADA_CON_VIDA,HOMBRE,15033,ECATEPEC DE MORELOS,3,2026-08-09
15,ESTADO DE MEXICO,2026-04,LOCALIZADA_CON_VIDA,MUJER,15033,ECATEPEC DE MORELOS,1,2026-08-09
15,ESTADO DE MEXICO,2026-04,LOCALIZADA_CON_VIDA,HOMBRE,15058,NEZAHUALCÓYOTL,1,2026-08-09
15,ESTADO DE MEXICO,2026-04,LOCALIZADA_CON_VIDA,HOMBRE,15070,LA PAZ,1,2026-08-09
15,ESTADO DE MEXICO,2026-04,LOCALIZADA_CON_VIDA,HOMBRE,15104,TLALNEPANTLA DE BAZ,1,2026-08-09
15,ESTADO DE MEXICO,2026-04,LOCALIZADA_CON_VIDA,HOMBRE,15106,TOLUCA,1,2026-08-09
15,ESTADO DE MEXICO,2026-04,LOCALIZADA_CON_VIDA,MUJER,15106,TOLUCA,1,2026-08-09
15,ESTADO DE MEXICO,2026-04,LOCALIZADA_CON_VIDA,HOMBRE,15109,TULTITLÁN,1,2026-08-09
15,ESTADO DE MEXICO,2026-04,LOCALIZADA_SIN_VIDA,MUJER,15106,TOLUCA,1,2026-08-09
15,ESTADO DE MEXICO,2026-05,DESAPARECIDA_O_NO_LOCALIZADA,HOMBRE,15013,ATIZAPÁN DE ZARAGOZA,1,2026-08-09
15,ESTADO DE MEXICO,2026-05,DESAPARECIDA_O_NO_LOCALIZADA,HOMBRE,15018,CALIMAYA,1,2026-08-09
15,ESTADO DE MEXICO,2026-05,DESAPARECIDA_O_NO_LOCALIZADA,HOMBRE,15029,CHICOLOAPAN,1,2026-08-09
15,ESTADO DE MEXICO,2026-05,DESAPARECIDA_O_NO_LOCALIZADA,HOMBRE,15081,TECÁMAC,1,2026-08-09
15,ESTADO DE MEXICO,2026-05,DESAPARECIDA_O_NO_LOCALIZADA,HOMBRE,15104,TLALNEPANTLA DE BAZ,1,2026-08-09
15,ESTADO DE MEXICO,2026-05,DESAPARECIDA_O_NO_LOCALIZADA,HOMBRE,15109,TULTITLÁN,1,2026-08-09
15,ESTADO DE MEXICO,2026-05,LOCALIZADA_CON_VIDA,MUJER,15031,CHIMALHUACÁN,1,2026-08-09
15,ESTADO DE MEXICO,2026-05,LOCALIZADA_CON_VIDA,HOMBRE,15033,ECATEPEC DE MORELOS,2,2026-08-09
15,ESTADO DE MEXICO,2026-05,LOCALIZADA_CON_VIDA,MUJER,15033,ECATEPEC DE MORELOS,3,2026-08-09
15,ESTADO DE MEXICO,2026-05,LOCALIZADA_CON_VIDA,HOMBRE,15058,NEZAHUALCÓYOTL,2,2026-08-09
15,ESTADO DE MEXICO,2026-05,LOCALIZADA_CON_VIDA,MUJER,15058,NEZAHUALCÓYOTL,1,2026-08-09
15,ESTADO DE MEXICO,2026-05,LOCALIZADA_CON_VIDA,HOMBRE,15070,LA PAZ,1,2026-08-09
15,ESTADO DE MEXICO,2026-05,LOCALIZADA_CON_VIDA,HOMBRE,15081,TECÁMAC,1,2026-08-09
15,ESTADO DE MEXICO,2026-05,LOCALIZADA_CON_VIDA,HOMBRE,15104,TLALNEPANTLA DE BAZ,1,2026-08-09
15,ESTADO DE MEXICO,2026-05,LOCALIZADA_CON_VIDA,MUJER,15110,VALLE DE BRAVO,1,2026-08-09
15,ESTADO DE MEXICO,2026-05,LOCALIZADA_CON_VIDA,HOMBRE,15114,VILLA VICTORIA,1,2026-08-09
15,ESTADO DE MEXICO,2026-05,LOCALIZADA_SIN_VIDA,HOMBRE,15033,ECATEPEC DE MORELOS,1,2026-08-09
15,ESTADO DE MEXICO,2026-05,LOCALIZADA_SIN_VIDA,HOMBRE,15057,NAUCALPAN DE JUÁREZ,1,2026-08-09
15,ESTADO DE MEXICO,2026-05,LOCALIZADA_SIN_VIDA,HOMBRE,15081,TECÁMAC,1,2026-08-09
15,ESTADO DE MEXICO,2026-06,DESAPARECIDA_O_NO_LOCALIZADA,MUJER,15029,CHICOLOAPAN,1,2026-08-09
15,ESTADO DE MEXICO,2026-06,DESAPARECIDA_O_NO_LOCALIZADA,MUJER,15031,CHIMALHUACÁN,2,2026-08-09
15,ESTADO DE MEXICO,2026-06,DESAPARECIDA_O_NO_LOCALIZADA,HOMBRE,15042,IXTLAHUACA,1,2026-08-09
15,ESTADO DE MEXICO,2026-06,DESAPARECIDA_O_NO_LOCALIZADA,HOMBRE,15081,TECÁMAC,2,2026-08-09
15,ESTADO DE MEXICO,2026-06,DESAPARECIDA_O_NO_LOCALIZADA,MUJER,15088,TENANCINGO,1,2026-08-09
15,ESTADO DE MEXICO,2026-06,LOCALIZADA_CON_VIDA,MUJER,15031,CHIMALHUACÁN,1,2026-08-09
15,ESTADO DE MEXICO,2026-06,LOCALIZADA_CON_VIDA,MUJER,15033,ECATEPEC DE MORELOS,1,2026-08-09
15,ESTADO DE MEXICO,2026-06,LOCALIZADA_CON_VIDA,MUJER,15057,NAUCALPAN DE JUÁREZ,2,2026-08-09
15,ESTADO DE MEXICO,2026-06,LOCALIZADA_CON_VIDA,MUJER,15060,NICOLÁS ROMERO,1,2026-08-09
15,ESTADO DE MEXICO,2026-06,LOCALIZADA_CON_VIDA,HOMBRE,15106,TOLUCA,1,2026-08-09
15,ESTADO DE MEXICO,2026-07,DESAPARECIDA_O_NO_LOCALIZADA,HOMBRE,15070,LA PAZ,1,2026-08-09
15,ESTADO DE MEXICO,2026-07,LOCALIZADA_CON_VIDA,HOMBRE,15014,ATLACOMULCO,1,2026-08-09
15,ESTADO DE MEXICO,2026-07,LOCALIZADA_CON_VIDA,HOMBRE,15018,CALIMAYA,1,2026-08-09
15,ESTADO DE MEXICO,2026-07,LOCALIZADA_CON_VIDA,HOMBRE,15024,CUAUTITLÁN,1,2026-08-09
15,ESTADO DE MEXICO,2026-07,LOCALIZADA_CON_VIDA,MUJER,15031,CHIMALHUACÁN,1,2026-08-09
15,ESTADO DE MEXICO,2026-07,LOCALIZADA_CON_VIDA,HOMBRE,15070,LA PAZ,2,2026-08-09
15,ESTADO DE MEXICO,2026-07,LOCALIZADA_CON_VIDA,MUJER,15070,LA PAZ,1,2026-08-09
15,ESTADO DE MEXICO,2026-07,LOCALIZADA_CON_VIDA,MUJER,15088,TENANCINGO,1,2026-08-09
15,ESTADO DE MEXICO,2026-07,LOCALIZADA_CON_VIDA,MUJER,15109,TULTITLÁN,1,2026-08-09
15,ESTADO DE MEXICO,SIN_FECHA,DESAPARECIDA_O_NO_LOCALIZADA,,,,3779,2026-08-09
15,ESTADO DE MEXICO,SIN_FECHA,LOCALIZADA_CON_VIDA,,,,17280,2026-08-09
15,ESTADO DE MEXICO,SIN_FECHA,LOCALIZADA_SIN_VIDA,,,,1037,2026-08-09
16,MICHOACAN,2026-01,DESAPARECIDA_O_NO_LOCALIZADA,HOMBRE,16003,ALVARO OBREGÓN,1,2026-08-09
16,MICHOACAN,2026-01,DESAPARECIDA_O_NO_LOCALIZADA,HOMBRE,16006,APATZINGÁN,2,2026-08-09
16,MICHOACAN,2026-01,DESAPARECIDA_O_NO_LOCALIZADA,HOMBRE,16008,AQUILA,2,2026-08-09
16,MICHOACAN,2026-01,DESAPARECIDA_O_NO_LOCALIZADA,HOMBRE,16009,ARIO,1,2026-08-09
16,MICHOACAN,2026-01,DESAPARECIDA_O_NO_LOCALIZADA,HOMBRE,16019,COTIJA,1,2026-08-09
16,MICHOACAN,2026-01,DESAPARECIDA_O_NO_LOCALIZADA,HOMBRE,16026,CHINICUILA,1,2026-08-09
16,MICHOACAN,2026-01,DESAPARECIDA_O_NO_LOCALIZADA,HOMBRE,16034,HIDALGO,1,2026-08-09
16,MICHOACAN,2026-01,DESAPARECIDA_O_NO_LOCALIZADA,MUJER,16034,HIDALGO,1,2026-08-09
16,MICHOACAN,2026-01,DESAPARECIDA_O_NO_LOCALIZADA,MUJER,16040,INDAPARAPEO,1,2026-08-09
16,MICHOACAN,2026-01,DESAPARECIDA_O_NO_LOCALIZADA,HOMBRE,16043,JACONA,4,2026-08-09
16,MICHOACAN,2026-01,DESAPARECIDA_O_NO_LOCALIZADA,HOMBRE,16045,JIQUILPAN,3,2026-08-09
16,MICHOACAN,2026-01,DESAPARECIDA_O_NO_LOCALIZADA,MUJER,16050,MARAVATÍO,1,2026-08-09
16,MICHOACAN,2026-01,DESAPARECIDA_O_NO_LOCALIZADA,HOMBRE,16052,LÁZARO CÁRDENAS,2,2026-08-09
16,MICHOACAN,2026-01,DESAPARECIDA_O_NO_LOCALIZADA,HOMBRE,16053,MORELIA,6,2026-08-09
16,MICHOACAN,2026-01,DESAPARECIDA_O_NO_LOCALIZADA,MUJER,16053,MORELIA,1,2026-08-09
16,MICHOACAN,2026-01,DESAPARECIDA_O_NO_LOCALIZADA,HOMBRE,16066,PÁTZCUARO,3,2026-08-09
16,MICHOACAN,2026-01,DESAPARECIDA_O_NO_LOCALIZADA,HOMBRE,16069,LA PIEDAD,2,2026-08-09
16,MICHOACAN,2026-01,DESAPARECIDA_O_NO_LOCALIZADA,HOMBRE,16071,PURUÁNDIRO,1,2026-08-09
16,MICHOACAN,2026-01,DESAPARECIDA_O_NO_LOCALIZADA,MUJER,16076,SAHUAYO,1,2026-08-09
16,MICHOACAN,2026-01,DESAPARECIDA_O_NO_LOCALIZADA,HOMBRE,16079,SALVADOR ESCALANTE,2,2026-08-09
16,MICHOACAN,2026-01,DESAPARECIDA_O_NO_LOCALIZADA,HOMBRE,16082,TACÁMBARO,4,2026-08-09
16,MICHOACAN,2026-01,DESAPARECIDA_O_NO_LOCALIZADA,HOMBRE,16085,TANGANCÍCUARO,3,2026-08-09
16,MICHOACAN,2026-01,DESAPARECIDA_O_NO_LOCALIZADA,HOMBRE,16088,TARÍMBARO,1,2026-08-09
16,MICHOACAN,2026-01,DESAPARECIDA_O_NO_LOCALIZADA,HOMBRE,16102,URUAPAN,4,2026-08-09
16,MICHOACAN,2026-01,DESAPARECIDA_O_NO_LOCALIZADA,MUJER,16102,URUAPAN,1,2026-08-09
16,MICHOACAN,2026-01,DESAPARECIDA_O_NO_LOCALIZADA,HOMBRE,16108,ZAMORA,4,2026-08-09
16,MICHOACAN,2026-01,DESAPARECIDA_O_NO_LOCALIZADA,MUJER,16108,ZAMORA,1,2026-08-09
16,MICHOACAN,2026-01,DESAPARECIDA_O_NO_LOCALIZADA,MUJER,16110,ZINAPÉCUARO,1,2026-08-09
16,MICHOACAN,2026-01,DESAPARECIDA_O_NO_LOCALIZADA,HOMBRE,16112,ZITÁCUARO,2,2026-08-09
16,MICHOACAN,2026-01,DESAPARECIDA_O_NO_LOCALIZADA,MUJER,16112,ZITÁCUARO,1,2026-08-09
16,MICHOACAN,2026-01,LOCALIZADA_CON_VIDA,HOMBRE,16020,CUITZEO,1,2026-08-09
16,MICHOACAN,2026-01,LOCALIZADA_CON_VIDA,HOMBRE,16022,CHARO,4,2026-08-09
16,MICHOACAN,2026-01,LOCALIZADA_CON_VIDA,MUJER,16022,CHARO,1,2026-08-09
16,MICHOACAN,2026-01,LOCALIZADA_CON_VIDA,HOMBRE,16052,LÁZARO CÁRDENAS,1,2026-08-09
16,MICHOACAN,2026-01,LOCALIZADA_CON_VIDA,HOMBRE,16053,MORELIA,20,2026-08-09
16,MICHOACAN,2026-01,LOCALIZADA_CON_VIDA,MUJER,16053,MORELIA,14,2026-08-09
16,MICHOACAN,2026-01,LOCALIZADA_CON_VIDA,MUJER,16059,NUEVO URECHO,1,2026-08-09
16,MICHOACAN,2026-01,LOCALIZADA_CON_VIDA,HOMBRE,16064,PARÁCUARO,1,2026-08-09
16,MICHOACAN,2026-01,LOCALIZADA_CON_VIDA,HOMBRE,16065,PARACHO,1,2026-08-09
16,MICHOACAN,2026-01,LOCALIZADA_CON_VIDA,HOMBRE,16066,PÁTZCUARO,1,2026-08-09
16,MICHOACAN,2026-01,LOCALIZADA_CON_VIDA,HOMBRE,16069,LA PIEDAD,1,2026-08-09
16,MICHOACAN,2026-01,LOCALIZADA_CON_VIDA,MUJER,16069,LA PIEDAD,1,2026-08-09
16,MICHOACAN,2026-01,LOCALIZADA_CON_VIDA,HOMBRE,16076,SAHUAYO,1,2026-08-09
16,MICHOACAN,2026-01,LOCALIZADA_CON_VIDA,MUJER,16076,SAHUAYO,1,2026-08-09
16,MICHOACAN,2026-01,LOCALIZADA_CON_VIDA,HOMBRE,16079,SALVADOR ESCALANTE,2,2026-08-09
16,MICHOACAN,2026-01,LOCALIZADA_CON_VIDA,HOMBRE,16088,TARÍMBARO,1,2026-08-09
16,MICHOACAN,2026-01,LOCALIZADA_CON_VIDA,HOMBRE,16102,URUAPAN,1,2026-08-09
16,MICHOACAN,2026-01,LOCALIZADA_CON_VIDA,MUJER,16102,URUAPAN,1,2026-08-09
16,MICHOACAN,2026-01,LOCALIZADA_CON_VIDA,MUJER,16107,ZACAPU,1,2026-08-09
16,MICHOACAN,2026-01,LOCALIZADA_CON_VIDA,HOMBRE,16112,ZITÁCUARO,2,2026-08-09
16,MICHOACAN,2026-01,LOCALIZADA_CON_VIDA,MUJER,16112,ZITÁCUARO,2,2026-08-09
16,MICHOACAN,2026-01,LOCALIZADA_SIN_VIDA,HOMBRE,16020,CUITZEO,3,2026-08-09
16,MICHOACAN,2026-01,LOCALIZADA_SIN_VIDA,HOMBRE,16053,MORELIA,3,2026-08-09
16,MICHOACAN,2026-01,LOCALIZADA_SIN_VIDA,MUJER,16053,MORELIA,2,2026-08-09
16,MICHOACAN,2026-01,LOCALIZADA_SIN_VIDA,HOMBRE,16057,NOCUPÉTARO,1,2026-08-09
16,MICHOACAN,2026-01,LOCALIZADA_SIN_VIDA,MUJER,16057,NOCUPÉTARO,1,2026-08-09
16,MICHOACAN,2026-01,LOCALIZADA_SIN_VIDA,MUJER,16071,PURUÁNDIRO,1,2026-08-09
16,MICHOACAN,2026-01,LOCALIZADA_SIN_VIDA,HOMBRE,16102,URUAPAN,1,2026-08-09
16,MICHOACAN,2026-01,LOCALIZADA_SIN_VIDA,MUJER,16102,URUAPAN,1,2026-08-09
16,MICHOACAN,2026-02,DESAPARECIDA_O_NO_LOCALIZADA,HOMBRE,16004,ANGAMACUTIRO,1,2026-08-09
16,MICHOACAN,2026-02,DESAPARECIDA_O_NO_LOCALIZADA,HOMBRE,16006,APATZINGÁN,1,2026-08-09
16,MICHOACAN,2026-02,DESAPARECIDA_O_NO_LOCALIZADA,HOMBRE,16009,ARIO,1,2026-08-09
16,MICHOACAN,2026-02,DESAPARECIDA_O_NO_LOCALIZADA,HOMBRE,16020,CUITZEO,1,2026-08-09
16,MICHOACAN,2026-02,DESAPARECIDA_O_NO_LOCALIZADA,MUJER,16025,CHILCHOTA,1,2026-08-09
16,MICHOACAN,2026-02,DESAPARECIDA_O_NO_LOCALIZADA,HOMBRE,16034,HIDALGO,2,2026-08-09
16,MICHOACAN,2026-02,DESAPARECIDA_O_NO_LOCALIZADA,MUJER,16034,HIDALGO,1,2026-08-09
16,MICHOACAN,2026-02,DESAPARECIDA_O_NO_LOCALIZADA,MUJER,16038,HUETAMO,1,2026-08-09
16,MICHOACAN,2026-02,DESAPARECIDA_O_NO_LOCALIZADA,HOMBRE,16040,INDAPARAPEO,1,2026-08-09
16,MICHOACAN,2026-02,DESAPARECIDA_O_NO_LOCALIZADA,HOMBRE,16045,JIQUILPAN,1,2026-08-09
16,MICHOACAN,2026-02,DESAPARECIDA_O_NO_LOCALIZADA,HOMBRE,16052,LÁZARO CÁRDENAS,3,2026-08-09
16,MICHOACAN,2026-02,DESAPARECIDA_O_NO_LOCALIZADA,HOMBRE,16053,MORELIA,2,2026-08-09
16,MICHOACAN,2026-02,DESAPARECIDA_O_NO_LOCALIZADA,MUJER,16055,MÚGICA,1,2026-08-09
16,MICHOACAN,2026-02,DESAPARECIDA_O_NO_LOCALIZADA,HOMBRE,16060,NUMARÁN,1,2026-08-09
16,MICHOACAN,2026-02,DESAPARECIDA_O_NO_LOCALIZADA,HOMBRE,16063,PANINDÍCUARO,1,2026-08-09
16,MICHOACAN,2026-02,DESAPARECIDA_O_NO_LOCALIZADA,HOMBRE,16069,LA PIEDAD,1,2026-08-09
16,MICHOACAN,2026-02,DESAPARECIDA_O_NO_LOCALIZADA,HOMBRE,16070,PURÉPERO,1,2026-08-09
16,MICHOACAN,2026-02,DESAPARECIDA_O_NO_LOCALIZADA,HOMBRE,16071,PURUÁNDIRO,2,2026-08-09
16,MICHOACAN,2026-02,DESAPARECIDA_O_NO_LOCALIZADA,HOMBRE,16072,QUERÉNDARO,1,2026-08-09
16,MICHOACAN,2026-02,DESAPARECIDA_O_NO_LOCALIZADA,HOMBRE,16076,SAHUAYO,1,2026-08-09
16,MICHOACAN,2026-02,DESAPARECIDA_O_NO_LOCALIZADA,HOMBRE,16079,SALVADOR ESCALANTE,1,2026-08-09
16,MICHOACAN,2026-02,DESAPARECIDA_O_NO_LOCALIZADA,HOMBRE,16082,TACÁMBARO,2,2026-08-09
16,MICHOACAN,2026-02,DESAPARECIDA_O_NO_LOCALIZADA,HOMBRE,16085,TANGANCÍCUARO,1,2026-08-09
16,MICHOACAN,2026-02,DESAPARECIDA_O_NO_LOCALIZADA,HOMBRE,16088,TARÍMBARO,2,2026-08-09
16,MICHOACAN,2026-02,DESAPARECIDA_O_NO_LOCALIZADA,HOMBRE,16098,TUXPAN,1,2026-08-09
16,MICHOACAN,2026-02,DESAPARECIDA_O_NO_LOCALIZADA,HOMBRE,16102,URUAPAN,1,2026-08-09
16,MICHOACAN,2026-02,DESAPARECIDA_O_NO_LOCALIZADA,MUJER,16102,URUAPAN,1,2026-08-09
16,MICHOACAN,2026-02,DESAPARECIDA_O_NO_LOCALIZADA,HOMBRE,16103,VENUSTIANO CARRANZA,1,2026-08-09
16,MICHOACAN,2026-02,DESAPARECIDA_O_NO_LOCALIZADA,HOMBRE,16106,YURÉCUARO,1,2026-08-09
16,MICHOACAN,2026-02,DESAPARECIDA_O_NO_LOCALIZADA,HOMBRE,16108,ZAMORA,4,2026-08-09
16,MICHOACAN,2026-02,DESAPARECIDA_O_NO_LOCALIZADA,MUJER,16108,ZAMORA,1,2026-08-09
16,MICHOACAN,2026-02,DESAPARECIDA_O_NO_LOCALIZADA,HOMBRE,16110,ZINAPÉCUARO,1,2026-08-09
16,MICHOACAN,2026-02,DESAPARECIDA_O_NO_LOCALIZADA,HOMBRE,16112,ZITÁCUARO,4,2026-08-09
16,MICHOACAN,2026-02,DESAPARECIDA_O_NO_LOCALIZADA,MUJER,16112,ZITÁCUARO,2,2026-08-09
16,MICHOACAN,2026-02,DESAPARECIDA_O_NO_LOCALIZADA,HOMBRE,16113,JOSÉ SIXTO VERDUZCO,1,2026-08-09
16,MICHOACAN,2026-02,LOCALIZADA_CON_VIDA,HOMBRE,16013,CARÁCUARO,1,2026-08-09
16,MICHOACAN,2026-02,LOCALIZADA_CON_VIDA,HOMBRE,16015,COALCOMÁN DE VÁZQUEZ PALLARES,1,2026-08-09
16,MICHOACAN,2026-02,LOCALIZADA_CON_VIDA,HOMBRE,16022,CHARO,1,2026-08-09
16,MICHOACAN,2026-02,LOCALIZADA_CON_VIDA,HOMBRE,16039,HUIRAMBA,1,2026-08-09
16,MICHOACAN,2026-02,LOCALIZADA_CON_VIDA,HOMBRE,16052,LÁZARO CÁRDENAS,1,2026-08-09
16,MICHOACAN,2026-02,LOCALIZADA_CON_VIDA,HOMBRE,16053,MORELIA,17,2026-08-09
16,MICHOACAN,2026-02,LOCALIZADA_CON_VIDA,MUJER,16053,MORELIA,13,2026-08-09
16,MICHOACAN,2026-02,LOCALIZADA_CON_VIDA,MUJER,16066,PÁTZCUARO,1,2026-08-09
16,MICHOACAN,2026-02,LOCALIZADA_CON_VIDA,HOMBRE,16069,LA PIEDAD,1,2026-08-09
16,MICHOACAN,2026-02,LOCALIZADA_CON_VIDA,MUJER,16084,TANGAMANDAPIO,1,2026-08-09
16,MICHOACAN,2026-02,LOCALIZADA_CON_VIDA,HOMBRE,16102,URUAPAN,2,2026-08-09
16,MICHOACAN,2026-02,LOCALIZADA_CON_VIDA,MUJER,16102,URUAPAN,2,2026-08-09
16,MICHOACAN,2026-02,LOCALIZADA_CON_VIDA,MUJER,16107,ZACAPU,1,2026-08-09
16,MICHOACAN,2026-02,LOCALIZADA_CON_VIDA,HOMBRE,16112,ZITÁCUARO,3,2026-08-09
16,MICHOACAN,2026-02,LOCALIZADA_CON_VIDA,MUJER,16112,ZITÁCUARO,2,2026-08-09
16,MICHOACAN,2026-02,LOCALIZADA_SIN_VIDA,HOMBRE,16053,MORELIA,2,2026-08-09
16,MICHOACAN,2026-02,LOCALIZADA_SIN_VIDA,HOMBRE,16072,QUERÉNDARO,1,2026-08-09
16,MICHOACAN,2026-03,DESAPARECIDA_O_NO_LOCALIZADA,HOMBRE,16006,APATZINGÁN,1,2026-08-09
16,MICHOACAN,2026-03,DESAPARECIDA_O_NO_LOCALIZADA,MUJER,16006,APATZINGÁN,2,2026-08-09
16,MICHOACAN,2026-03,DESAPARECIDA_O_NO_LOCALIZADA,HOMBRE,16009,ARIO,1,2026-08-09
16,MICHOACAN,2026-03,DESAPARECIDA_O_NO_LOCALIZADA,HOMBRE,16010,ARTEAGA,3,2026-08-09
16,MICHOACAN,2026-03,DESAPARECIDA_O_NO_LOCALIZADA,HOMBRE,16014,COAHUAYANA,1,2026-08-09
16,MICHOACAN,2026-03,DESAPARECIDA_O_NO_LOCALIZADA,HOMBRE,16020,CUITZEO,1,2026-08-09
16,MICHOACAN,2026-03,DESAPARECIDA_O_NO_LOCALIZADA,HOMBRE,16036,HUANDACAREO,2,2026-08-09
16,MICHOACAN,2026-03,DESAPARECIDA_O_NO_LOCALIZADA,HOMBRE,16038,HUETAMO,2,2026-08-09
16,MICHOACAN,2026-03,DESAPARECIDA_O_NO_LOCALIZADA,HOMBRE,16039,HUIRAMBA,1,2026-08-09
16,MICHOACAN,2026-03,DESAPARECIDA_O_NO_LOCALIZADA,HOMBRE,16040,INDAPARAPEO,1,2026-08-09
16,MICHOACAN,2026-03,DESAPARECIDA_O_NO_LOCALIZADA,HOMBRE,16049,MADERO,1,2026-08-09
16,MICHOACAN,2026-03,DESAPARECIDA_O_NO_LOCALIZADA,HOMBRE,16052,LÁZARO CÁRDENAS,2,2026-08-09
16,MICHOACAN,2026-03,DESAPARECIDA_O_NO_LOCALIZADA,MUJER,16052,LÁZARO CÁRDENAS,1,2026-08-09
16,MICHOACAN,2026-03,DESAPARECIDA_O_NO_LOCALIZADA,HOMBRE,16053,MORELIA,11,2026-08-09
16,MICHOACAN,2026-03,DESAPARECIDA_O_NO_LOCALIZADA,MUJER,16053,MORELIA,2,2026-08-09
16,MICHOACAN,2026-03,DESAPARECIDA_O_NO_LOCALIZADA,HOMBRE,16055,MÚGICA,1,2026-08-09
16,MICHOACAN,2026-03,DESAPARECIDA_O_NO_LOCALIZADA,HOMBRE,16069,LA PIEDAD,3,2026-08-09
16,MICHOACAN,2026-03,DESAPARECIDA_O_NO_LOCALIZADA,MUJER,16072,QUERÉNDARO,1,2026-08-09
16,MICHOACAN,2026-03,DESAPARECIDA_O_NO_LOCALIZADA,HOMBRE,16075,LOS REYES,1,2026-08-09
16,MICHOACAN,2026-03,DESAPARECIDA_O_NO_LOCALIZADA,HOMBRE,16076,SAHUAYO,3,2026-08-09
16,MICHOACAN,2026-03,DESAPARECIDA_O_NO_LOCALIZADA,HOMBRE,16082,TACÁMBARO,1,2026-08-09
16,MICHOACAN,2026-03,DESAPARECIDA_O_NO_LOCALIZADA,HOMBRE,16084,TANGAMANDAPIO,2,2026-08-09
16,MICHOACAN,2026-03,DESAPARECIDA_O_NO_LOCALIZADA,HOMBRE,16085,TANGANCÍCUARO,1,2026-08-09
16,MICHOACAN,2026-03,DESAPARECIDA_O_NO_LOCALIZADA,HOMBRE,16088,TARÍMBARO,1,2026-08-09
16,MICHOACAN,2026-03,DESAPARECIDA_O_NO_LOCALIZADA,MUJER,16088,TARÍMBARO,2,2026-08-09
16,MICHOACAN,2026-03,DESAPARECIDA_O_NO_LOCALIZADA,HOMBRE,16100,TZINTZUNTZAN,1,2026-08-09
16,MICHOACAN,2026-03,DESAPARECIDA_O_NO_LOCALIZADA,HOMBRE,16102,URUAPAN,1,2026-08-09
16,MICHOACAN,2026-03,DESAPARECIDA_O_NO_LOCALIZADA,MUJER,16102,URUAPAN,1,2026-08-09
16,MICHOACAN,2026-03,DESAPARECIDA_O_NO_LOCALIZADA,MUJER,16103,VENUSTIANO CARRANZA,1,2026-08-09
16,MICHOACAN,2026-03,DESAPARECIDA_O_NO_LOCALIZADA,HOMBRE,16105,VISTA HERMOSA,1,2026-08-09
16,MICHOACAN,2026-03,DESAPARECIDA_O_NO_LOCALIZADA,HOMBRE,16108,ZAMORA,1,2026-08-09
16,MICHOACAN,2026-03,DESAPARECIDA_O_NO_LOCALIZADA,HOMBRE,16110,ZINAPÉCUARO,1,2026-08-09
16,MICHOACAN,2026-03,DESAPARECIDA_O_NO_LOCALIZADA,HOMBRE,16113,JOSÉ SIXTO VERDUZCO,1,2026-08-09
16,MICHOACAN,2026-03,LOCALIZADA_CON_VIDA,HOMBRE,16052,LÁZARO CÁRDENAS,2,2026-08-09
16,MICHOACAN,2026-03,LOCALIZADA_CON_VIDA,HOMBRE,16053,MORELIA,16,2026-08-09
16,MICHOACAN,2026-03,LOCALIZADA_CON_VIDA,MUJER,16053,MORELIA,11,2026-08-09
16,MICHOACAN,2026-03,LOCALIZADA_CON_VIDA,HOMBRE,16066,PÁTZCUARO,1,2026-08-09
16,MICHOACAN,2026-03,LOCALIZADA_CON_VIDA,MUJER,16066,PÁTZCUARO,1,2026-08-09
16,MICHOACAN,2026-03,LOCALIZADA_CON_VIDA,MUJER,16084,TANGAMANDAPIO,1,2026-08-09
16,MICHOACAN,2026-03,LOCALIZADA_CON_VIDA,HOMBRE,16088,TARÍMBARO,2,2026-08-09
16,MICHOACAN,2026-03,LOCALIZADA_CON_VIDA,HOMBRE,16112,ZITÁCUARO,1,2026-08-09
16,MICHOACAN,2026-03,LOCALIZADA_CON_VIDA,MUJER,16112,ZITÁCUARO,2,2026-08-09
16,MICHOACAN,2026-03,LOCALIZADA_SIN_VIDA,HOMBRE,16053,MORELIA,1,2026-08-09
16,MICHOACAN,2026-04,DESAPARECIDA_O_NO_LOCALIZADA,HOMBRE,16003,ALVARO OBREGÓN,1,2026-08-09
16,MICHOACAN,2026-04,DESAPARECIDA_O_NO_LOCALIZADA,HOMBRE,16004,ANGAMACUTIRO,1,2026-08-09
16,MICHOACAN,2026-04,DESAPARECIDA_O_NO_LOCALIZADA,HOMBRE,16006,APATZINGÁN,2,2026-08-09
16,MICHOACAN,2026-04,DESAPARECIDA_O_NO_LOCALIZADA,MUJER,16006,APATZINGÁN,1,2026-08-09
16,MICHOACAN,2026-04,DESAPARECIDA_O_NO_LOCALIZADA,HOMBRE,16018,COPÁNDARO,1,2026-08-09
16,MICHOACAN,2026-04,DESAPARECIDA_O_NO_LOCALIZADA,HOMBRE,16020,CUITZEO,1,2026-08-09
16,MICHOACAN,2026-04,DESAPARECIDA_O_NO_LOCALIZADA,HOMBRE,16022,CHARO,1,2026-08-09
16,MICHOACAN,2026-04,DESAPARECIDA_O_NO_LOCALIZADA,HOMBRE,16031,EPITACIO HUERTA,1,2026-08-09
16,MICHOACAN,2026-04,DESAPARECIDA_O_NO_LOCALIZADA,HOMBRE,16040,INDAPARAPEO,3,2026-08-09
16,MICHOACAN,2026-04,DESAPARECIDA_O_NO_LOCALIZADA,HOMBRE,16045,JIQUILPAN,1,2026-08-09
16,MICHOACAN,2026-04,DESAPARECIDA_O_NO_LOCALIZADA,HOMBRE,16052,LÁZARO CÁRDENAS,2,2026-08-09
16,MICHOACAN,2026-04,DESAPARECIDA_O_NO_LOCALIZADA,HOMBRE,16053,MORELIA,7,2026-08-09
16,MICHOACAN,2026-04,DESAPARECIDA_O_NO_LOCALIZADA,MUJER,16053,MORELIA,1,2026-08-09
16,MICHOACAN,2026-04,DESAPARECIDA_O_NO_LOCALIZADA,HOMBRE,16055,MÚGICA,1,2026-08-09
16,MICHOACAN,2026-04,DESAPARECIDA_O_NO_LOCALIZADA,HOMBRE,16058,NUEVO PARANGARICUTIRO,1,2026-08-09
16,MICHOACAN,2026-04,DESAPARECIDA_O_NO_LOCALIZADA,HOMBRE,16066,PÁTZCUARO,1,2026-08-09
16,MICHOACAN,2026-04,DESAPARECIDA_O_NO_LOCALIZADA,HOMBRE,16069,LA PIEDAD,2,2026-08-09
16,MICHOACAN,2026-04,DESAPARECIDA_O_NO_LOCALIZADA,HOMBRE,16071,PURUÁNDIRO,4,2026-08-09
16,MICHOACAN,2026-04,DESAPARECIDA_O_NO_LOCALIZADA,HOMBRE,16072,QUERÉNDARO,1,2026-08-09
16,MICHOACAN,2026-04,DESAPARECIDA_O_NO_LOCALIZADA,HOMBRE,16076,SAHUAYO,1,2026-08-09
16,MICHOACAN,2026-04,DESAPARECIDA_O_NO_LOCALIZADA,MUJER,16076,SAHUAYO,1,2026-08-09
16,MICHOACAN,2026-04,DESAPARECIDA_O_NO_LOCALIZADA,MUJER,16083,TANCÍTARO,1,2026-08-09
16,MICHOACAN,2026-04,DESAPARECIDA_O_NO_LOCALIZADA,HOMBRE,16091,TINGÜINDÍN,1,2026-08-09
16,MICHOACAN,2026-04,DESAPARECIDA_O_NO_LOCALIZADA,HOMBRE,16093,TLALPUJAHUA,2,2026-08-09
16,MICHOACAN,2026-04,DESAPARECIDA_O_NO_LOCALIZADA,HOMBRE,16100,TZINTZUNTZAN,1,2026-08-09
16,MICHOACAN,2026-04,DESAPARECIDA_O_NO_LOCALIZADA,HOMBRE,16102,URUAPAN,4,2026-08-09
16,MICHOACAN,2026-04,DESAPARECIDA_O_NO_LOCALIZADA,HOMBRE,16107,ZACAPU,2,2026-08-09
16,MICHOACAN,2026-04,DESAPARECIDA_O_NO_LOCALIZADA,HOMBRE,16108,ZAMORA,8,2026-08-09
16,MICHOACAN,2026-04,DESAPARECIDA_O_NO_LOCALIZADA,MUJER,16108,ZAMORA,1,2026-08-09
16,MICHOACAN,2026-04,DESAPARECIDA_O_NO_LOCALIZADA,HOMBRE,16112,ZITÁCUARO,4,2026-08-09
16,MICHOACAN,2026-04,DESAPARECIDA_O_NO_LOCALIZADA,HOMBRE,16113,JOSÉ SIXTO VERDUZCO,3,2026-08-09
16,MICHOACAN,2026-04,LOCALIZADA_CON_VIDA,HOMBRE,16003,ALVARO OBREGÓN,1,2026-08-09
16,MICHOACAN,2026-04,LOCALIZADA_CON_VIDA,HOMBRE,16006,APATZINGÁN,1,2026-08-09
16,MICHOACAN,2026-04,LOCALIZADA_CON_VIDA,MUJER,16009,ARIO,1,2026-08-09
16,MICHOACAN,2026-04,LOCALIZADA_CON_VIDA,HOMBRE,16026,CHINICUILA,1,2026-08-09
16,MICHOACAN,2026-04,LOCALIZADA_CON_VIDA,MUJER,16034,HIDALGO,1,2026-08-09
16,MICHOACAN,2026-04,LOCALIZADA_CON_VIDA,HOMBRE,16038,HUETAMO,1,2026-08-09
16,MICHOACAN,2026-04,LOCALIZADA_CON_VIDA,HOMBRE,16044,JIMÉNEZ,1,2026-08-09
16,MICHOACAN,2026-04,LOCALIZADA_CON_VIDA,HOMBRE,16053,MORELIA,22,2026-08-09
16,MICHOACAN,2026-04,LOCALIZADA_CON_VIDA,MUJER,16053,MORELIA,14,2026-08-09
16,MICHOACAN,2026-04,LOCALIZADA_CON_VIDA,HOMBRE,16065,PARACHO,1,2026-08-09
16,MICHOACAN,2026-04,LOCALIZADA_CON_VIDA,MUJER,16070,PURÉPERO,1,2026-08-09
16,MICHOACAN,2026-04,LOCALIZADA_CON_VIDA,HOMBRE,16076,SAHUAYO,1,2026-08-09
16,MICHOACAN,2026-04,LOCALIZADA_CON_VIDA,HOMBRE,16078,SANTA ANA MAYA,1,2026-08-09
16,MICHOACAN,2026-04,LOCALIZADA_CON_VIDA,MUJER,16078,SANTA ANA MAYA,2,2026-08-09
16,MICHOACAN,2026-04,LOCALIZADA_CON_VIDA,HOMBRE,16079,SALVADOR ESCALANTE,2,2026-08-09
16,MICHOACAN,2026-04,LOCALIZADA_CON_VIDA,HOMBRE,16088,TARÍMBARO,2,2026-08-09
16,MICHOACAN,2026-04,LOCALIZADA_CON_VIDA,HOMBRE,16093,TLALPUJAHUA,1,2026-08-09
16,MICHOACAN,2026-04,LOCALIZADA_CON_VIDA,MUJER,16093,TLALPUJAHUA,1,2026-08-09
16,MICHOACAN,2026-04,LOCALIZADA_CON_VIDA,HOMBRE,16102,URUAPAN,4,2026-08-09
16,MICHOACAN,2026-04,LOCALIZADA_CON_VIDA,MUJER,16102,URUAPAN,1,2026-08-09
16,MICHOACAN,2026-04,LOCALIZADA_CON_VIDA,HOMBRE,16107,ZACAPU,1,2026-08-09
16,MICHOACAN,2026-04,LOCALIZADA_CON_VIDA,MUJER,16108,ZAMORA,6,2026-08-09
16,MICHOACAN,2026-04,LOCALIZADA_CON_VIDA,HOMBRE,16110,ZINAPÉCUARO,4,2026-08-09
16,MICHOACAN,2026-04,LOCALIZADA_CON_VIDA,MUJER,16110,ZINAPÉCUARO,4,2026-08-09
16,MICHOACAN,2026-04,LOCALIZADA_CON_VIDA,HOMBRE,16112,ZITÁCUARO,1,2026-08-09
16,MICHOACAN,2026-04,LOCALIZADA_CON_VIDA,MUJER,16112,ZITÁCUARO,1,2026-08-09
16,MICHOACAN,2026-04,LOCALIZADA_SIN_VIDA,HOMBRE,16053,MORELIA,1,2026-08-09
16,MICHOACAN,2026-04,LOCALIZADA_SIN_VIDA,HOMBRE,16079,SALVADOR ESCALANTE,1,2026-08-09
16,MICHOACAN,2026-05,DESAPARECIDA_O_NO_LOCALIZADA,HOMBRE,16003,ALVARO OBREGÓN,1,2026-08-09
16,MICHOACAN,2026-05,DESAPARECIDA_O_NO_LOCALIZADA,HOMBRE,16006,APATZINGÁN,6,2026-08-09
16,MICHOACAN,2026-05,DESAPARECIDA_O_NO_LOCALIZADA,MUJER,16006,APATZINGÁN,1,2026-08-09
16,MICHOACAN,2026-05,DESAPARECIDA_O_NO_LOCALIZADA,HOMBRE,16012,BUENAVISTA,1,2026-08-09
16,MICHOACAN,2026-05,DESAPARECIDA_O_NO_LOCALIZADA,HOMBRE,16026,CHINICUILA,1,2026-08-09
16,MICHOACAN,2026-05,DESAPARECIDA_O_NO_LOCALIZADA,HOMBRE,16033,GABRIEL ZAMORA,1,2026-08-09
16,MICHOACAN,2026-05,DESAPARECIDA_O_NO_LOCALIZADA,HOMBRE,16034,HIDALGO,1,2026-08-09
16,MICHOACAN,2026-05,DESAPARECIDA_O_NO_LOCALIZADA,HOMBRE,16037,HUANIQUEO,4,2026-08-09
16,MICHOACAN,2026-05,DESAPARECIDA_O_NO_LOCALIZADA,MUJER,16037,HUANIQUEO,1,2026-08-09
16,MICHOACAN,2026-05,DESAPARECIDA_O_NO_LOCALIZADA,HOMBRE,16043,JACONA,2,2026-08-09
16,MICHOACAN,2026-05,DESAPARECIDA_O_NO_LOCALIZADA,MUJER,16043,JACONA,3,2026-08-09
16,MICHOACAN,2026-05,DESAPARECIDA_O_NO_LOCALIZADA,HOMBRE,16049,MADERO,1,2026-08-09
16,MICHOACAN,2026-05,DESAPARECIDA_O_NO_LOCALIZADA,MUJER,16050,MARAVATÍO,1,2026-08-09
16,MICHOACAN,2026-05,DESAPARECIDA_O_NO_LOCALIZADA,HOMBRE,16052,LÁZARO CÁRDENAS,4,2026-08-09
16,MICHOACAN,2026-05,DESAPARECIDA_O_NO_LOCALIZADA,HOMBRE,16053,MORELIA,11,2026-08-09
16,MICHOACAN,2026-05,DESAPARECIDA_O_NO_LOCALIZADA,MUJER,16053,MORELIA,1,2026-08-09
16,MICHOACAN,2026-05,DESAPARECIDA_O_NO_LOCALIZADA,HOMBRE,16056,NAHUATZEN,1,2026-08-09
16,MICHOACAN,2026-05,DESAPARECIDA_O_NO_LOCALIZADA,HOMBRE,16057,NOCUPÉTARO,1,2026-08-09
16,MICHOACAN,2026-05,DESAPARECIDA_O_NO_LOCALIZADA,HOMBRE,16061,OCAMPO,1,2026-08-09
16,MICHOACAN,2026-05,DESAPARECIDA_O_NO_LOCALIZADA,MUJER,16061,OCAMPO,1,2026-08-09
16,MICHOACAN,2026-05,DESAPARECIDA_O_NO_LOCALIZADA,MUJER,16062,PAJACUARÁN,1,2026-08-09
16,MICHOACAN,2026-05,DESAPARECIDA_O_NO_LOCALIZADA,HOMBRE,16063,PANINDÍCUARO,1,2026-08-09
16,MICHOACAN,2026-05,DESAPARECIDA_O_NO_LOCALIZADA,MUJER,16063,PANINDÍCUARO,1,2026-08-09
16,MICHOACAN,2026-05,DESAPARECIDA_O_NO_LOCALIZADA,MUJER,16065,PARACHO,1,2026-08-09
16,MICHOACAN,2026-05,DESAPARECIDA_O_NO_LOCALIZADA,HOMBRE,16066,PÁTZCUARO,1,2026-08-09
16,MICHOACAN,2026-05,DESAPARECIDA_O_NO_LOCALIZADA,HOMBRE,16069,LA PIEDAD,2,2026-08-09
16,MICHOACAN,2026-05,DESAPARECIDA_O_NO_LOCALIZADA,MUJER,16069,LA PIEDAD,2,2026-08-09
16,MICHOACAN,2026-05,DESAPARECIDA_O_NO_LOCALIZADA,HOMBRE,16071,PURUÁNDIRO,8,2026-08-09
16,MICHOACAN,2026-05,DESAPARECIDA_O_NO_LOCALIZADA,MUJER,16071,PURUÁNDIRO,1,2026-08-09
16,MICHOACAN,2026-05,DESAPARECIDA_O_NO_LOCALIZADA,HOMBRE,16073,QUIROGA,2,2026-08-09
16,MICHOACAN,2026-05,DESAPARECIDA_O_NO_LOCALIZADA,HOMBRE,16075,LOS REYES,2,2026-08-09
16,MICHOACAN,2026-05,DESAPARECIDA_O_NO_LOCALIZADA,MUJER,16075,LOS REYES,1,2026-08-09
16,MICHOACAN,2026-05,DESAPARECIDA_O_NO_LOCALIZADA,HOMBRE,16076,SAHUAYO,2,2026-08-09
16,MICHOACAN,2026-05,DESAPARECIDA_O_NO_LOCALIZADA,HOMBRE,16079,SALVADOR ESCALANTE,1,2026-08-09
16,MICHOACAN,2026-05,DESAPARECIDA_O_NO_LOCALIZADA,MUJER,16079,SALVADOR ESCALANTE,1,2026-08-09
16,MICHOACAN,2026-05,DESAPARECIDA_O_NO_LOCALIZADA,HOMBRE,16080,SENGUIO,1,2026-08-09
16,MICHOACAN,2026-05,DESAPARECIDA_O_NO_LOCALIZADA,HOMBRE,16082,TACÁMBARO,1,2026-08-09
16,MICHOACAN,2026-05,DESAPARECIDA_O_NO_LOCALIZADA,HOMBRE,16084,TANGAMANDAPIO,2,2026-08-09
16,MICHOACAN,2026-05,DESAPARECIDA_O_NO_LOCALIZADA,MUJER,16085,TANGANCÍCUARO,1,2026-08-09
16,MICHOACAN,2026-05,DESAPARECIDA_O_NO_LOCALIZADA,HOMBRE,16088,TARÍMBARO,1,2026-08-09
16,MICHOACAN,2026-05,DESAPARECIDA_O_NO_LOCALIZADA,HOMBRE,16089,TEPALCATEPEC,5,2026-08-09
16,MICHOACAN,2026-05,DESAPARECIDA_O_NO_LOCALIZADA,HOMBRE,16090,TINGAMBATO,1,2026-08-09
16,MICHOACAN,2026-05,DESAPARECIDA_O_NO_LOCALIZADA,HOMBRE,16102,URUAPAN,7,2026-08-09
16,MICHOACAN,2026-05,DESAPARECIDA_O_NO_LOCALIZADA,MUJER,16102,URUAPAN,1,2026-08-09
16,MICHOACAN,2026-05,DESAPARECIDA_O_NO_LOCALIZADA,HOMBRE,16105,VISTA HERMOSA,1,2026-08-09
16,MICHOACAN,2026-05,DESAPARECIDA_O_NO_LOCALIZADA,HOMBRE,16107,ZACAPU,1,2026-08-09
16,MICHOACAN,2026-05,DESAPARECIDA_O_NO_LOCALIZADA,HOMBRE,16108,ZAMORA,2,2026-08-09
16,MICHOACAN,2026-05,DESAPARECIDA_O_NO_LOCALIZADA,HOMBRE,16110,ZINAPÉCUARO,1,2026-08-09
16,MICHOACAN,2026-05,DESAPARECIDA_O_NO_LOCALIZADA,HOMBRE,16112,ZITÁCUARO,3,2026-08-09
16,MICHOACAN,2026-05,DESAPARECIDA_O_NO_LOCALIZADA,HOMBRE,16113,JOSÉ SIXTO VERDUZCO,5,2026-08-09
16,MICHOACAN,2026-05,LOCALIZADA_CON_VIDA,HOMBRE,16003,ALVARO OBREGÓN,2,2026-08-09
16,MICHOACAN,2026-05,LOCALIZADA_CON_VIDA,HOMBRE,16006,APATZINGÁN,2,2026-08-09
16,MICHOACAN,2026-05,LOCALIZADA_CON_VIDA,HOMBRE,16009,ARIO,1,2026-08-09
16,MICHOACAN,2026-05,LOCALIZADA_CON_VIDA,MUJER,16020,CUITZEO,1,2026-08-09
16,MICHOACAN,2026-05,LOCALIZADA_CON_VIDA,MUJER,16022,CHARO,1,2026-08-09
16,MICHOACAN,2026-05,LOCALIZADA_CON_VIDA,HOMBRE,16030,ECUANDUREO,1,2026-08-09
16,MICHOACAN,2026-05,LOCALIZADA_CON_VIDA,MUJER,16040,INDAPARAPEO,1,2026-08-09
16,MICHOACAN,2026-05,LOCALIZADA_CON_VIDA,HOMBRE,16041,IRIMBO,1,2026-08-09
16,MICHOACAN,2026-05,LOCALIZADA_CON_VIDA,MUJER,16041,IRIMBO,1,2026-08-09
16,MICHOACAN,2026-05,LOCALIZADA_CON_VIDA,MUJER,16047,JUNGAPEO,1,2026-08-09
16,MICHOACAN,2026-05,LOCALIZADA_CON_VIDA,MUJER,16050,MARAVATÍO,1,2026-08-09
16,MICHOACAN,2026-05,LOCALIZADA_CON_VIDA,HOMBRE,16052,LÁZARO CÁRDENAS,1,2026-08-09
16,MICHOACAN,2026-05,LOCALIZADA_CON_VIDA,HOMBRE,16053,MORELIA,20,2026-08-09
16,MICHOACAN,2026-05,LOCALIZADA_CON_VIDA,MUJER,16053,MORELIA,16,2026-08-09
16,MICHOACAN,2026-05,LOCALIZADA_CON_VIDA,MUJER,16082,TACÁMBARO,2,2026-08-09
16,MICHOACAN,2026-05,LOCALIZADA_CON_VIDA,MUJER,16083,TANCÍTARO,1,2026-08-09
16,MICHOACAN,2026-05,LOCALIZADA_CON_VIDA,HOMBRE,16085,TANGANCÍCUARO,1,2026-08-09
16,MICHOACAN,2026-05,LOCALIZADA_CON_VIDA,HOMBRE,16088,TARÍMBARO,2,2026-08-09
16,MICHOACAN,2026-05,LOCALIZADA_CON_VIDA,HOMBRE,16102,URUAPAN,4,2026-08-09
16,MICHOACAN,2026-05,LOCALIZADA_CON_VIDA,MUJER,16102,URUAPAN,2,2026-08-09
16,MICHOACAN,2026-05,LOCALIZADA_CON_VIDA,HOMBRE,16112,ZITÁCUARO,3,2026-08-09
16,MICHOACAN,2026-05,LOCALIZADA_SIN_VIDA,HOMBRE,16037,HUANIQUEO,1,2026-08-09
16,MICHOACAN,2026-05,LOCALIZADA_SIN_VIDA,HOMBRE,16050,MARAVATÍO,1,2026-08-09
16,MICHOACAN,2026-05,LOCALIZADA_SIN_VIDA,HOMBRE,16053,MORELIA,2,2026-08-09
16,MICHOACAN,2026-05,LOCALIZADA_SIN_VIDA,HOMBRE,16102,URUAPAN,1,2026-08-09
16,MICHOACAN,2026-06,DESAPARECIDA_O_NO_LOCALIZADA,HOMBRE,16003,ALVARO OBREGÓN,1,2026-08-09
16,MICHOACAN,2026-06,DESAPARECIDA_O_NO_LOCALIZADA,HOMBRE,16006,APATZINGÁN,1,2026-08-09
16,MICHOACAN,2026-06,DESAPARECIDA_O_NO_LOCALIZADA,MUJER,16006,APATZINGÁN,1,2026-08-09
16,MICHOACAN,2026-06,DESAPARECIDA_O_NO_LOCALIZADA,HOMBRE,16020,CUITZEO,1,2026-08-09
16,MICHOACAN,2026-06,DESAPARECIDA_O_NO_LOCALIZADA,HOMBRE,16021,CHARAPAN,1,2026-08-09
16,MICHOACAN,2026-06,DESAPARECIDA_O_NO_LOCALIZADA,HOMBRE,16025,CHILCHOTA,1,2026-08-09
16,MICHOACAN,2026-06,DESAPARECIDA_O_NO_LOCALIZADA,MUJER,16029,CHURUMUCO,1,2026-08-09
16,MICHOACAN,2026-06,DESAPARECIDA_O_NO_LOCALIZADA,HOMBRE,16034,HIDALGO,2,2026-08-09
16,MICHOACAN,2026-06,DESAPARECIDA_O_NO_LOCALIZADA,HOMBRE,16043,JACONA,2,2026-08-09
16,MICHOACAN,2026-06,DESAPARECIDA_O_NO_LOCALIZADA,MUJER,16043,JACONA,1,2026-08-09
16,MICHOACAN,2026-06,DESAPARECIDA_O_NO_LOCALIZADA,HOMBRE,16046,JUÁREZ,1,2026-08-09
16,MICHOACAN,2026-06,DESAPARECIDA_O_NO_LOCALIZADA,HOMBRE,16052,LÁZARO CÁRDENAS,4,2026-08-09
16,MICHOACAN,2026-06,DESAPARECIDA_O_NO_LOCALIZADA,MUJER,16052,LÁZARO CÁRDENAS,3,2026-08-09
16,MICHOACAN,2026-06,DESAPARECIDA_O_NO_LOCALIZADA,HOMBRE,16053,MORELIA,9,2026-08-09
16,MICHOACAN,2026-06,DESAPARECIDA_O_NO_LOCALIZADA,MUJER,16053,MORELIA,2,2026-08-09
16,MICHOACAN,2026-06,DESAPARECIDA_O_NO_LOCALIZADA,HOMBRE,16068,PERIBÁN,1,2026-08-09
16,MICHOACAN,2026-06,DESAPARECIDA_O_NO_LOCALIZADA,HOMBRE,16069,LA PIEDAD,4,2026-08-09
16,MICHOACAN,2026-06,DESAPARECIDA_O_NO_LOCALIZADA,MUJER,16069,LA PIEDAD,1,2026-08-09
16,MICHOACAN,2026-06,DESAPARECIDA_O_NO_LOCALIZADA,HOMBRE,16071,PURUÁNDIRO,1,2026-08-09
16,MICHOACAN,2026-06,DESAPARECIDA_O_NO_LOCALIZADA,HOMBRE,16075,LOS REYES,4,2026-08-09
16,MICHOACAN,2026-06,DESAPARECIDA_O_NO_LOCALIZADA,MUJER,16076,SAHUAYO,1,2026-08-09
16,MICHOACAN,2026-06,DESAPARECIDA_O_NO_LOCALIZADA,MUJER,16079,SALVADOR ESCALANTE,1,2026-08-09
16,MICHOACAN,2026-06,DESAPARECIDA_O_NO_LOCALIZADA,HOMBRE,16084,TANGAMANDAPIO,1,2026-08-09
16,MICHOACAN,2026-06,DESAPARECIDA_O_NO_LOCALIZADA,HOMBRE,16090,TINGAMBATO,1,2026-08-09
16,MICHOACAN,2026-06,DESAPARECIDA_O_NO_LOCALIZADA,HOMBRE,16097,TURICATO,1,2026-08-09
16,MICHOACAN,2026-06,DESAPARECIDA_O_NO_LOCALIZADA,HOMBRE,16102,URUAPAN,11,2026-08-09
16,MICHOACAN,2026-06,DESAPARECIDA_O_NO_LOCALIZADA,MUJER,16102,URUAPAN,3,2026-08-09
16,MICHOACAN,2026-06,DESAPARECIDA_O_NO_LOCALIZADA,HOMBRE,16106,YURÉCUARO,1,2026-08-09
16,MICHOACAN,2026-06,DESAPARECIDA_O_NO_LOCALIZADA,HOMBRE,16107,ZACAPU,1,2026-08-09
16,MICHOACAN,2026-06,DESAPARECIDA_O_NO_LOCALIZADA,HOMBRE,16108,ZAMORA,2,2026-08-09
16,MICHOACAN,2026-06,DESAPARECIDA_O_NO_LOCALIZADA,MUJER,16108,ZAMORA,4,2026-08-09
16,MICHOACAN,2026-06,DESAPARECIDA_O_NO_LOCALIZADA,HOMBRE,16110,ZINAPÉCUARO,2,2026-08-09
16,MICHOACAN,2026-06,DESAPARECIDA_O_NO_LOCALIZADA,HOMBRE,16112,ZITÁCUARO,2,2026-08-09
16,MICHOACAN,2026-06,DESAPARECIDA_O_NO_LOCALIZADA,HOMBRE,16113,JOSÉ SIXTO VERDUZCO,1,2026-08-09
16,MICHOACAN,2026-06,LOCALIZADA_CON_VIDA,HOMBRE,16003,ALVARO OBREGÓN,1,2026-08-09
16,MICHOACAN,2026-06,LOCALIZADA_CON_VIDA,HOMBRE,16006,APATZINGÁN,2,2026-08-09
16,MICHOACAN,2026-06,LOCALIZADA_CON_VIDA,HOMBRE,16008,AQUILA,1,2026-08-09
16,MICHOACAN,2026-06,LOCALIZADA_CON_VIDA,MUJER,16015,COALCOMÁN DE VÁZQUEZ PALLARES,1,2026-08-09
16,MICHOACAN,2026-06,LOCALIZADA_CON_VIDA,HOMBRE,16018,COPÁNDARO,3,2026-08-09
16,MICHOACAN,2026-06,LOCALIZADA_CON_VIDA,MUJER,16030,ECUANDUREO,1,2026-08-09
16,MICHOACAN,2026-06,LOCALIZADA_CON_VIDA,HOMBRE,16034,HIDALGO,1,2026-08-09
16,MICHOACAN,2026-06,LOCALIZADA_CON_VIDA,MUJER,16037,HUANIQUEO,1,2026-08-09
16,MICHOACAN,2026-06,LOCALIZADA_CON_VIDA,HOMBRE,16040,INDAPARAPEO,1,2026-08-09
16,MICHOACAN,2026-06,LOCALIZADA_CON_VIDA,MUJER,16040,INDAPARAPEO,1,2026-08-09
16,MICHOACAN,2026-06,LOCALIZADA_CON_VIDA,HOMBRE,16052,LÁZARO CÁRDENAS,1,2026-08-09
16,MICHOACAN,2026-06,LOCALIZADA_CON_VIDA,MUJER,16052,LÁZARO CÁRDENAS,1,2026-08-09
16,MICHOACAN,2026-06,LOCALIZADA_CON_VIDA,HOMBRE,16053,MORELIA,19,2026-08-09
16,MICHOACAN,2026-06,LOCALIZADA_CON_VIDA,MUJER,16053,MORELIA,22,2026-08-09
16,MICHOACAN,2026-06,LOCALIZADA_CON_VIDA,HOMBRE,16069,LA PIEDAD,2,2026-08-09
16,MICHOACAN,2026-06,LOCALIZADA_CON_VIDA,MUJER,16069,LA PIEDAD,1,2026-08-09
16,MICHOACAN,2026-06,LOCALIZADA_CON_VIDA,MUJER,16070,PURÉPERO,1,2026-08-09
16,MICHOACAN,2026-06,LOCALIZADA_CON_VIDA,HOMBRE,16082,TACÁMBARO,1,2026-08-09
16,MICHOACAN,2026-06,LOCALIZADA_CON_VIDA,MUJER,16087,TARETAN,1,2026-08-09
16,MICHOACAN,2026-06,LOCALIZADA_CON_VIDA,MUJER,16088,TARÍMBARO,2,2026-08-09
16,MICHOACAN,2026-06,LOCALIZADA_CON_VIDA,HOMBRE,16093,TLALPUJAHUA,1,2026-08-09
16,MICHOACAN,2026-06,LOCALIZADA_CON_VIDA,HOMBRE,16102,URUAPAN,4,2026-08-09
16,MICHOACAN,2026-06,LOCALIZADA_CON_VIDA,MUJER,16102,URUAPAN,6,2026-08-09
16,MICHOACAN,2026-06,LOCALIZADA_CON_VIDA,HOMBRE,16103,VENUSTIANO CARRANZA,2,2026-08-09
16,MICHOACAN,2026-06,LOCALIZADA_CON_VIDA,MUJER,16103,VENUSTIANO CARRANZA,1,2026-08-09
16,MICHOACAN,2026-06,LOCALIZADA_CON_VIDA,HOMBRE,16106,YURÉCUARO,2,2026-08-09
16,MICHOACAN,2026-06,LOCALIZADA_CON_VIDA,HOMBRE,16108,ZAMORA,1,2026-08-09
16,MICHOACAN,2026-06,LOCALIZADA_CON_VIDA,MUJER,16108,ZAMORA,1,2026-08-09
16,MICHOACAN,2026-06,LOCALIZADA_CON_VIDA,HOMBRE,16112,ZITÁCUARO,3,2026-08-09
16,MICHOACAN,2026-06,LOCALIZADA_CON_VIDA,MUJER,16112,ZITÁCUARO,4,2026-08-09
16,MICHOACAN,2026-06,LOCALIZADA_SIN_VIDA,HOMBRE,16053,MORELIA,4,2026-08-09
16,MICHOACAN,2026-06,LOCALIZADA_SIN_VIDA,MUJER,16102,URUAPAN,1,2026-08-09
16,MICHOACAN,2026-07,DESAPARECIDA_O_NO_LOCALIZADA,HOMBRE,16006,APATZINGÁN,1,2026-08-09
16,MICHOACAN,2026-07,DESAPARECIDA_O_NO_LOCALIZADA,MUJER,16009,ARIO,1,2026-08-09
16,MICHOACAN,2026-07,DESAPARECIDA_O_NO_LOCALIZADA,MUJER,16020,CUITZEO,1,2026-08-09
16,MICHOACAN,2026-07,DESAPARECIDA_O_NO_LOCALIZADA,HOMBRE,16034,HIDALGO,3,2026-08-09
16,MICHOACAN,2026-07,DESAPARECIDA_O_NO_LOCALIZADA,MUJER,16034,HIDALGO,2,2026-08-09
16,MICHOACAN,2026-07,DESAPARECIDA_O_NO_LOCALIZADA,HOMBRE,16040,INDAPARAPEO,2,2026-08-09
16,MICHOACAN,2026-07,DESAPARECIDA_O_NO_LOCALIZADA,MUJER,16040,INDAPARAPEO,2,2026-08-09
16,MICHOACAN,2026-07,DESAPARECIDA_O_NO_LOCALIZADA,HOMBRE,16043,JACONA,6,2026-08-09
16,MICHOACAN,2026-07,DESAPARECIDA_O_NO_LOCALIZADA,MUJER,16043,JACONA,1,2026-08-09
16,MICHOACAN,2026-07,DESAPARECIDA_O_NO_LOCALIZADA,MUJER,16045,JIQUILPAN,1,2026-08-09
16,MICHOACAN,2026-07,DESAPARECIDA_O_NO_LOCALIZADA,HOMBRE,16052,LÁZARO CÁRDENAS,3,2026-08-09
16,MICHOACAN,2026-07,DESAPARECIDA_O_NO_LOCALIZADA,MUJER,16052,LÁZARO CÁRDENAS,2,2026-08-09
16,MICHOACAN,2026-07,DESAPARECIDA_O_NO_LOCALIZADA,HOMBRE,16053,MORELIA,11,2026-08-09
16,MICHOACAN,2026-07,DESAPARECIDA_O_NO_LOCALIZADA,MUJER,16053,MORELIA,5,2026-08-09
16,MICHOACAN,2026-07,DESAPARECIDA_O_NO_LOCALIZADA,MUJER,16066,PÁTZCUARO,1,2026-08-09
16,MICHOACAN,2026-07,DESAPARECIDA_O_NO_LOCALIZADA,MUJER,16067,PENJAMILLO,1,2026-08-09
16,MICHOACAN,2026-07,DESAPARECIDA_O_NO_LOCALIZADA,HOMBRE,16069,LA PIEDAD,2,2026-08-09
16,MICHOACAN,2026-07,DESAPARECIDA_O_NO_LOCALIZADA,MUJER,16069,LA PIEDAD,1,2026-08-09
16,MICHOACAN,2026-07,DESAPARECIDA_O_NO_LOCALIZADA,HOMBRE,16070,PURÉPERO,1,2026-08-09
16,MICHOACAN,2026-07,DESAPARECIDA_O_NO_LOCALIZADA,HOMBRE,16071,PURUÁNDIRO,4,2026-08-09
16,MICHOACAN,2026-07,DESAPARECIDA_O_NO_LOCALIZADA,MUJER,16071,PURUÁNDIRO,2,2026-08-09
16,MICHOACAN,2026-07,DESAPARECIDA_O_NO_LOCALIZADA,HOMBRE,16076,SAHUAYO,1,2026-08-09
16,MICHOACAN,2026-07,DESAPARECIDA_O_NO_LOCALIZADA,HOMBRE,16078,SANTA ANA MAYA,1,2026-08-09
16,MICHOACAN,2026-07,DESAPARECIDA_O_NO_LOCALIZADA,HOMBRE,16079,SALVADOR ESCALANTE,1,2026-08-09
16,MICHOACAN,2026-07,DESAPARECIDA_O_NO_LOCALIZADA,HOMBRE,16091,TINGÜINDÍN,1,2026-08-09
16,MICHOACAN,2026-07,DESAPARECIDA_O_NO_LOCALIZADA,MUJER,16102,URUAPAN,1,2026-08-09
16,MICHOACAN,2026-07,DESAPARECIDA_O_NO_LOCALIZADA,HOMBRE,16106,YURÉCUARO,1,2026-08-09
16,MICHOACAN,2026-07,DESAPARECIDA_O_NO_LOCALIZADA,HOMBRE,16108,ZAMORA,6,2026-08-09
16,MICHOACAN,2026-07,DESAPARECIDA_O_NO_LOCALIZADA,MUJER,16108,ZAMORA,2,2026-08-09
16,MICHOACAN,2026-07,DESAPARECIDA_O_NO_LOCALIZADA,HOMBRE,16110,ZINAPÉCUARO,2,2026-08-09
16,MICHOACAN,2026-07,DESAPARECIDA_O_NO_LOCALIZADA,HOMBRE,16112,ZITÁCUARO,1,2026-08-09
16,MICHOACAN,2026-07,DESAPARECIDA_O_NO_LOCALIZADA,MUJER,16112,ZITÁCUARO,2,2026-08-09
16,MICHOACAN,2026-07,DESAPARECIDA_O_NO_LOCALIZADA,HOMBRE,16113,JOSÉ SIXTO VERDUZCO,2,2026-08-09
16,MICHOACAN,2026-07,LOCALIZADA_CON_VIDA,HOMBRE,16006,APATZINGÁN,1,2026-08-09
16,MICHOACAN,2026-07,LOCALIZADA_CON_VIDA,HOMBRE,16030,ECUANDUREO,1,2026-08-09
16,MICHOACAN,2026-07,LOCALIZADA_CON_VIDA,MUJER,16034,HIDALGO,1,2026-08-09
16,MICHOACAN,2026-07,LOCALIZADA_CON_VIDA,MUJER,16050,MARAVATÍO,2,2026-08-09
16,MICHOACAN,2026-07,LOCALIZADA_CON_VIDA,HOMBRE,16053,MORELIA,5,2026-08-09
16,MICHOACAN,2026-07,LOCALIZADA_CON_VIDA,MUJER,16053,MORELIA,6,2026-08-09
16,MICHOACAN,2026-07,LOCALIZADA_CON_VIDA,HOMBRE,16065,PARACHO,1,2026-08-09
16,MICHOACAN,2026-07,LOCALIZADA_CON_VIDA,MUJER,16069,LA PIEDAD,1,2026-08-09
16,MICHOACAN,2026-07,LOCALIZADA_CON_VIDA,HOMBRE,16079,SALVADOR ESCALANTE,1,2026-08-09
16,MICHOACAN,2026-07,LOCALIZADA_CON_VIDA,MUJER,16087,TARETAN,1,2026-08-09
16,MICHOACAN,2026-07,LOCALIZADA_CON_VIDA,MUJER,16088,TARÍMBARO,1,2026-08-09
16,MICHOACAN,2026-07,LOCALIZADA_CON_VIDA,MUJER,16089,TEPALCATEPEC,1,2026-08-09
16,MICHOACAN,2026-07,LOCALIZADA_CON_VIDA,MUJER,16094,TLAZAZALCA,1,2026-08-09
16,MICHOACAN,2026-07,LOCALIZADA_CON_VIDA,MUJER,16101,TZITZIO,1,2026-08-09
16,MICHOACAN,2026-07,LOCALIZADA_CON_VIDA,HOMBRE,16102,URUAPAN,4,2026-08-09
16,MICHOACAN,2026-07,LOCALIZADA_CON_VIDA,HOMBRE,16112,ZITÁCUARO,1,2026-08-09
16,MICHOACAN,2026-07,LOCALIZADA_CON_VIDA,MUJER,16112,ZITÁCUARO,3,2026-08-09
16,MICHOACAN,2026-07,LOCALIZADA_SIN_VIDA,HOMBRE,16006,APATZINGÁN,1,2026-08-09
16,MICHOACAN,SIN_FECHA,DESAPARECIDA_O_NO_LOCALIZADA,,,,130,2026-08-09
16,MICHOACAN,SIN_FECHA,LOCALIZADA_CON_VIDA,,,,222,2026-08-09
16,MICHOACAN,SIN_FECHA,LOCALIZADA_SIN_VIDA,,,,18,2026-08-09
17,MORELOS,2026-01,DESAPARECIDA_O_NO_LOCALIZADA,MUJER,17006,CUAUTLA,1,2026-08-09
17,MORELOS,2026-01,DESAPARECIDA_O_NO_LOCALIZADA,HOMBRE,17007,CUERNAVACA,1,2026-08-09
17,MORELOS,2026-01,DESAPARECIDA_O_NO_LOCALIZADA,HOMBRE,17011,JIUTEPEC,1,2026-08-09
17,MORELOS,2026-01,DESAPARECIDA_O_NO_LOCALIZADA,MUJER,17011,JIUTEPEC,1,2026-08-09
17,MORELOS,2026-01,DESAPARECIDA_O_NO_LOCALIZADA,MUJER,17014,MAZATEPEC,1,2026-08-09
17,MORELOS,2026-01,DESAPARECIDA_O_NO_LOCALIZADA,MUJER,17017,PUENTE DE IXTLA,1,2026-08-09
17,MORELOS,2026-01,DESAPARECIDA_O_NO_LOCALIZADA,HOMBRE,17018,TEMIXCO,1,2026-08-09
17,MORELOS,2026-01,DESAPARECIDA_O_NO_LOCALIZADA,HOMBRE,17025,TLAQUILTENANGO,1,2026-08-09
17,MORELOS,2026-01,LOCALIZADA_CON_VIDA,MUJER,17003,AXOCHIAPAN,1,2026-08-09
17,MORELOS,2026-01,LOCALIZADA_CON_VIDA,HOMBRE,17004,AYALA,2,2026-08-09
17,MORELOS,2026-01,LOCALIZADA_CON_VIDA,MUJER,17004,AYALA,1,2026-08-09
17,MORELOS,2026-01,LOCALIZADA_CON_VIDA,MUJER,17005,COATLÁN DEL RÍO,1,2026-08-09
17,MORELOS,2026-01,LOCALIZADA_CON_VIDA,HOMBRE,17007,CUERNAVACA,2,2026-08-09
17,MORELOS,2026-01,LOCALIZADA_CON_VIDA,MUJER,17007,CUERNAVACA,2,2026-08-09
17,MORELOS,2026-01,LOCALIZADA_CON_VIDA,HOMBRE,17008,EMILIANO ZAPATA,1,2026-08-09
17,MORELOS,2026-01,LOCALIZADA_CON_VIDA,MUJER,17009,HUITZILAC,1,2026-08-09
17,MORELOS,2026-01,LOCALIZADA_CON_VIDA,HOMBRE,17011,JIUTEPEC,3,2026-08-09
17,MORELOS,2026-01,LOCALIZADA_CON_VIDA,MUJER,17012,JOJUTLA,2,2026-08-09
17,MORELOS,2026-01,LOCALIZADA_CON_VIDA,HOMBRE,17018,TEMIXCO,2,2026-08-09
17,MORELOS,2026-01,LOCALIZADA_CON_VIDA,MUJER,17018,TEMIXCO,3,2026-08-09
17,MORELOS,2026-01,LOCALIZADA_CON_VIDA,HOMBRE,17020,TEPOZTLÁN,2,2026-08-09
17,MORELOS,2026-01,LOCALIZADA_CON_VIDA,MUJER,17020,TEPOZTLÁN,1,2026-08-09
17,MORELOS,2026-01,LOCALIZADA_CON_VIDA,HOMBRE,17024,TLALTIZAPÁN,2,2026-08-09
17,MORELOS,2026-01,LOCALIZADA_CON_VIDA,MUJER,17024,TLALTIZAPÁN,1,2026-08-09
17,MORELOS,2026-01,LOCALIZADA_CON_VIDA,HOMBRE,17030,YECAPIXTLA,1,2026-08-09
17,MORELOS,2026-01,LOCALIZADA_CON_VIDA,MUJER,17030,YECAPIXTLA,1,2026-08-09
17,MORELOS,2026-01,LOCALIZADA_CON_VIDA,HOMBRE,17031,ZACATEPEC DE HIDALGO,1,2026-08-09
17,MORELOS,2026-01,LOCALIZADA_SIN_VIDA,HOMBRE,17007,CUERNAVACA,1,2026-08-09
17,MORELOS,2026-01,LOCALIZADA_SIN_VIDA,MUJER,17013,JONACATEPEC,1,2026-08-09
17,MORELOS,2026-01,LOCALIZADA_SIN_VIDA,HOMBRE,17024,TLALTIZAPÁN,1,2026-08-09
17,MORELOS,2026-01,LOCALIZADA_SIN_VIDA,HOMBRE,17031,ZACATEPEC DE HIDALGO,1,2026-08-09
17,MORELOS,2026-02,DESAPARECIDA_O_NO_LOCALIZADA,HOMBRE,17007,CUERNAVACA,3,2026-08-09
17,MORELOS,2026-02,DESAPARECIDA_O_NO_LOCALIZADA,MUJER,17007,CUERNAVACA,1,2026-08-09
17,MORELOS,2026-02,DESAPARECIDA_O_NO_LOCALIZADA,HOMBRE,17008,EMILIANO ZAPATA,1,2026-08-09
17,MORELOS,2026-02,LOCALIZADA_CON_VIDA,HOMBRE,17004,AYALA,4,2026-08-09
17,MORELOS,2026-02,LOCALIZADA_CON_VIDA,MUJER,17004,AYALA,1,2026-08-09
17,MORELOS,2026-02,LOCALIZADA_CON_VIDA,HOMBRE,17006,CUAUTLA,4,2026-08-09
17,MORELOS,2026-02,LOCALIZADA_CON_VIDA,MUJER,17006,CUAUTLA,1,2026-08-09
17,MORELOS,2026-02,LOCALIZADA_CON_VIDA,HOMBRE,17007,CUERNAVACA,9,2026-08-09
17,MORELOS,2026-02,LOCALIZADA_CON_VIDA,MUJER,17007,CUERNAVACA,3,2026-08-09
17,MORELOS,2026-02,LOCALIZADA_CON_VIDA,HOMBRE,17008,EMILIANO ZAPATA,1,2026-08-09
17,MORELOS,2026-02,LOCALIZADA_CON_VIDA,MUJER,17008,EMILIANO ZAPATA,1,2026-08-09
17,MORELOS,2026-02,LOCALIZADA_CON_VIDA,HOMBRE,17010,JANTETELCO,3,2026-08-09
17,MORELOS,2026-02,LOCALIZADA_CON_VIDA,HOMBRE,17011,JIUTEPEC,2,2026-08-09
17,MORELOS,2026-02,LOCALIZADA_CON_VIDA,MUJER,17011,JIUTEPEC,4,2026-08-09
17,MORELOS,2026-02,LOCALIZADA_CON_VIDA,HOMBRE,17017,PUENTE DE IXTLA,1,2026-08-09
17,MORELOS,2026-02,LOCALIZADA_CON_VIDA,HOMBRE,17018,TEMIXCO,3,2026-08-09
17,MORELOS,2026-02,LOCALIZADA_CON_VIDA,MUJER,17018,TEMIXCO,2,2026-08-09
17,MORELOS,2026-02,LOCALIZADA_CON_VIDA,MUJER,17020,TEPOZTLÁN,3,2026-08-09
17,MORELOS,2026-02,LOCALIZADA_CON_VIDA,HOMBRE,17024,TLALTIZAPÁN,1,2026-08-09
17,MORELOS,2026-02,LOCALIZADA_CON_VIDA,MUJER,17024,TLALTIZAPÁN,2,2026-08-09
17,MORELOS,2026-02,LOCALIZADA_CON_VIDA,MUJER,17025,TLAQUILTENANGO,1,2026-08-09
17,MORELOS,2026-02,LOCALIZADA_CON_VIDA,HOMBRE,17028,XOCHITEPEC,1,2026-08-09
17,MORELOS,2026-02,LOCALIZADA_CON_VIDA,MUJER,17030,YECAPIXTLA,1,2026-08-09
17,MORELOS,2026-02,LOCALIZADA_CON_VIDA,HOMBRE,17031,ZACATEPEC DE HIDALGO,1,2026-08-09
17,MORELOS,2026-02,LOCALIZADA_CON_VIDA,MUJER,17031,ZACATEPEC DE HIDALGO,1,2026-08-09
17,MORELOS,2026-02,LOCALIZADA_SIN_VIDA,HOMBRE,17007,CUERNAVACA,2,2026-08-09
17,MORELOS,2026-02,LOCALIZADA_SIN_VIDA,MUJER,17007,CUERNAVACA,1,2026-08-09
17,MORELOS,2026-02,LOCALIZADA_SIN_VIDA,HOMBRE,17018,TEMIXCO,1,2026-08-09
17,MORELOS,2026-03,DESAPARECIDA_O_NO_LOCALIZADA,HOMBRE,17002,ATLATLAHUCAN,1,2026-08-09
17,MORELOS,2026-03,DESAPARECIDA_O_NO_LOCALIZADA,HOMBRE,17004,AYALA,1,2026-08-09
17,MORELOS,2026-03,DESAPARECIDA_O_NO_LOCALIZADA,HOMBRE,17006,CUAUTLA,1,2026-08-09
17,MORELOS,2026-03,DESAPARECIDA_O_NO_LOCALIZADA,HOMBRE,17007,CUERNAVACA,7,2026-08-09
17,MORELOS,2026-03,DESAPARECIDA_O_NO_LOCALIZADA,HOMBRE,17008,EMILIANO ZAPATA,1,2026-08-09
17,MORELOS,2026-03,DESAPARECIDA_O_NO_LOCALIZADA,HOMBRE,17011,JIUTEPEC,2,2026-08-09
17,MORELOS,2026-03,DESAPARECIDA_O_NO_LOCALIZADA,MUJER,17017,PUENTE DE IXTLA,1,2026-08-09
17,MORELOS,2026-03,DESAPARECIDA_O_NO_LOCALIZADA,HOMBRE,17018,TEMIXCO,1,2026-08-09
17,MORELOS,2026-03,DESAPARECIDA_O_NO_LOCALIZADA,HOMBRE,17019,TEPALCINGO,2,2026-08-09
17,MORELOS,2026-03,LOCALIZADA_CON_VIDA,HOMBRE,17002,ATLATLAHUCAN,1,2026-08-09
17,MORELOS,2026-03,LOCALIZADA_CON_VIDA,HOMBRE,17004,AYALA,1,2026-08-09
17,MORELOS,2026-03,LOCALIZADA_CON_VIDA,HOMBRE,17006,CUAUTLA,1,2026-08-09
17,MORELOS,2026-03,LOCALIZADA_CON_VIDA,MUJER,17006,CUAUTLA,3,2026-08-09
17,MORELOS,2026-03,LOCALIZADA_CON_VIDA,HOMBRE,17007,CUERNAVACA,1,2026-08-09
17,MORELOS,2026-03,LOCALIZADA_CON_VIDA,MUJER,17007,CUERNAVACA,8,2026-08-09
17,MORELOS,2026-03,LOCALIZADA_CON_VIDA,HOMBRE,17008,EMILIANO ZAPATA,4,2026-08-09
17,MORELOS,2026-03,LOCALIZADA_CON_VIDA,MUJER,17008,EMILIANO ZAPATA,1,2026-08-09
17,MORELOS,2026-03,LOCALIZADA_CON_VIDA,HOMBRE,17011,JIUTEPEC,2,2026-08-09
17,MORELOS,2026-03,LOCALIZADA_CON_VIDA,MUJER,17011,JIUTEPEC,3,2026-08-09
17,MORELOS,2026-03,LOCALIZADA_CON_VIDA,MUJER,17012,JOJUTLA,2,2026-08-09
17,MORELOS,2026-03,LOCALIZADA_CON_VIDA,HOMBRE,17017,PUENTE DE IXTLA,1,2026-08-09
17,MORELOS,2026-03,LOCALIZADA_CON_VIDA,MUJER,17017,PUENTE DE IXTLA,1,2026-08-09
17,MORELOS,2026-03,LOCALIZADA_CON_VIDA,HOMBRE,17018,TEMIXCO,2,2026-08-09
17,MORELOS,2026-03,LOCALIZADA_CON_VIDA,MUJER,17018,TEMIXCO,1,2026-08-09
17,MORELOS,2026-03,LOCALIZADA_CON_VIDA,MUJER,17020,TEPOZTLÁN,2,2026-08-09
17,MORELOS,2026-03,LOCALIZADA_CON_VIDA,HOMBRE,17025,TLAQUILTENANGO,1,2026-08-09
17,MORELOS,2026-03,LOCALIZADA_CON_VIDA,MUJER,17025,TLAQUILTENANGO,1,2026-08-09
17,MORELOS,2026-03,LOCALIZADA_CON_VIDA,HOMBRE,17028,XOCHITEPEC,2,2026-08-09
17,MORELOS,2026-03,LOCALIZADA_CON_VIDA,MUJER,17028,XOCHITEPEC,2,2026-08-09
17,MORELOS,2026-03,LOCALIZADA_CON_VIDA,HOMBRE,17029,YAUTEPEC,5,2026-08-09
17,MORELOS,2026-03,LOCALIZADA_CON_VIDA,MUJER,17029,YAUTEPEC,1,2026-08-09
17,MORELOS,2026-03,LOCALIZADA_CON_VIDA,HOMBRE,17030,YECAPIXTLA,1,2026-08-09
17,MORELOS,2026-03,LOCALIZADA_CON_VIDA,MUJER,17030,YECAPIXTLA,1,2026-08-09
17,MORELOS,2026-03,LOCALIZADA_CON_VIDA,HOMBRE,17039,XOXOCOTLA,1,2026-08-09
17,MORELOS,2026-03,LOCALIZADA_SIN_VIDA,HOMBRE,17003,AXOCHIAPAN,1,2026-08-09
17,MORELOS,2026-03,LOCALIZADA_SIN_VIDA,HOMBRE,17004,AYALA,1,2026-08-09
17,MORELOS,2026-03,LOCALIZADA_SIN_VIDA,MUJER,17014,MAZATEPEC,1,2026-08-09
17,MORELOS,2026-03,LOCALIZADA_SIN_VIDA,MUJER,17029,YAUTEPEC,1,2026-08-09
17,MORELOS,2026-04,DESAPARECIDA_O_NO_LOCALIZADA,MUJER,17003,AXOCHIAPAN,1,2026-08-09
17,MORELOS,2026-04,DESAPARECIDA_O_NO_LOCALIZADA,HOMBRE,17004,AYALA,1,2026-08-09
17,MORELOS,2026-04,DESAPARECIDA_O_NO_LOCALIZADA,HOMBRE,17007,CUERNAVACA,2,2026-08-09
17,MORELOS,2026-04,DESAPARECIDA_O_NO_LOCALIZADA,MUJER,17007,CUERNAVACA,1,2026-08-09
17,MORELOS,2026-04,DESAPARECIDA_O_NO_LOCALIZADA,HOMBRE,17010,JANTETELCO,1,2026-08-09
17,MORELOS,2026-04,DESAPARECIDA_O_NO_LOCALIZADA,HOMBRE,17011,JIUTEPEC,1,2026-08-09
17,MORELOS,2026-04,DESAPARECIDA_O_NO_LOCALIZADA,MUJER,17011,JIUTEPEC,1,2026-08-09
17,MORELOS,2026-04,DESAPARECIDA_O_NO_LOCALIZADA,HOMBRE,17016,OCUITUCO,1,2026-08-09
17,MORELOS,2026-04,DESAPARECIDA_O_NO_LOCALIZADA,HOMBRE,17018,TEMIXCO,2,2026-08-09
17,MORELOS,2026-04,DESAPARECIDA_O_NO_LOCALIZADA,HOMBRE,17028,XOCHITEPEC,1,2026-08-09
17,MORELOS,2026-04,LOCALIZADA_CON_VIDA,MUJER,17002,ATLATLAHUCAN,1,2026-08-09
17,MORELOS,2026-04,LOCALIZADA_CON_VIDA,HOMBRE,17004,AYALA,2,2026-08-09
17,MORELOS,2026-04,LOCALIZADA_CON_VIDA,HOMBRE,17006,CUAUTLA,1,2026-08-09
17,MORELOS,2026-04,LOCALIZADA_CON_VIDA,MUJER,17006,CUAUTLA,4,2026-08-09
17,MORELOS,2026-04,LOCALIZADA_CON_VIDA,HOMBRE,17007,CUERNAVACA,4,2026-08-09
17,MORELOS,2026-04,LOCALIZADA_CON_VIDA,MUJER,17007,CUERNAVACA,4,2026-08-09
17,MORELOS,2026-04,LOCALIZADA_CON_VIDA,HOMBRE,17008,EMILIANO ZAPATA,5,2026-08-09
17,MORELOS,2026-04,LOCALIZADA_CON_VIDA,MUJER,17008,EMILIANO ZAPATA,8,2026-08-09
17,MORELOS,2026-04,LOCALIZADA_CON_VIDA,HOMBRE,17009,HUITZILAC,1,2026-08-09
17,MORELOS,2026-04,LOCALIZADA_CON_VIDA,HOMBRE,17011,JIUTEPEC,6,2026-08-09
17,MORELOS,2026-04,LOCALIZADA_CON_VIDA,MUJER,17011,JIUTEPEC,4,2026-08-09
17,MORELOS,2026-04,LOCALIZADA_CON_VIDA,HOMBRE,17012,JOJUTLA,1,2026-08-09
17,MORELOS,2026-04,LOCALIZADA_CON_VIDA,MUJER,17013,JONACATEPEC,1,2026-08-09
17,MORELOS,2026-04,LOCALIZADA_CON_VIDA,HOMBRE,17017,PUENTE DE IXTLA,1,2026-08-09
17,MORELOS,2026-04,LOCALIZADA_CON_VIDA,HOMBRE,17018,TEMIXCO,1,2026-08-09
17,MORELOS,2026-04,LOCALIZADA_CON_VIDA,HOMBRE,17025,TLAQUILTENANGO,1,2026-08-09
17,MORELOS,2026-04,LOCALIZADA_CON_VIDA,MUJER,17025,TLAQUILTENANGO,1,2026-08-09
17,MORELOS,2026-04,LOCALIZADA_CON_VIDA,MUJER,17027,TOTOLAPAN,3,2026-08-09
17,MORELOS,2026-04,LOCALIZADA_CON_VIDA,MUJER,17028,XOCHITEPEC,1,2026-08-09
17,MORELOS,2026-04,LOCALIZADA_CON_VIDA,HOMBRE,17029,YAUTEPEC,1,2026-08-09
17,MORELOS,2026-04,LOCALIZADA_CON_VIDA,MUJER,17029,YAUTEPEC,2,2026-08-09
17,MORELOS,2026-04,LOCALIZADA_CON_VIDA,MUJER,17031,ZACATEPEC DE HIDALGO,1,2026-08-09
17,MORELOS,2026-04,LOCALIZADA_CON_VIDA,HOMBRE,17032,ZACUALPAN DE AMILPAS,1,2026-08-09
17,MORELOS,2026-04,LOCALIZADA_CON_VIDA,HOMBRE,17039,XOXOCOTLA,1,2026-08-09
17,MORELOS,2026-04,LOCALIZADA_CON_VIDA,MUJER,17039,XOXOCOTLA,1,2026-08-09
17,MORELOS,2026-04,LOCALIZADA_SIN_VIDA,HOMBRE,17002,ATLATLAHUCAN,1,2026-08-09
17,MORELOS,2026-04,LOCALIZADA_SIN_VIDA,HOMBRE,17004,AYALA,1,2026-08-09
17,MORELOS,2026-04,LOCALIZADA_SIN_VIDA,HOMBRE,17006,CUAUTLA,1,2026-08-09
17,MORELOS,2026-04,LOCALIZADA_SIN_VIDA,HOMBRE,17011,JIUTEPEC,3,2026-08-09
17,MORELOS,2026-04,LOCALIZADA_SIN_VIDA,HOMBRE,17020,TEPOZTLÁN,1,2026-08-09
17,MORELOS,2026-05,DESAPARECIDA_O_NO_LOCALIZADA,HOMBRE,17004,AYALA,1,2026-08-09
17,MORELOS,2026-05,DESAPARECIDA_O_NO_LOCALIZADA,MUJER,17006,CUAUTLA,2,2026-08-09
17,MORELOS,2026-05,DESAPARECIDA_O_NO_LOCALIZADA,HOMBRE,17007,CUERNAVACA,1,2026-08-09
17,MORELOS,2026-05,DESAPARECIDA_O_NO_LOCALIZADA,HOMBRE,17018,TEMIXCO,2,2026-08-09
17,MORELOS,2026-05,DESAPARECIDA_O_NO_LOCALIZADA,HOMBRE,17030,YECAPIXTLA,1,2026-08-09
17,MORELOS,2026-05,LOCALIZADA_CON_VIDA,HOMBRE,17001,AMACUZAC,1,2026-08-09
17,MORELOS,2026-05,LOCALIZADA_CON_VIDA,HOMBRE,17004,AYALA,1,2026-08-09
17,MORELOS,2026-05,LOCALIZADA_CON_VIDA,MUJER,17004,AYALA,1,2026-08-09
17,MORELOS,2026-05,LOCALIZADA_CON_VIDA,HOMBRE,17006,CUAUTLA,4,2026-08-09
17,MORELOS,2026-05,LOCALIZADA_CON_VIDA,MUJER,17006,CUAUTLA,5,2026-08-09
17,MORELOS,2026-05,LOCALIZADA_CON_VIDA,HOMBRE,17007,CUERNAVACA,6,2026-08-09
17,MORELOS,2026-05,LOCALIZADA_CON_VIDA,MUJER,17007,CUERNAVACA,6,2026-08-09
17,MORELOS,2026-05,LOCALIZADA_CON_VIDA,HOMBRE,17008,EMILIANO ZAPATA,1,2026-08-09
17,MORELOS,2026-05,LOCALIZADA_CON_VIDA,MUJER,17008,EMILIANO ZAPATA,1,2026-08-09
17,MORELOS,2026-05,LOCALIZADA_CON_VIDA,HOMBRE,17009,HUITZILAC,1,2026-08-09
17,MORELOS,2026-05,LOCALIZADA_CON_VIDA,HOMBRE,17011,JIUTEPEC,3,2026-08-09
17,MORELOS,2026-05,LOCALIZADA_CON_VIDA,MUJER,17011,JIUTEPEC,2,2026-08-09
17,MORELOS,2026-05,LOCALIZADA_CON_VIDA,HOMBRE,17012,JOJUTLA,1,2026-08-09
17,MORELOS,2026-05,LOCALIZADA_CON_VIDA,HOMBRE,17017,PUENTE DE IXTLA,3,2026-08-09
17,MORELOS,2026-05,LOCALIZADA_CON_VIDA,MUJER,17017,PUENTE DE IXTLA,4,2026-08-09
17,MORELOS,2026-05,LOCALIZADA_CON_VIDA,HOMBRE,17018,TEMIXCO,4,2026-08-09
17,MORELOS,2026-05,LOCALIZADA_CON_VIDA,MUJER,17018,TEMIXCO,1,2026-08-09
17,MORELOS,2026-05,LOCALIZADA_CON_VIDA,HOMBRE,17028,XOCHITEPEC,2,2026-08-09
17,MORELOS,2026-05,LOCALIZADA_CON_VIDA,HOMBRE,17029,YAUTEPEC,2,2026-08-09
17,MORELOS,2026-05,LOCALIZADA_CON_VIDA,MUJER,17029,YAUTEPEC,2,2026-08-09
17,MORELOS,2026-05,LOCALIZADA_CON_VIDA,MUJER,17030,YECAPIXTLA,3,2026-08-09
17,MORELOS,2026-05,LOCALIZADA_CON_VIDA,HOMBRE,17038,COATETELCO,1,2026-08-09
17,MORELOS,2026-05,LOCALIZADA_SIN_VIDA,HOMBRE,17007,CUERNAVACA,2,2026-08-09
17,MORELOS,2026-05,LOCALIZADA_SIN_VIDA,MUJER,17029,YAUTEPEC,1,2026-08-09
17,MORELOS,2026-06,DESAPARECIDA_O_NO_LOCALIZADA,HOMBRE,17001,AMACUZAC,1,2026-08-09
17,MORELOS,2026-06,DESAPARECIDA_O_NO_LOCALIZADA,HOMBRE,17002,ATLATLAHUCAN,1,2026-08-09
17,MORELOS,2026-06,DESAPARECIDA_O_NO_LOCALIZADA,HOMBRE,17004,AYALA,2,2026-08-09
17,MORELOS,2026-06,DESAPARECIDA_O_NO_LOCALIZADA,MUJER,17004,AYALA,1,2026-08-09
17,MORELOS,2026-06,DESAPARECIDA_O_NO_LOCALIZADA,HOMBRE,17006,CUAUTLA,1,2026-08-09
17,MORELOS,2026-06,DESAPARECIDA_O_NO_LOCALIZADA,MUJER,17006,CUAUTLA,1,2026-08-09
17,MORELOS,2026-06,DESAPARECIDA_O_NO_LOCALIZADA,HOMBRE,17007,CUERNAVACA,1,2026-08-09
17,MORELOS,2026-06,DESAPARECIDA_O_NO_LOCALIZADA,MUJER,17009,HUITZILAC,1,2026-08-09
17,MORELOS,2026-06,DESAPARECIDA_O_NO_LOCALIZADA,HOMBRE,17018,TEMIXCO,1,2026-08-09
17,MORELOS,2026-06,DESAPARECIDA_O_NO_LOCALIZADA,HOMBRE,17029,YAUTEPEC,1,2026-08-09
17,MORELOS,2026-06,LOCALIZADA_CON_VIDA,HOMBRE,17006,CUAUTLA,4,2026-08-09
17,MORELOS,2026-06,LOCALIZADA_CON_VIDA,MUJER,17006,CUAUTLA,3,2026-08-09
17,MORELOS,2026-06,LOCALIZADA_CON_VIDA,HOMBRE,17007,CUERNAVACA,4,2026-08-09
17,MORELOS,2026-06,LOCALIZADA_CON_VIDA,MUJER,17007,CUERNAVACA,6,2026-08-09
17,MORELOS,2026-06,LOCALIZADA_CON_VIDA,HOMBRE,17008,EMILIANO ZAPATA,1,2026-08-09
17,MORELOS,2026-06,LOCALIZADA_CON_VIDA,HOMBRE,17009,HUITZILAC,1,2026-08-09
17,MORELOS,2026-06,LOCALIZADA_CON_VIDA,HOMBRE,17011,JIUTEPEC,1,2026-08-09
17,MORELOS,2026-06,LOCALIZADA_CON_VIDA,MUJER,17012,JOJUTLA,1,2026-08-09
17,MORELOS,2026-06,LOCALIZADA_CON_VIDA,HOMBRE,17018,TEMIXCO,1,2026-08-09
17,MORELOS,2026-06,LOCALIZADA_CON_VIDA,MUJER,17018,TEMIXCO,2,2026-08-09
17,MORELOS,2026-06,LOCALIZADA_CON_VIDA,HOMBRE,17020,TEPOZTLÁN,1,2026-08-09
17,MORELOS,2026-06,LOCALIZADA_CON_VIDA,MUJER,17021,TETECALA,1,2026-08-09
17,MORELOS,2026-06,LOCALIZADA_CON_VIDA,MUJER,17024,TLALTIZAPÁN,1,2026-08-09
17,MORELOS,2026-06,LOCALIZADA_CON_VIDA,HOMBRE,17027,TOTOLAPAN,1,2026-08-09
17,MORELOS,2026-06,LOCALIZADA_CON_VIDA,HOMBRE,17028,XOCHITEPEC,2,2026-08-09
17,MORELOS,2026-06,LOCALIZADA_CON_VIDA,HOMBRE,17029,YAUTEPEC,2,2026-08-09
17,MORELOS,2026-06,LOCALIZADA_CON_VIDA,MUJER,17029,YAUTEPEC,1,2026-08-09
17,MORELOS,2026-06,LOCALIZADA_CON_VIDA,HOMBRE,17030,YECAPIXTLA,1,2026-08-09
17,MORELOS,2026-06,LOCALIZADA_CON_VIDA,HOMBRE,17039,XOXOCOTLA,1,2026-08-09
17,MORELOS,2026-06,LOCALIZADA_SIN_VIDA,HOMBRE,17006,CUAUTLA,1,2026-08-09
17,MORELOS,2026-06,LOCALIZADA_SIN_VIDA,MUJER,17024,TLALTIZAPÁN,1,2026-08-09
17,MORELOS,2026-07,DESAPARECIDA_O_NO_LOCALIZADA,HOMBRE,17005,COATLÁN DEL RÍO,1,2026-08-09
17,MORELOS,2026-07,DESAPARECIDA_O_NO_LOCALIZADA,HOMBRE,17006,CUAUTLA,1,2026-08-09
17,MORELOS,2026-07,DESAPARECIDA_O_NO_LOCALIZADA,HOMBRE,17007,CUERNAVACA,3,2026-08-09
17,MORELOS,2026-07,DESAPARECIDA_O_NO_LOCALIZADA,MUJER,17007,CUERNAVACA,2,2026-08-09
17,MORELOS,2026-07,DESAPARECIDA_O_NO_LOCALIZADA,HOMBRE,17011,JIUTEPEC,5,2026-08-09
17,MORELOS,2026-07,DESAPARECIDA_O_NO_LOCALIZADA,MUJER,17011,JIUTEPEC,1,2026-08-09
17,MORELOS,2026-07,DESAPARECIDA_O_NO_LOCALIZADA,HOMBRE,17017,PUENTE DE IXTLA,1,2026-08-09
17,MORELOS,2026-07,DESAPARECIDA_O_NO_LOCALIZADA,MUJER,17024,TLALTIZAPÁN,1,2026-08-09
17,MORELOS,2026-07,DESAPARECIDA_O_NO_LOCALIZADA,MUJER,17026,TLAYACAPAN,1,2026-08-09
17,MORELOS,2026-07,DESAPARECIDA_O_NO_LOCALIZADA,MUJER,17028,XOCHITEPEC,1,2026-08-09
17,MORELOS,2026-07,DESAPARECIDA_O_NO_LOCALIZADA,HOMBRE,17029,YAUTEPEC,1,2026-08-09
17,MORELOS,2026-07,DESAPARECIDA_O_NO_LOCALIZADA,HOMBRE,17030,YECAPIXTLA,1,2026-08-09
17,MORELOS,2026-07,DESAPARECIDA_O_NO_LOCALIZADA,HOMBRE,17031,ZACATEPEC DE HIDALGO,1,2026-08-09
17,MORELOS,2026-07,LOCALIZADA_CON_VIDA,MUJER,17001,AMACUZAC,2,2026-08-09
17,MORELOS,2026-07,LOCALIZADA_CON_VIDA,MUJER,17002,ATLATLAHUCAN,1,2026-08-09
17,MORELOS,2026-07,LOCALIZADA_CON_VIDA,HOMBRE,17006,CUAUTLA,2,2026-08-09
17,MORELOS,2026-07,LOCALIZADA_CON_VIDA,MUJER,17006,CUAUTLA,3,2026-08-09
17,MORELOS,2026-07,LOCALIZADA_CON_VIDA,HOMBRE,17007,CUERNAVACA,3,2026-08-09
17,MORELOS,2026-07,LOCALIZADA_CON_VIDA,MUJER,17007,CUERNAVACA,4,2026-08-09
17,MORELOS,2026-07,LOCALIZADA_CON_VIDA,HOMBRE,17008,EMILIANO ZAPATA,1,2026-08-09
17,MORELOS,2026-07,LOCALIZADA_CON_VIDA,MUJER,17008,EMILIANO ZAPATA,2,2026-08-09
17,MORELOS,2026-07,LOCALIZADA_CON_VIDA,MUJER,17009,HUITZILAC,1,2026-08-09
17,MORELOS,2026-07,LOCALIZADA_CON_VIDA,MUJER,17010,JANTETELCO,1,2026-08-09
17,MORELOS,2026-07,LOCALIZADA_CON_VIDA,HOMBRE,17011,JIUTEPEC,4,2026-08-09
17,MORELOS,2026-07,LOCALIZADA_CON_VIDA,MUJER,17011,JIUTEPEC,3,2026-08-09
17,MORELOS,2026-07,LOCALIZADA_CON_VIDA,MUJER,17012,JOJUTLA,1,2026-08-09
17,MORELOS,2026-07,LOCALIZADA_CON_VIDA,HOMBRE,17017,PUENTE DE IXTLA,1,2026-08-09
17,MORELOS,2026-07,LOCALIZADA_CON_VIDA,HOMBRE,17018,TEMIXCO,2,2026-08-09
17,MORELOS,2026-07,LOCALIZADA_CON_VIDA,MUJER,17018,TEMIXCO,3,2026-08-09
17,MORELOS,2026-07,LOCALIZADA_CON_VIDA,HOMBRE,17024,TLALTIZAPÁN,1,2026-08-09
17,MORELOS,2026-07,LOCALIZADA_CON_VIDA,MUJER,17028,XOCHITEPEC,4,2026-08-09
17,MORELOS,2026-07,LOCALIZADA_CON_VIDA,MUJER,17029,YAUTEPEC,1,2026-08-09
17,MORELOS,2026-07,LOCALIZADA_CON_VIDA,HOMBRE,17030,YECAPIXTLA,1,2026-08-09
17,MORELOS,2026-07,LOCALIZADA_CON_VIDA,HOMBRE,17031,ZACATEPEC DE HIDALGO,1,2026-08-09
17,MORELOS,2026-07,LOCALIZADA_CON_VIDA,HOMBRE,17039,XOXOCOTLA,1,2026-08-09
17,MORELOS,2026-07,LOCALIZADA_SIN_VIDA,HOMBRE,17014,MAZATEPEC,1,2026-08-09
17,MORELOS,2026-07,LOCALIZADA_SIN_VIDA,HOMBRE,17018,TEMIXCO,1,2026-08-09
17,MORELOS,SIN_FECHA,DESAPARECIDA_O_NO_LOCALIZADA,,,,48,2026-08-09
17,MORELOS,SIN_FECHA,LOCALIZADA_CON_VIDA,,,,100,2026-08-09
17,MORELOS,SIN_FECHA,LOCALIZADA_SIN_VIDA,,,,6,2026-08-09
18,NAYARIT,2026-01,DESAPARECIDA_O_NO_LOCALIZADA,HOMBRE,18001,ACAPONETA,2,2026-08-09
18,NAYARIT,2026-01,DESAPARECIDA_O_NO_LOCALIZADA,HOMBRE,18005,HUAJICORI,1,2026-08-09
18,NAYARIT,2026-01,DESAPARECIDA_O_NO_LOCALIZADA,HOMBRE,18006,IXTLÁN DEL RÍO,1,2026-08-09
18,NAYARIT,2026-01,DESAPARECIDA_O_NO_LOCALIZADA,HOMBRE,18008,XALISCO,2,2026-08-09
18,NAYARIT,2026-01,DESAPARECIDA_O_NO_LOCALIZADA,MUJER,18010,ROSAMORADA,1,2026-08-09
18,NAYARIT,2026-01,DESAPARECIDA_O_NO_LOCALIZADA,HOMBRE,18011,RUÍZ,1,2026-08-09
18,NAYARIT,2026-01,DESAPARECIDA_O_NO_LOCALIZADA,HOMBRE,18012,SAN BLAS,2,2026-08-09
18,NAYARIT,2026-01,DESAPARECIDA_O_NO_LOCALIZADA,MUJER,18013,SAN PEDRO LAGUNILLAS,1,2026-08-09
18,NAYARIT,2026-01,DESAPARECIDA_O_NO_LOCALIZADA,MUJER,18015,SANTIAGO IXCUINTLA,1,2026-08-09
18,NAYARIT,2026-01,DESAPARECIDA_O_NO_LOCALIZADA,HOMBRE,18016,TECUALA,2,2026-08-09
18,NAYARIT,2026-01,DESAPARECIDA_O_NO_LOCALIZADA,HOMBRE,18017,TEPIC,13,2026-08-09
18,NAYARIT,2026-01,DESAPARECIDA_O_NO_LOCALIZADA,MUJER,18017,TEPIC,1,2026-08-09
18,NAYARIT,2026-01,DESAPARECIDA_O_NO_LOCALIZADA,HOMBRE,18018,TUXPAN,1,2026-08-09
18,NAYARIT,2026-01,DESAPARECIDA_O_NO_LOCALIZADA,HOMBRE,18020,BAHÍA DE BANDERAS,4,2026-08-09
18,NAYARIT,2026-01,DESAPARECIDA_O_NO_LOCALIZADA,MUJER,18020,BAHÍA DE BANDERAS,1,2026-08-09
18,NAYARIT,2026-01,LOCALIZADA_CON_VIDA,HOMBRE,18001,ACAPONETA,2,2026-08-09
18,NAYARIT,2026-01,LOCALIZADA_CON_VIDA,HOMBRE,18003,AMATLÁN DE CAÑAS,1,2026-08-09
18,NAYARIT,2026-01,LOCALIZADA_CON_VIDA,HOMBRE,18005,HUAJICORI,1,2026-08-09
18,NAYARIT,2026-01,LOCALIZADA_CON_VIDA,HOMBRE,18010,ROSAMORADA,1,2026-08-09
18,NAYARIT,2026-01,LOCALIZADA_CON_VIDA,HOMBRE,18012,SAN BLAS,1,2026-08-09
18,NAYARIT,2026-01,LOCALIZADA_CON_VIDA,HOMBRE,18015,SANTIAGO IXCUINTLA,1,2026-08-09
18,NAYARIT,2026-01,LOCALIZADA_CON_VIDA,HOMBRE,18017,TEPIC,6,2026-08-09
18,NAYARIT,2026-01,LOCALIZADA_CON_VIDA,MUJER,18017,TEPIC,7,2026-08-09
18,NAYARIT,2026-01,LOCALIZADA_CON_VIDA,HOMBRE,18020,BAHÍA DE BANDERAS,1,2026-08-09
18,NAYARIT,2026-01,LOCALIZADA_SIN_VIDA,HOMBRE,18003,AMATLÁN DE CAÑAS,1,2026-08-09
18,NAYARIT,2026-02,DESAPARECIDA_O_NO_LOCALIZADA,HOMBRE,18001,ACAPONETA,2,2026-08-09
18,NAYARIT,2026-02,DESAPARECIDA_O_NO_LOCALIZADA,HOMBRE,18005,HUAJICORI,1,2026-08-09
18,NAYARIT,2026-02,DESAPARECIDA_O_NO_LOCALIZADA,HOMBRE,18006,IXTLÁN DEL RÍO,1,2026-08-09
18,NAYARIT,2026-02,DESAPARECIDA_O_NO_LOCALIZADA,HOMBRE,18008,XALISCO,3,2026-08-09
18,NAYARIT,2026-02,DESAPARECIDA_O_NO_LOCALIZADA,MUJER,18009,DEL NAYAR,1,2026-08-09
18,NAYARIT,2026-02,DESAPARECIDA_O_NO_LOCALIZADA,HOMBRE,18010,ROSAMORADA,1,2026-08-09
18,NAYARIT,2026-02,DESAPARECIDA_O_NO_LOCALIZADA,HOMBRE,18012,SAN BLAS,1,2026-08-09
18,NAYARIT,2026-02,DESAPARECIDA_O_NO_LOCALIZADA,HOMBRE,18017,TEPIC,5,2026-08-09
18,NAYARIT,2026-02,DESAPARECIDA_O_NO_LOCALIZADA,MUJER,18017,TEPIC,5,2026-08-09
18,NAYARIT,2026-02,DESAPARECIDA_O_NO_LOCALIZADA,HOMBRE,18020,BAHÍA DE BANDERAS,3,2026-08-09
18,NAYARIT,2026-02,LOCALIZADA_CON_VIDA,HOMBRE,18017,TEPIC,5,2026-08-09
18,NAYARIT,2026-02,LOCALIZADA_CON_VIDA,MUJER,18017,TEPIC,2,2026-08-09
18,NAYARIT,2026-02,LOCALIZADA_CON_VIDA,HOMBRE,18020,BAHÍA DE BANDERAS,1,2026-08-09
18,NAYARIT,2026-02,LOCALIZADA_CON_VIDA,MUJER,18020,BAHÍA DE BANDERAS,1,2026-08-09
18,NAYARIT,2026-02,LOCALIZADA_SIN_VIDA,HOMBRE,18012,SAN BLAS,1,2026-08-09
18,NAYARIT,2026-02,LOCALIZADA_SIN_VIDA,HOMBRE,18017,TEPIC,1,2026-08-09
18,NAYARIT,2026-03,DESAPARECIDA_O_NO_LOCALIZADA,HOMBRE,18002,AHUACATLÁN,1,2026-08-09
18,NAYARIT,2026-03,DESAPARECIDA_O_NO_LOCALIZADA,HOMBRE,18008,XALISCO,1,2026-08-09
18,NAYARIT,2026-03,DESAPARECIDA_O_NO_LOCALIZADA,MUJER,18008,XALISCO,1,2026-08-09
18,NAYARIT,2026-03,DESAPARECIDA_O_NO_LOCALIZADA,MUJER,18014,SANTA MARÍA DEL ORO,1,2026-08-09
18,NAYARIT,2026-03,DESAPARECIDA_O_NO_LOCALIZADA,HOMBRE,18017,TEPIC,12,2026-08-09
18,NAYARIT,2026-03,DESAPARECIDA_O_NO_LOCALIZADA,MUJER,18017,TEPIC,6,2026-08-09
18,NAYARIT,2026-03,DESAPARECIDA_O_NO_LOCALIZADA,HOMBRE,18020,BAHÍA DE BANDERAS,1,2026-08-09
18,NAYARIT,2026-03,DESAPARECIDA_O_NO_LOCALIZADA,MUJER,18020,BAHÍA DE BANDERAS,1,2026-08-09
18,NAYARIT,2026-03,LOCALIZADA_CON_VIDA,HOMBRE,18017,TEPIC,9,2026-08-09
18,NAYARIT,2026-03,LOCALIZADA_CON_VIDA,MUJER,18017,TEPIC,2,2026-08-09
18,NAYARIT,2026-03,LOCALIZADA_SIN_VIDA,HOMBRE,18017,TEPIC,1,2026-08-09
18,NAYARIT,2026-04,DESAPARECIDA_O_NO_LOCALIZADA,HOMBRE,18001,ACAPONETA,1,2026-08-09
18,NAYARIT,2026-04,DESAPARECIDA_O_NO_LOCALIZADA,MUJER,18001,ACAPONETA,1,2026-08-09
18,NAYARIT,2026-04,DESAPARECIDA_O_NO_LOCALIZADA,HOMBRE,18004,COMPOSTELA,1,2026-08-09
18,NAYARIT,2026-04,DESAPARECIDA_O_NO_LOCALIZADA,HOMBRE,18006,IXTLÁN DEL RÍO,1,2026-08-09
18,NAYARIT,2026-04,DESAPARECIDA_O_NO_LOCALIZADA,HOMBRE,18008,XALISCO,3,2026-08-09
18,NAYARIT,2026-04,DESAPARECIDA_O_NO_LOCALIZADA,HOMBRE,18013,SAN PEDRO LAGUNILLAS,1,2026-08-09
18,NAYARIT,2026-04,DESAPARECIDA_O_NO_LOCALIZADA,HOMBRE,18015,SANTIAGO IXCUINTLA,1,2026-08-09
18,NAYARIT,2026-04,DESAPARECIDA_O_NO_LOCALIZADA,HOMBRE,18016,TECUALA,1,2026-08-09
18,NAYARIT,2026-04,DESAPARECIDA_O_NO_LOCALIZADA,MUJER,18016,TECUALA,1,2026-08-09
18,NAYARIT,2026-04,DESAPARECIDA_O_NO_LOCALIZADA,HOMBRE,18017,TEPIC,6,2026-08-09
18,NAYARIT,2026-04,DESAPARECIDA_O_NO_LOCALIZADA,MUJER,18017,TEPIC,8,2026-08-09
18,NAYARIT,2026-04,DESAPARECIDA_O_NO_LOCALIZADA,HOMBRE,18020,BAHÍA DE BANDERAS,1,2026-08-09
18,NAYARIT,2026-04,LOCALIZADA_CON_VIDA,MUJER,18001,ACAPONETA,1,2026-08-09
18,NAYARIT,2026-04,LOCALIZADA_CON_VIDA,HOMBRE,18004,COMPOSTELA,1,2026-08-09
18,NAYARIT,2026-04,LOCALIZADA_CON_VIDA,HOMBRE,18006,IXTLÁN DEL RÍO,1,2026-08-09
18,NAYARIT,2026-04,LOCALIZADA_CON_VIDA,HOMBRE,18009,DEL NAYAR,1,2026-08-09
18,NAYARIT,2026-04,LOCALIZADA_CON_VIDA,HOMBRE,18012,SAN BLAS,1,2026-08-09
18,NAYARIT,2026-04,LOCALIZADA_CON_VIDA,HOMBRE,18017,TEPIC,8,2026-08-09
18,NAYARIT,2026-04,LOCALIZADA_CON_VIDA,MUJER,18017,TEPIC,6,2026-08-09
18,NAYARIT,2026-04,LOCALIZADA_CON_VIDA,HOMBRE,18020,BAHÍA DE BANDERAS,1,2026-08-09
18,NAYARIT,2026-04,LOCALIZADA_SIN_VIDA,HOMBRE,18008,XALISCO,1,2026-08-09
18,NAYARIT,2026-05,DESAPARECIDA_O_NO_LOCALIZADA,HOMBRE,,DURANGO,1,2026-08-09
18,NAYARIT,2026-05,DESAPARECIDA_O_NO_LOCALIZADA,HOMBRE,18001,ACAPONETA,1,2026-08-09
18,NAYARIT,2026-05,DESAPARECIDA_O_NO_LOCALIZADA,HOMBRE,18004,COMPOSTELA,2,2026-08-09
18,NAYARIT,2026-05,DESAPARECIDA_O_NO_LOCALIZADA,HOMBRE,18008,XALISCO,1,2026-08-09
18,NAYARIT,2026-05,DESAPARECIDA_O_NO_LOCALIZADA,HOMBRE,18015,SANTIAGO IXCUINTLA,1,2026-08-09
18,NAYARIT,2026-05,DESAPARECIDA_O_NO_LOCALIZADA,HOMBRE,18017,TEPIC,4,2026-08-09
18,NAYARIT,2026-05,DESAPARECIDA_O_NO_LOCALIZADA,MUJER,18017,TEPIC,3,2026-08-09
18,NAYARIT,2026-05,DESAPARECIDA_O_NO_LOCALIZADA,HOMBRE,18018,TUXPAN,1,2026-08-09
18,NAYARIT,2026-05,DESAPARECIDA_O_NO_LOCALIZADA,MUJER,18018,TUXPAN,1,2026-08-09
18,NAYARIT,2026-05,DESAPARECIDA_O_NO_LOCALIZADA,HOMBRE,18020,BAHÍA DE BANDERAS,2,2026-08-09
18,NAYARIT,2026-05,DESAPARECIDA_O_NO_LOCALIZADA,MUJER,18020,BAHÍA DE BANDERAS,3,2026-08-09
18,NAYARIT,2026-05,LOCALIZADA_CON_VIDA,MUJER,18008,XALISCO,1,2026-08-09
18,NAYARIT,2026-05,LOCALIZADA_CON_VIDA,MUJER,18010,ROSAMORADA,1,2026-08-09
18,NAYARIT,2026-05,LOCALIZADA_CON_VIDA,HOMBRE,18017,TEPIC,6,2026-08-09
18,NAYARIT,2026-05,LOCALIZADA_CON_VIDA,MUJER,18017,TEPIC,7,2026-08-09
18,NAYARIT,2026-05,LOCALIZADA_CON_VIDA,HOMBRE,18020,BAHÍA DE BANDERAS,1,2026-08-09
18,NAYARIT,2026-05,LOCALIZADA_SIN_VIDA,HOMBRE,18017,TEPIC,1,2026-08-09
18,NAYARIT,2026-06,DESAPARECIDA_O_NO_LOCALIZADA,HOMBRE,18001,ACAPONETA,3,2026-08-09
18,NAYARIT,2026-06,DESAPARECIDA_O_NO_LOCALIZADA,MUJER,18001,ACAPONETA,2,2026-08-09
18,NAYARIT,2026-06,DESAPARECIDA_O_NO_LOCALIZADA,HOMBRE,18004,COMPOSTELA,1,2026-08-09
18,NAYARIT,2026-06,DESAPARECIDA_O_NO_LOCALIZADA,MUJER,18004,COMPOSTELA,1,2026-08-09
18,NAYARIT,2026-06,DESAPARECIDA_O_NO_LOCALIZADA,HOMBRE,18008,XALISCO,1,2026-08-09
18,NAYARIT,2026-06,DESAPARECIDA_O_NO_LOCALIZADA,HOMBRE,18011,RUÍZ,1,2026-08-09
18,NAYARIT,2026-06,DESAPARECIDA_O_NO_LOCALIZADA,MUJER,18011,RUÍZ,1,2026-08-09
18,NAYARIT,2026-06,DESAPARECIDA_O_NO_LOCALIZADA,HOMBRE,18017,TEPIC,2,2026-08-09
18,NAYARIT,2026-06,DESAPARECIDA_O_NO_LOCALIZADA,MUJER,18017,TEPIC,4,2026-08-09
18,NAYARIT,2026-06,DESAPARECIDA_O_NO_LOCALIZADA,MUJER,18020,BAHÍA DE BANDERAS,2,2026-08-09
18,NAYARIT,2026-06,LOCALIZADA_CON_VIDA,HOMBRE,18010,ROSAMORADA,1,2026-08-09
18,NAYARIT,2026-06,LOCALIZADA_CON_VIDA,HOMBRE,18017,TEPIC,3,2026-08-09
18,NAYARIT,2026-06,LOCALIZADA_CON_VIDA,MUJER,18017,TEPIC,8,2026-08-09
18,NAYARIT,2026-06,LOCALIZADA_SIN_VIDA,HOMBRE,18015,SANTIAGO IXCUINTLA,1,2026-08-09
18,NAYARIT,2026-07,DESAPARECIDA_O_NO_LOCALIZADA,HOMBRE,18001,ACAPONETA,5,2026-08-09
18,NAYARIT,2026-07,DESAPARECIDA_O_NO_LOCALIZADA,MUJER,18008,XALISCO,1,2026-08-09
18,NAYARIT,2026-07,DESAPARECIDA_O_NO_LOCALIZADA,HOMBRE,18016,TECUALA,1,2026-08-09
18,NAYARIT,2026-07,DESAPARECIDA_O_NO_LOCALIZADA,MUJER,18016,TECUALA,1,2026-08-09
18,NAYARIT,2026-07,DESAPARECIDA_O_NO_LOCALIZADA,HOMBRE,18017,TEPIC,9,2026-08-09
18,NAYARIT,2026-07,DESAPARECIDA_O_NO_LOCALIZADA,MUJER,18017,TEPIC,7,2026-08-09
18,NAYARIT,2026-07,DESAPARECIDA_O_NO_LOCALIZADA,HOMBRE,18018,TUXPAN,1,2026-08-09
18,NAYARIT,2026-07,DESAPARECIDA_O_NO_LOCALIZADA,HOMBRE,18020,BAHÍA DE BANDERAS,2,2026-08-09
18,NAYARIT,2026-07,LOCALIZADA_CON_VIDA,HOMBRE,18001,ACAPONETA,1,2026-08-09
18,NAYARIT,2026-07,LOCALIZADA_CON_VIDA,HOMBRE,18017,TEPIC,3,2026-08-09
18,NAYARIT,2026-07,LOCALIZADA_CON_VIDA,MUJER,18017,TEPIC,3,2026-08-09
18,NAYARIT,SIN_FECHA,DESAPARECIDA_O_NO_LOCALIZADA,,,,244,2026-08-09
18,NAYARIT,SIN_FECHA,LOCALIZADA_CON_VIDA,,,,251,2026-08-09
18,NAYARIT,SIN_FECHA,LOCALIZADA_SIN_VIDA,,,,34,2026-08-09
19,NUEVO LEON,2026-01,DESAPARECIDA_O_NO_LOCALIZADA,HOMBRE,19009,CADEREYTA JIMÉNEZ,1,2026-08-09
19,NUEVO LEON,2026-01,DESAPARECIDA_O_NO_LOCALIZADA,HOMBRE,19011,CERRALVO,2,2026-08-09
19,NUEVO LEON,2026-01,DESAPARECIDA_O_NO_LOCALIZADA,HOMBRE,19018,GARCÍA,3,2026-08-09
19,NUEVO LEON,2026-01,DESAPARECIDA_O_NO_LOCALIZADA,MUJER,19018,GARCÍA,1,2026-08-09
19,NUEVO LEON,2026-01,DESAPARECIDA_O_NO_LOCALIZADA,HOMBRE,19019,SAN PEDRO GARZA GARCÍA,2,2026-08-09
19,NUEVO LEON,2026-01,DESAPARECIDA_O_NO_LOCALIZADA,HOMBRE,19021,GRAL. ESCOBEDO,1,2026-08-09
19,NUEVO LEON,2026-01,DESAPARECIDA_O_NO_LOCALIZADA,MUJER,19021,GRAL. ESCOBEDO,3,2026-08-09
19,NUEVO LEON,2026-01,DESAPARECIDA_O_NO_LOCALIZADA,MUJER,19026,GUADALUPE,1,2026-08-09
19,NUEVO LEON,2026-01,DESAPARECIDA_O_NO_LOCALIZADA,HOMBRE,19031,JUÁREZ,2,2026-08-09
19,NUEVO LEON,2026-01,DESAPARECIDA_O_NO_LOCALIZADA,HOMBRE,19033,LINARES,1,2026-08-09
19,NUEVO LEON,2026-01,DESAPARECIDA_O_NO_LOCALIZADA,HOMBRE,19038,MONTEMORELOS,1,2026-08-09
19,NUEVO LEON,2026-01,DESAPARECIDA_O_NO_LOCALIZADA,HOMBRE,19039,MONTERREY,10,2026-08-09
19,NUEVO LEON,2026-01,DESAPARECIDA_O_NO_LOCALIZADA,HOMBRE,19041,PESQUERÍA,1,2026-08-09
19,NUEVO LEON,2026-01,DESAPARECIDA_O_NO_LOCALIZADA,MUJER,19041,PESQUERÍA,1,2026-08-09
19,NUEVO LEON,2026-01,DESAPARECIDA_O_NO_LOCALIZADA,HOMBRE,19044,SABINAS HIDALGO,1,2026-08-09
19,NUEVO LEON,2026-01,DESAPARECIDA_O_NO_LOCALIZADA,HOMBRE,19047,HIDALGO,1,2026-08-09
19,NUEVO LEON,2026-01,DESAPARECIDA_O_NO_LOCALIZADA,HOMBRE,19048,SANTA CATARINA,2,2026-08-09
19,NUEVO LEON,2026-01,LOCALIZADA_CON_VIDA,HOMBRE,19004,ALLENDE,1,2026-08-09
19,NUEVO LEON,2026-01,LOCALIZADA_CON_VIDA,HOMBRE,19006,APODACA,4,2026-08-09
19,NUEVO LEON,2026-01,LOCALIZADA_CON_VIDA,MUJER,19006,APODACA,1,2026-08-09
19,NUEVO LEON,2026-01,LOCALIZADA_CON_VIDA,MUJER,19012,CIÉNEGA DE FLORES,1,2026-08-09
19,NUEVO LEON,2026-01,LOCALIZADA_CON_VIDA,HOMBRE,19018,GARCÍA,2,2026-08-09
19,NUEVO LEON,2026-01,LOCALIZADA_CON_VIDA,MUJER,19018,GARCÍA,1,2026-08-09
19,NUEVO LEON,2026-01,LOCALIZADA_CON_VIDA,HOMBRE,19021,GRAL. ESCOBEDO,4,2026-08-09
19,NUEVO LEON,2026-01,LOCALIZADA_CON_VIDA,MUJER,19021,GRAL. ESCOBEDO,2,2026-08-09
19,NUEVO LEON,2026-01,LOCALIZADA_CON_VIDA,HOMBRE,19025,GRAL. ZUAZUA,1,2026-08-09
19,NUEVO LEON,2026-01,LOCALIZADA_CON_VIDA,MUJER,19025,GRAL. ZUAZUA,1,2026-08-09
19,NUEVO LEON,2026-01,LOCALIZADA_CON_VIDA,HOMBRE,19026,GUADALUPE,5,2026-08-09
19,NUEVO LEON,2026-01,LOCALIZADA_CON_VIDA,MUJER,19026,GUADALUPE,1,2026-08-09
19,NUEVO LEON,2026-01,LOCALIZADA_CON_VIDA,HOMBRE,19031,JUÁREZ,4,2026-08-09
19,NUEVO LEON,2026-01,LOCALIZADA_CON_VIDA,MUJER,19031,JUÁREZ,9,2026-08-09
19,NUEVO LEON,2026-01,LOCALIZADA_CON_VIDA,HOMBRE,19038,MONTEMORELOS,2,2026-08-09
19,NUEVO LEON,2026-01,LOCALIZADA_CON_VIDA,HOMBRE,19039,MONTERREY,10,2026-08-09
19,NUEVO LEON,2026-01,LOCALIZADA_CON_VIDA,MUJER,19039,MONTERREY,8,2026-08-09
19,NUEVO LEON,2026-01,LOCALIZADA_CON_VIDA,HOMBRE,19045,SALINAS VICTORIA,1,2026-08-09
19,NUEVO LEON,2026-01,LOCALIZADA_CON_VIDA,MUJER,19045,SALINAS VICTORIA,1,2026-08-09
19,NUEVO LEON,2026-01,LOCALIZADA_CON_VIDA,HOMBRE,19046,SAN NICOLÁS DE LOS GARZA,2,2026-08-09
19,NUEVO LEON,2026-01,LOCALIZADA_CON_VIDA,MUJER,19046,SAN NICOLÁS DE LOS GARZA,1,2026-08-09
19,NUEVO LEON,2026-01,LOCALIZADA_CON_VIDA,HOMBRE,19048,SANTA CATARINA,2,2026-08-09
19,NUEVO LEON,2026-01,LOCALIZADA_CON_VIDA,MUJER,19048,SANTA CATARINA,3,2026-08-09
19,NUEVO LEON,2026-01,LOCALIZADA_SIN_VIDA,HOMBRE,19006,APODACA,2,2026-08-09
19,NUEVO LEON,2026-01,LOCALIZADA_SIN_VIDA,HOMBRE,19039,MONTERREY,1,2026-08-09
19,NUEVO LEON,2026-01,LOCALIZADA_SIN_VIDA,MUJER,19039,MONTERREY,1,2026-08-09
19,NUEVO LEON,2026-01,LOCALIZADA_SIN_VIDA,HOMBRE,19048,SANTA CATARINA,1,2026-08-09
19,NUEVO LEON,2026-02,DESAPARECIDA_O_NO_LOCALIZADA,HOMBRE,19004,ALLENDE,1,2026-08-09
19,NUEVO LEON,2026-02,DESAPARECIDA_O_NO_LOCALIZADA,HOMBRE,19006,APODACA,2,2026-08-09
19,NUEVO LEON,2026-02,DESAPARECIDA_O_NO_LOCALIZADA,MUJER,19006,APODACA,3,2026-08-09
19,NUEVO LEON,2026-02,DESAPARECIDA_O_NO_LOCALIZADA,HOMBRE,19009,CADEREYTA JIMÉNEZ,3,2026-08-09
19,NUEVO LEON,2026-02,DESAPARECIDA_O_NO_LOCALIZADA,MUJER,19009,CADEREYTA JIMÉNEZ,1,2026-08-09
19,NUEVO LEON,2026-02,DESAPARECIDA_O_NO_LOCALIZADA,MUJER,19010,CARMEN,1,2026-08-09
19,NUEVO LEON,2026-02,DESAPARECIDA_O_NO_LOCALIZADA,HOMBRE,19011,CERRALVO,2,2026-08-09
19,NUEVO LEON,2026-02,DESAPARECIDA_O_NO_LOCALIZADA,HOMBRE,19012,CIÉNEGA DE FLORES,2,2026-08-09
19,NUEVO LEON,2026-02,DESAPARECIDA_O_NO_LOCALIZADA,HOMBRE,19017,GALEANA,1,2026-08-09
19,NUEVO LEON,2026-02,DESAPARECIDA_O_NO_LOCALIZADA,HOMBRE,19018,GARCÍA,9,2026-08-09
19,NUEVO LEON,2026-02,DESAPARECIDA_O_NO_LOCALIZADA,MUJER,19018,GARCÍA,2,2026-08-09
19,NUEVO LEON,2026-02,DESAPARECIDA_O_NO_LOCALIZADA,HOMBRE,19019,SAN PEDRO GARZA GARCÍA,1,2026-08-09
19,NUEVO LEON,2026-02,DESAPARECIDA_O_NO_LOCALIZADA,HOMBRE,19021,GRAL. ESCOBEDO,5,2026-08-09
19,NUEVO LEON,2026-02,DESAPARECIDA_O_NO_LOCALIZADA,MUJER,19021,GRAL. ESCOBEDO,3,2026-08-09
19,NUEVO LEON,2026-02,DESAPARECIDA_O_NO_LOCALIZADA,HOMBRE,19026,GUADALUPE,4,2026-08-09
19,NUEVO LEON,2026-02,DESAPARECIDA_O_NO_LOCALIZADA,MUJER,19026,GUADALUPE,2,2026-08-09
19,NUEVO LEON,2026-02,DESAPARECIDA_O_NO_LOCALIZADA,HOMBRE,19031,JUÁREZ,1,2026-08-09
19,NUEVO LEON,2026-02,DESAPARECIDA_O_NO_LOCALIZADA,MUJER,19031,JUÁREZ,2,2026-08-09
19,NUEVO LEON,2026-02,DESAPARECIDA_O_NO_LOCALIZADA,HOMBRE,19033,LINARES,4,2026-08-09
19,NUEVO LEON,2026-02,DESAPARECIDA_O_NO_LOCALIZADA,MUJER,19033,LINARES,1,2026-08-09
19,NUEVO LEON,2026-02,DESAPARECIDA_O_NO_LOCALIZADA,HOMBRE,19039,MONTERREY,16,2026-08-09
19,NUEVO LEON,2026-02,DESAPARECIDA_O_NO_LOCALIZADA,MUJER,19039,MONTERREY,6,2026-08-09
19,NUEVO LEON,2026-02,DESAPARECIDA_O_NO_LOCALIZADA,HOMBRE,19041,PESQUERÍA,3,2026-08-09
19,NUEVO LEON,2026-02,DESAPARECIDA_O_NO_LOCALIZADA,MUJER,19041,PESQUERÍA,2,2026-08-09
19,NUEVO LEON,2026-02,DESAPARECIDA_O_NO_LOCALIZADA,HOMBRE,19045,SALINAS VICTORIA,1,2026-08-09
19,NUEVO LEON,2026-02,DESAPARECIDA_O_NO_LOCALIZADA,HOMBRE,19046,SAN NICOLÁS DE LOS GARZA,2,2026-08-09
19,NUEVO LEON,2026-02,DESAPARECIDA_O_NO_LOCALIZADA,MUJER,19046,SAN NICOLÁS DE LOS GARZA,1,2026-08-09
19,NUEVO LEON,2026-02,DESAPARECIDA_O_NO_LOCALIZADA,MUJER,19048,SANTA CATARINA,2,2026-08-09
19,NUEVO LEON,2026-02,DESAPARECIDA_O_NO_LOCALIZADA,HOMBRE,19049,SANTIAGO,2,2026-08-09
19,NUEVO LEON,2026-02,LOCALIZADA_CON_VIDA,HOMBRE,19006,APODACA,3,2026-08-09
19,NUEVO LEON,2026-02,LOCALIZADA_CON_VIDA,MUJER,19006,APODACA,1,2026-08-09
19,NUEVO LEON,2026-02,LOCALIZADA_CON_VIDA,HOMBRE,19011,CERRALVO,1,2026-08-09
19,NUEVO LEON,2026-02,LOCALIZADA_CON_VIDA,HOMBRE,19018,GARCÍA,1,2026-08-09
19,NUEVO LEON,2026-02,LOCALIZADA_CON_VIDA,MUJER,19018,GARCÍA,1,2026-08-09
19,NUEVO LEON,2026-02,LOCALIZADA_CON_VIDA,HOMBRE,19021,GRAL. ESCOBEDO,1,2026-08-09
19,NUEVO LEON,2026-02,LOCALIZADA_CON_VIDA,MUJER,19021,GRAL. ESCOBEDO,1,2026-08-09
19,NUEVO LEON,2026-02,LOCALIZADA_CON_VIDA,HOMBRE,19026,GUADALUPE,3,2026-08-09
19,NUEVO LEON,2026-02,LOCALIZADA_CON_VIDA,HOMBRE,19029,HUALAHUISES,1,2026-08-09
19,NUEVO LEON,2026-02,LOCALIZADA_CON_VIDA,HOMBRE,19031,JUÁREZ,3,2026-08-09
19,NUEVO LEON,2026-02,LOCALIZADA_CON_VIDA,MUJER,19031,JUÁREZ,1,2026-08-09
19,NUEVO LEON,2026-02,LOCALIZADA_CON_VIDA,HOMBRE,19039,MONTERREY,8,2026-08-09
19,NUEVO LEON,2026-02,LOCALIZADA_CON_VIDA,MUJER,19039,MONTERREY,2,2026-08-09
19,NUEVO LEON,2026-02,LOCALIZADA_CON_VIDA,HOMBRE,19041,PESQUERÍA,2,2026-08-09
19,NUEVO LEON,2026-02,LOCALIZADA_CON_VIDA,HOMBRE,19046,SAN NICOLÁS DE LOS GARZA,1,2026-08-09
19,NUEVO LEON,2026-02,LOCALIZADA_SIN_VIDA,HOMBRE,19006,APODACA,1,2026-08-09
19,NUEVO LEON,2026-02,LOCALIZADA_SIN_VIDA,HOMBRE,19031,JUÁREZ,2,2026-08-09
19,NUEVO LEON,2026-02,LOCALIZADA_SIN_VIDA,HOMBRE,19039,MONTERREY,3,2026-08-09
19,NUEVO LEON,2026-03,DESAPARECIDA_O_NO_LOCALIZADA,HOMBRE,19006,APODACA,4,2026-08-09
19,NUEVO LEON,2026-03,DESAPARECIDA_O_NO_LOCALIZADA,MUJER,19006,APODACA,1,2026-08-09
19,NUEVO LEON,2026-03,DESAPARECIDA_O_NO_LOCALIZADA,HOMBRE,19013,CHINA,3,2026-08-09
19,NUEVO LEON,2026-03,DESAPARECIDA_O_NO_LOCALIZADA,MUJER,19014,DR. ARROYO,1,2026-08-09
19,NUEVO LEON,2026-03,DESAPARECIDA_O_NO_LOCALIZADA,HOMBRE,19018,GARCÍA,2,2026-08-09
19,NUEVO LEON,2026-03,DESAPARECIDA_O_NO_LOCALIZADA,MUJER,19019,SAN PEDRO GARZA GARCÍA,1,2026-08-09
19,NUEVO LEON,2026-03,DESAPARECIDA_O_NO_LOCALIZADA,HOMBRE,19021,GRAL. ESCOBEDO,4,2026-08-09
19,NUEVO LEON,2026-03,DESAPARECIDA_O_NO_LOCALIZADA,HOMBRE,19022,GRAL. TERÁN,5,2026-08-09
19,NUEVO LEON,2026-03,DESAPARECIDA_O_NO_LOCALIZADA,MUJER,19023,GRAL. TREVIÑO,1,2026-08-09
19,NUEVO LEON,2026-03,DESAPARECIDA_O_NO_LOCALIZADA,HOMBRE,19026,GUADALUPE,4,2026-08-09
19,NUEVO LEON,2026-03,DESAPARECIDA_O_NO_LOCALIZADA,MUJER,19026,GUADALUPE,3,2026-08-09
19,NUEVO LEON,2026-03,DESAPARECIDA_O_NO_LOCALIZADA,HOMBRE,19029,HUALAHUISES,1,2026-08-09
19,NUEVO LEON,2026-03,DESAPARECIDA_O_NO_LOCALIZADA,HOMBRE,19031,JUÁREZ,4,2026-08-09
19,NUEVO LEON,2026-03,DESAPARECIDA_O_NO_LOCALIZADA,MUJER,19031,JUÁREZ,2,2026-08-09
19,NUEVO LEON,2026-03,DESAPARECIDA_O_NO_LOCALIZADA,HOMBRE,19033,LINARES,1,2026-08-09
19,NUEVO LEON,2026-03,DESAPARECIDA_O_NO_LOCALIZADA,HOMBRE,19039,MONTERREY,13,2026-08-09
19,NUEVO LEON,2026-03,DESAPARECIDA_O_NO_LOCALIZADA,MUJER,19039,MONTERREY,5,2026-08-09
19,NUEVO LEON,2026-03,DESAPARECIDA_O_NO_LOCALIZADA,HOMBRE,19047,HIDALGO,1,2026-08-09
19,NUEVO LEON,2026-03,DESAPARECIDA_O_NO_LOCALIZADA,HOMBRE,19048,SANTA CATARINA,1,2026-08-09
19,NUEVO LEON,2026-03,LOCALIZADA_CON_VIDA,HOMBRE,19006,APODACA,2,2026-08-09
19,NUEVO LEON,2026-03,LOCALIZADA_CON_VIDA,MUJER,19006,APODACA,1,2026-08-09
19,NUEVO LEON,2026-03,LOCALIZADA_CON_VIDA,HOMBRE,19010,CARMEN,1,2026-08-09
19,NUEVO LEON,2026-03,LOCALIZADA_CON_VIDA,HOMBRE,19018,GARCÍA,3,2026-08-09
19,NUEVO LEON,2026-03,LOCALIZADA_CON_VIDA,MUJER,19018,GARCÍA,1,2026-08-09
19,NUEVO LEON,2026-03,LOCALIZADA_CON_VIDA,HOMBRE,19019,SAN PEDRO GARZA GARCÍA,1,2026-08-09
19,NUEVO LEON,2026-03,LOCALIZADA_CON_VIDA,MUJER,19019,SAN PEDRO GARZA GARCÍA,2,2026-08-09
19,NUEVO LEON,2026-03,LOCALIZADA_CON_VIDA,MUJER,19021,GRAL. ESCOBEDO,3,2026-08-09
19,NUEVO LEON,2026-03,LOCALIZADA_CON_VIDA,HOMBRE,19022,GRAL. TERÁN,1,2026-08-09
19,NUEVO LEON,2026-03,LOCALIZADA_CON_VIDA,HOMBRE,19026,GUADALUPE,6,2026-08-09
19,NUEVO LEON,2026-03,LOCALIZADA_CON_VIDA,HOMBRE,19031,JUÁREZ,2,2026-08-09
19,NUEVO LEON,2026-03,LOCALIZADA_CON_VIDA,MUJER,19031,JUÁREZ,2,2026-08-09
19,NUEVO LEON,2026-03,LOCALIZADA_CON_VIDA,HOMBRE,19039,MONTERREY,4,2026-08-09
19,NUEVO LEON,2026-03,LOCALIZADA_CON_VIDA,MUJER,19039,MONTERREY,2,2026-08-09
19,NUEVO LEON,2026-03,LOCALIZADA_CON_VIDA,HOMBRE,19045,SALINAS VICTORIA,1,2026-08-09
19,NUEVO LEON,2026-03,LOCALIZADA_CON_VIDA,HOMBRE,19046,SAN NICOLÁS DE LOS GARZA,1,2026-08-09
19,NUEVO LEON,2026-03,LOCALIZADA_CON_VIDA,MUJER,19046,SAN NICOLÁS DE LOS GARZA,1,2026-08-09
19,NUEVO LEON,2026-03,LOCALIZADA_CON_VIDA,MUJER,19048,SANTA CATARINA,2,2026-08-09
19,NUEVO LEON,2026-03,LOCALIZADA_SIN_VIDA,HOMBRE,19021,GRAL. ESCOBEDO,1,2026-08-09
19,NUEVO LEON,2026-03,LOCALIZADA_SIN_VIDA,HOMBRE,19041,PESQUERÍA,1,2026-08-09
19,NUEVO LEON,2026-04,DESAPARECIDA_O_NO_LOCALIZADA,HOMBRE,19005,ANÁHUAC,1,2026-08-09
19,NUEVO LEON,2026-04,DESAPARECIDA_O_NO_LOCALIZADA,HOMBRE,19006,APODACA,2,2026-08-09
19,NUEVO LEON,2026-04,DESAPARECIDA_O_NO_LOCALIZADA,MUJER,19006,APODACA,1,2026-08-09
19,NUEVO LEON,2026-04,DESAPARECIDA_O_NO_LOCALIZADA,HOMBRE,19009,CADEREYTA JIMÉNEZ,2,2026-08-09
19,NUEVO LEON,2026-04,DESAPARECIDA_O_NO_LOCALIZADA,HOMBRE,19010,CARMEN,1,2026-08-09
19,NUEVO LEON,2026-04,DESAPARECIDA_O_NO_LOCALIZADA,HOMBRE,19012,CIÉNEGA DE FLORES,1,2026-08-09
19,NUEVO LEON,2026-04,DESAPARECIDA_O_NO_LOCALIZADA,HOMBRE,19014,DR. ARROYO,3,2026-08-09
19,NUEVO LEON,2026-04,DESAPARECIDA_O_NO_LOCALIZADA,MUJER,19014,DR. ARROYO,1,2026-08-09
19,NUEVO LEON,2026-04,DESAPARECIDA_O_NO_LOCALIZADA,HOMBRE,19017,GALEANA,1,2026-08-09
19,NUEVO LEON,2026-04,DESAPARECIDA_O_NO_LOCALIZADA,HOMBRE,19018,GARCÍA,4,2026-08-09
19,NUEVO LEON,2026-04,DESAPARECIDA_O_NO_LOCALIZADA,MUJER,19018,GARCÍA,3,2026-08-09
19,NUEVO LEON,2026-04,DESAPARECIDA_O_NO_LOCALIZADA,HOMBRE,19019,SAN PEDRO GARZA GARCÍA,1,2026-08-09
19,NUEVO LEON,2026-04,DESAPARECIDA_O_NO_LOCALIZADA,HOMBRE,19021,GRAL. ESCOBEDO,1,2026-08-09
19,NUEVO LEON,2026-04,DESAPARECIDA_O_NO_LOCALIZADA,HOMBRE,19022,GRAL. TERÁN,1,2026-08-09
19,NUEVO LEON,2026-04,DESAPARECIDA_O_NO_LOCALIZADA,HOMBRE,19025,GRAL. ZUAZUA,2,2026-08-09
19,NUEVO LEON,2026-04,DESAPARECIDA_O_NO_LOCALIZADA,HOMBRE,19026,GUADALUPE,4,2026-08-09
19,NUEVO LEON,2026-04,DESAPARECIDA_O_NO_LOCALIZADA,MUJER,19026,GUADALUPE,3,2026-08-09
19,NUEVO LEON,2026-04,DESAPARECIDA_O_NO_LOCALIZADA,HOMBRE,19031,JUÁREZ,2,2026-08-09
19,NUEVO LEON,2026-04,DESAPARECIDA_O_NO_LOCALIZADA,MUJER,19031,JUÁREZ,2,2026-08-09
19,NUEVO LEON,2026-04,DESAPARECIDA_O_NO_LOCALIZADA,HOMBRE,19033,LINARES,2,2026-08-09
19,NUEVO LEON,2026-04,DESAPARECIDA_O_NO_LOCALIZADA,MUJER,19033,LINARES,1,2026-08-09
19,NUEVO LEON,2026-04,DESAPARECIDA_O_NO_LOCALIZADA,HOMBRE,19039,MONTERREY,10,2026-08-09
19,NUEVO LEON,2026-04,DESAPARECIDA_O_NO_LOCALIZADA,MUJER,19039,MONTERREY,4,2026-08-09
19,NUEVO LEON,2026-04,DESAPARECIDA_O_NO_LOCALIZADA,HOMBRE,19041,PESQUERÍA,1,2026-08-09
19,NUEVO LEON,2026-04,DESAPARECIDA_O_NO_LOCALIZADA,HOMBRE,19044,SABINAS HIDALGO,1,2026-08-09
19,NUEVO LEON,2026-04,DESAPARECIDA_O_NO_LOCALIZADA,HOMBRE,19045,SALINAS VICTORIA,2,2026-08-09
19,NUEVO LEON,2026-04,DESAPARECIDA_O_NO_LOCALIZADA,HOMBRE,19046,SAN NICOLÁS DE LOS GARZA,1,2026-08-09
19,NUEVO LEON,2026-04,DESAPARECIDA_O_NO_LOCALIZADA,HOMBRE,19047,HIDALGO,3,2026-08-09
19,NUEVO LEON,2026-04,DESAPARECIDA_O_NO_LOCALIZADA,MUJER,19047,HIDALGO,1,2026-08-09
19,NUEVO LEON,2026-04,LOCALIZADA_CON_VIDA,HOMBRE,19002,AGUALEGUAS,1,2026-08-09
19,NUEVO LEON,2026-04,LOCALIZADA_CON_VIDA,HOMBRE,19010,CARMEN,1,2026-08-09
19,NUEVO LEON,2026-04,LOCALIZADA_CON_VIDA,HOMBRE,19018,GARCÍA,2,2026-08-09
19,NUEVO LEON,2026-04,LOCALIZADA_CON_VIDA,MUJER,19018,GARCÍA,3,2026-08-09
19,NUEVO LEON,2026-04,LOCALIZADA_CON_VIDA,MUJER,19019,SAN PEDRO GARZA GARCÍA,1,2026-08-09
19,NUEVO LEON,2026-04,LOCALIZADA_CON_VIDA,MUJER,19027,LOS HERRERAS,1,2026-08-09
19,NUEVO LEON,2026-04,LOCALIZADA_CON_VIDA,HOMBRE,19033,LINARES,1,2026-08-09
19,NUEVO LEON,2026-04,LOCALIZADA_CON_VIDA,HOMBRE,19039,MONTERREY,5,2026-08-09
19,NUEVO LEON,2026-04,LOCALIZADA_CON_VIDA,MUJER,19039,MONTERREY,1,2026-08-09
19,NUEVO LEON,2026-04,LOCALIZADA_CON_VIDA,HOMBRE,19045,SALINAS VICTORIA,2,2026-08-09
19,NUEVO LEON,2026-04,LOCALIZADA_CON_VIDA,HOMBRE,19046,SAN NICOLÁS DE LOS GARZA,4,2026-08-09
19,NUEVO LEON,2026-04,LOCALIZADA_CON_VIDA,MUJER,19047,HIDALGO,1,2026-08-09
19,NUEVO LEON,2026-04,LOCALIZADA_SIN_VIDA,HOMBRE,19006,APODACA,1,2026-08-09
19,NUEVO LEON,2026-04,LOCALIZADA_SIN_VIDA,HOMBRE,19039,MONTERREY,2,2026-08-09
19,NUEVO LEON,2026-05,DESAPARECIDA_O_NO_LOCALIZADA,MUJER,19005,ANÁHUAC,1,2026-08-09
19,NUEVO LEON,2026-05,DESAPARECIDA_O_NO_LOCALIZADA,HOMBRE,19006,APODACA,2,2026-08-09
19,NUEVO LEON,2026-05,DESAPARECIDA_O_NO_LOCALIZADA,MUJER,19006,APODACA,2,2026-08-09
19,NUEVO LEON,2026-05,DESAPARECIDA_O_NO_LOCALIZADA,HOMBRE,19010,CARMEN,1,2026-08-09
19,NUEVO LEON,2026-05,DESAPARECIDA_O_NO_LOCALIZADA,MUJER,19010,CARMEN,2,2026-08-09
19,NUEVO LEON,2026-05,DESAPARECIDA_O_NO_LOCALIZADA,HOMBRE,19012,CIÉNEGA DE FLORES,1,2026-08-09
19,NUEVO LEON,2026-05,DESAPARECIDA_O_NO_LOCALIZADA,HOMBRE,19018,GARCÍA,4,2026-08-09
19,NUEVO LEON,2026-05,DESAPARECIDA_O_NO_LOCALIZADA,MUJER,19018,GARCÍA,1,2026-08-09
19,NUEVO LEON,2026-05,DESAPARECIDA_O_NO_LOCALIZADA,HOMBRE,19021,GRAL. ESCOBEDO,2,2026-08-09
19,NUEVO LEON,2026-05,DESAPARECIDA_O_NO_LOCALIZADA,MUJER,19021,GRAL. ESCOBEDO,1,2026-08-09
19,NUEVO LEON,2026-05,DESAPARECIDA_O_NO_LOCALIZADA,HOMBRE,19025,GRAL. ZUAZUA,1,2026-08-09
19,NUEVO LEON,2026-05,DESAPARECIDA_O_NO_LOCALIZADA,MUJER,19025,GRAL. ZUAZUA,2,2026-08-09
19,NUEVO LEON,2026-05,DESAPARECIDA_O_NO_LOCALIZADA,HOMBRE,19026,GUADALUPE,1,2026-08-09
19,NUEVO LEON,2026-05,DESAPARECIDA_O_NO_LOCALIZADA,MUJER,19026,GUADALUPE,2,2026-08-09
19,NUEVO LEON,2026-05,DESAPARECIDA_O_NO_LOCALIZADA,HOMBRE,19031,JUÁREZ,3,2026-08-09
19,NUEVO LEON,2026-05,DESAPARECIDA_O_NO_LOCALIZADA,MUJER,19031,JUÁREZ,2,2026-08-09
19,NUEVO LEON,2026-05,DESAPARECIDA_O_NO_LOCALIZADA,MUJER,19033,LINARES,3,2026-08-09
19,NUEVO LEON,2026-05,DESAPARECIDA_O_NO_LOCALIZADA,HOMBRE,19036,MIER Y NORIEGA,1,2026-08-09
19,NUEVO LEON,2026-05,DESAPARECIDA_O_NO_LOCALIZADA,HOMBRE,19039,MONTERREY,14,2026-08-09
19,NUEVO LEON,2026-05,DESAPARECIDA_O_NO_LOCALIZADA,MUJER,19039,MONTERREY,2,2026-08-09
19,NUEVO LEON,2026-05,DESAPARECIDA_O_NO_LOCALIZADA,HOMBRE,19041,PESQUERÍA,2,2026-08-09
19,NUEVO LEON,2026-05,DESAPARECIDA_O_NO_LOCALIZADA,MUJER,19041,PESQUERÍA,2,2026-08-09
19,NUEVO LEON,2026-05,DESAPARECIDA_O_NO_LOCALIZADA,HOMBRE,19042,LOS RAMONES,1,2026-08-09
19,NUEVO LEON,2026-05,DESAPARECIDA_O_NO_LOCALIZADA,HOMBRE,19045,SALINAS VICTORIA,2,2026-08-09
19,NUEVO LEON,2026-05,DESAPARECIDA_O_NO_LOCALIZADA,HOMBRE,19046,SAN NICOLÁS DE LOS GARZA,1,2026-08-09
19,NUEVO LEON,2026-05,DESAPARECIDA_O_NO_LOCALIZADA,HOMBRE,19048,SANTA CATARINA,3,2026-08-09
19,NUEVO LEON,2026-05,DESAPARECIDA_O_NO_LOCALIZADA,MUJER,19048,SANTA CATARINA,1,2026-08-09
19,NUEVO LEON,2026-05,LOCALIZADA_CON_VIDA,HOMBRE,19009,CADEREYTA JIMÉNEZ,1,2026-08-09
19,NUEVO LEON,2026-05,LOCALIZADA_CON_VIDA,MUJER,19009,CADEREYTA JIMÉNEZ,1,2026-08-09
19,NUEVO LEON,2026-05,LOCALIZADA_CON_VIDA,MUJER,19010,CARMEN,1,2026-08-09
19,NUEVO LEON,2026-05,LOCALIZADA_CON_VIDA,HOMBRE,19014,DR. ARROYO,1,2026-08-09
19,NUEVO LEON,2026-05,LOCALIZADA_CON_VIDA,HOMBRE,19018,GARCÍA,3,2026-08-09
19,NUEVO LEON,2026-05,LOCALIZADA_CON_VIDA,MUJER,19018,GARCÍA,2,2026-08-09
19,NUEVO LEON,2026-05,LOCALIZADA_CON_VIDA,HOMBRE,19021,GRAL. ESCOBEDO,1,2026-08-09
19,NUEVO LEON,2026-05,LOCALIZADA_CON_VIDA,MUJER,19021,GRAL. ESCOBEDO,1,2026-08-09
19,NUEVO LEON,2026-05,LOCALIZADA_CON_VIDA,HOMBRE,19026,GUADALUPE,2,2026-08-09
19,NUEVO LEON,2026-05,LOCALIZADA_CON_VIDA,MUJER,19026,GUADALUPE,2,2026-08-09
19,NUEVO LEON,2026-05,LOCALIZADA_CON_VIDA,HOMBRE,19031,JUÁREZ,1,2026-08-09
19,NUEVO LEON,2026-05,LOCALIZADA_CON_VIDA,HOMBRE,19039,MONTERREY,5,2026-08-09
19,NUEVO LEON,2026-05,LOCALIZADA_CON_VIDA,HOMBRE,19045,SALINAS VICTORIA,1,2026-08-09
19,NUEVO LEON,2026-05,LOCALIZADA_CON_VIDA,MUJER,19045,SALINAS VICTORIA,1,2026-08-09
19,NUEVO LEON,2026-05,LOCALIZADA_CON_VIDA,HOMBRE,19048,SANTA CATARINA,1,2026-08-09
19,NUEVO LEON,2026-05,LOCALIZADA_SIN_VIDA,HOMBRE,19039,MONTERREY,1,2026-08-09
19,NUEVO LEON,2026-05,LOCALIZADA_SIN_VIDA,HOMBRE,19048,SANTA CATARINA,1,2026-08-09
19,NUEVO LEON,2026-06,DESAPARECIDA_O_NO_LOCALIZADA,HOMBRE,19006,APODACA,5,2026-08-09
19,NUEVO LEON,2026-06,DESAPARECIDA_O_NO_LOCALIZADA,MUJER,19006,APODACA,1,2026-08-09
19,NUEVO LEON,2026-06,DESAPARECIDA_O_NO_LOCALIZADA,HOMBRE,19009,CADEREYTA JIMÉNEZ,1,2026-08-09
19,NUEVO LEON,2026-06,DESAPARECIDA_O_NO_LOCALIZADA,MUJER,19009,CADEREYTA JIMÉNEZ,1,2026-08-09
19,NUEVO LEON,2026-06,DESAPARECIDA_O_NO_LOCALIZADA,HOMBRE,19010,CARMEN,1,2026-08-09
19,NUEVO LEON,2026-06,DESAPARECIDA_O_NO_LOCALIZADA,HOMBRE,19012,CIÉNEGA DE FLORES,3,2026-08-09
19,NUEVO LEON,2026-06,DESAPARECIDA_O_NO_LOCALIZADA,HOMBRE,19018,GARCÍA,4,2026-08-09
19,NUEVO LEON,2026-06,DESAPARECIDA_O_NO_LOCALIZADA,MUJER,19018,GARCÍA,3,2026-08-09
19,NUEVO LEON,2026-06,DESAPARECIDA_O_NO_LOCALIZADA,HOMBRE,19021,GRAL. ESCOBEDO,2,2026-08-09
19,NUEVO LEON,2026-06,DESAPARECIDA_O_NO_LOCALIZADA,MUJER,19021,GRAL. ESCOBEDO,4,2026-08-09
19,NUEVO LEON,2026-06,DESAPARECIDA_O_NO_LOCALIZADA,HOMBRE,19026,GUADALUPE,4,2026-08-09
19,NUEVO LEON,2026-06,DESAPARECIDA_O_NO_LOCALIZADA,MUJER,19026,GUADALUPE,3,2026-08-09
19,NUEVO LEON,2026-06,DESAPARECIDA_O_NO_LOCALIZADA,HOMBRE,19031,JUÁREZ,4,2026-08-09
19,NUEVO LEON,2026-06,DESAPARECIDA_O_NO_LOCALIZADA,MUJER,19031,JUÁREZ,2,2026-08-09
19,NUEVO LEON,2026-06,DESAPARECIDA_O_NO_LOCALIZADA,HOMBRE,19033,LINARES,1,2026-08-09
19,NUEVO LEON,2026-06,DESAPARECIDA_O_NO_LOCALIZADA,HOMBRE,19038,MONTEMORELOS,2,2026-08-09
19,NUEVO LEON,2026-06,DESAPARECIDA_O_NO_LOCALIZADA,HOMBRE,19039,MONTERREY,17,2026-08-09
19,NUEVO LEON,2026-06,DESAPARECIDA_O_NO_LOCALIZADA,MUJER,19039,MONTERREY,7,2026-08-09
19,NUEVO LEON,2026-06,DESAPARECIDA_O_NO_LOCALIZADA,HOMBRE,19041,PESQUERÍA,1,2026-08-09
19,NUEVO LEON,2026-06,DESAPARECIDA_O_NO_LOCALIZADA,MUJER,19041,PESQUERÍA,3,2026-08-09
19,NUEVO LEON,2026-06,DESAPARECIDA_O_NO_LOCALIZADA,HOMBRE,19042,LOS RAMONES,1,2026-08-09
19,NUEVO LEON,2026-06,DESAPARECIDA_O_NO_LOCALIZADA,MUJER,19045,SALINAS VICTORIA,1,2026-08-09
19,NUEVO LEON,2026-06,DESAPARECIDA_O_NO_LOCALIZADA,HOMBRE,19046,SAN NICOLÁS DE LOS GARZA,6,2026-08-09
19,NUEVO LEON,2026-06,DESAPARECIDA_O_NO_LOCALIZADA,HOMBRE,19048,SANTA CATARINA,3,2026-08-09
19,NUEVO LEON,2026-06,LOCALIZADA_CON_VIDA,HOMBRE,19006,APODACA,1,2026-08-09
19,NUEVO LEON,2026-06,LOCALIZADA_CON_VIDA,MUJER,19010,CARMEN,1,2026-08-09
19,NUEVO LEON,2026-06,LOCALIZADA_CON_VIDA,MUJER,19012,CIÉNEGA DE FLORES,1,2026-08-09
19,NUEVO LEON,2026-06,LOCALIZADA_CON_VIDA,HOMBRE,19017,GALEANA,1,2026-08-09
19,NUEVO LEON,2026-06,LOCALIZADA_CON_VIDA,MUJER,19018,GARCÍA,2,2026-08-09
19,NUEVO LEON,2026-06,LOCALIZADA_CON_VIDA,HOMBRE,19021,GRAL. ESCOBEDO,2,2026-08-09
19,NUEVO LEON,2026-06,LOCALIZADA_CON_VIDA,MUJER,19021,GRAL. ESCOBEDO,1,2026-08-09
19,NUEVO LEON,2026-06,LOCALIZADA_CON_VIDA,MUJER,19024,GRAL. ZARAGOZA,1,2026-08-09
19,NUEVO LEON,2026-06,LOCALIZADA_CON_VIDA,MUJER,19026,GUADALUPE,1,2026-08-09
19,NUEVO LEON,2026-06,LOCALIZADA_CON_VIDA,MUJER,19031,JUÁREZ,1,2026-08-09
19,NUEVO LEON,2026-06,LOCALIZADA_CON_VIDA,HOMBRE,19039,MONTERREY,5,2026-08-09
19,NUEVO LEON,2026-06,LOCALIZADA_CON_VIDA,MUJER,19039,MONTERREY,2,2026-08-09
19,NUEVO LEON,2026-06,LOCALIZADA_CON_VIDA,MUJER,19046,SAN NICOLÁS DE LOS GARZA,1,2026-08-09
19,NUEVO LEON,2026-06,LOCALIZADA_CON_VIDA,MUJER,19048,SANTA CATARINA,1,2026-08-09
19,NUEVO LEON,2026-06,LOCALIZADA_SIN_VIDA,MUJER,19014,DR. ARROYO,1,2026-08-09
19,NUEVO LEON,2026-06,LOCALIZADA_SIN_VIDA,HOMBRE,19021,GRAL. ESCOBEDO,1,2026-08-09
19,NUEVO LEON,2026-06,LOCALIZADA_SIN_VIDA,HOMBRE,19048,SANTA CATARINA,1,2026-08-09
19,NUEVO LEON,2026-07,DESAPARECIDA_O_NO_LOCALIZADA,HOMBRE,19006,APODACA,2,2026-08-09
19,NUEVO LEON,2026-07,DESAPARECIDA_O_NO_LOCALIZADA,MUJER,19006,APODACA,2,2026-08-09
19,NUEVO LEON,2026-07,DESAPARECIDA_O_NO_LOCALIZADA,HOMBRE,19009,CADEREYTA JIMÉNEZ,1,2026-08-09
19,NUEVO LEON,2026-07,DESAPARECIDA_O_NO_LOCALIZADA,HOMBRE,19010,CARMEN,1,2026-08-09
19,NUEVO LEON,2026-07,DESAPARECIDA_O_NO_LOCALIZADA,HOMBRE,19018,GARCÍA,1,2026-08-09
19,NUEVO LEON,2026-07,DESAPARECIDA_O_NO_LOCALIZADA,MUJER,19018,GARCÍA,1,2026-08-09
19,NUEVO LEON,2026-07,DESAPARECIDA_O_NO_LOCALIZADA,HOMBRE,19021,GRAL. ESCOBEDO,1,2026-08-09
19,NUEVO LEON,2026-07,DESAPARECIDA_O_NO_LOCALIZADA,MUJER,19021,GRAL. ESCOBEDO,1,2026-08-09
19,NUEVO LEON,2026-07,DESAPARECIDA_O_NO_LOCALIZADA,HOMBRE,19025,GRAL. ZUAZUA,1,2026-08-09
19,NUEVO LEON,2026-07,DESAPARECIDA_O_NO_LOCALIZADA,MUJER,19025,GRAL. ZUAZUA,1,2026-08-09
19,NUEVO LEON,2026-07,DESAPARECIDA_O_NO_LOCALIZADA,HOMBRE,19026,GUADALUPE,2,2026-08-09
19,NUEVO LEON,2026-07,DESAPARECIDA_O_NO_LOCALIZADA,MUJER,19026,GUADALUPE,2,2026-08-09
19,NUEVO LEON,2026-07,DESAPARECIDA_O_NO_LOCALIZADA,MUJER,19031,JUÁREZ,1,2026-08-09
19,NUEVO LEON,2026-07,DESAPARECIDA_O_NO_LOCALIZADA,HOMBRE,19033,LINARES,1,2026-08-09
19,NUEVO LEON,2026-07,DESAPARECIDA_O_NO_LOCALIZADA,HOMBRE,19038,MONTEMORELOS,1,2026-08-09
19,NUEVO LEON,2026-07,DESAPARECIDA_O_NO_LOCALIZADA,HOMBRE,19039,MONTERREY,12,2026-08-09
19,NUEVO LEON,2026-07,DESAPARECIDA_O_NO_LOCALIZADA,MUJER,19039,MONTERREY,6,2026-08-09
19,NUEVO LEON,2026-07,DESAPARECIDA_O_NO_LOCALIZADA,HOMBRE,19041,PESQUERÍA,2,2026-08-09
19,NUEVO LEON,2026-07,DESAPARECIDA_O_NO_LOCALIZADA,MUJER,19041,PESQUERÍA,2,2026-08-09
19,NUEVO LEON,2026-07,DESAPARECIDA_O_NO_LOCALIZADA,HOMBRE,19046,SAN NICOLÁS DE LOS GARZA,2,2026-08-09
19,NUEVO LEON,2026-07,DESAPARECIDA_O_NO_LOCALIZADA,HOMBRE,19047,HIDALGO,1,2026-08-09
19,NUEVO LEON,2026-07,DESAPARECIDA_O_NO_LOCALIZADA,HOMBRE,19048,SANTA CATARINA,1,2026-08-09
19,NUEVO LEON,2026-07,DESAPARECIDA_O_NO_LOCALIZADA,MUJER,19048,SANTA CATARINA,2,2026-08-09
19,NUEVO LEON,2026-07,DESAPARECIDA_O_NO_LOCALIZADA,HOMBRE,19049,SANTIAGO,1,2026-08-09
19,NUEVO LEON,2026-07,LOCALIZADA_CON_VIDA,HOMBRE,19005,ANÁHUAC,1,2026-08-09
19,NUEVO LEON,SIN_FECHA,DESAPARECIDA_O_NO_LOCALIZADA,,,,56,2026-08-09
19,NUEVO LEON,SIN_FECHA,LOCALIZADA_CON_VIDA,,,,92,2026-08-09
19,NUEVO LEON,SIN_FECHA,LOCALIZADA_SIN_VIDA,,,,10,2026-08-09
20,OAXACA,2026-01,DESAPARECIDA_O_NO_LOCALIZADA,HOMBRE,20039,HUAJUAPAN DE LEÓN,1,2026-08-09
20,OAXACA,2026-01,DESAPARECIDA_O_NO_LOCALIZADA,HOMBRE,20067,OAXACA DE JUÁREZ,1,2026-08-09
20,OAXACA,2026-01,DESAPARECIDA_O_NO_LOCALIZADA,HOMBRE,20353,SANTA ANA,1,2026-08-09
20,OAXACA,2026-01,LOCALIZADA_CON_VIDA,HOMBRE,20067,OAXACA DE JUÁREZ,1,2026-08-09
20,OAXACA,2026-02,DESAPARECIDA_O_NO_LOCALIZADA,MUJER,20240,SAN MARTÍN ITUNYOSO,1,2026-08-09
20,OAXACA,2026-02,LOCALIZADA_CON_VIDA,HOMBRE,20067,OAXACA DE JUÁREZ,1,2026-08-09
20,OAXACA,2026-02,LOCALIZADA_CON_VIDA,MUJER,20107,SAN ANTONIO DE LA CAL,1,2026-08-09
20,OAXACA,2026-02,LOCALIZADA_CON_VIDA,HOMBRE,20157,SAN JACINTO AMILPAS,2,2026-08-09
20,OAXACA,2026-02,LOCALIZADA_CON_VIDA,HOMBRE,20396,SANTA MARÍA LA ASUNCIÓN,1,2026-08-09
20,OAXACA,2026-02,LOCALIZADA_CON_VIDA,HOMBRE,20549,TEZOATLÁN DE SEGURA Y LUNA,1,2026-08-09
20,OAXACA,2026-03,DESAPARECIDA_O_NO_LOCALIZADA,MUJER,20385,SANTA CRUZ XOXOCOTLÁN,1,2026-08-09
20,OAXACA,2026-03,DESAPARECIDA_O_NO_LOCALIZADA,HOMBRE,20469,SANTIAGO JUXTLAHUACA,1,2026-08-09
20,OAXACA,2026-03,LOCALIZADA_CON_VIDA,MUJER,20565,VILLA DE ZAACHILA,2,2026-08-09
20,OAXACA,2026-03,LOCALIZADA_SIN_VIDA,HOMBRE,20375,SANTA CRUZ AMILPAS,1,2026-08-09
20,OAXACA,2026-04,DESAPARECIDA_O_NO_LOCALIZADA,HOMBRE,20107,SAN ANTONIO DE LA CAL,2,2026-08-09
20,OAXACA,2026-04,DESAPARECIDA_O_NO_LOCALIZADA,HOMBRE,20171,SAN JOSÉ TENANGO,2,2026-08-09
20,OAXACA,2026-04,LOCALIZADA_CON_VIDA,MUJER,20023,CUILÁPAM DE GUERRERO,1,2026-08-09
20,OAXACA,2026-04,LOCALIZADA_CON_VIDA,MUJER,20067,OAXACA DE JUÁREZ,1,2026-08-09
20,OAXACA,2026-04,LOCALIZADA_CON_VIDA,MUJER,20565,VILLA DE ZAACHILA,1,2026-08-09
20,OAXACA,2026-05,DESAPARECIDA_O_NO_LOCALIZADA,HOMBRE,20073,PUTLA VILLA DE GUERRERO,1,2026-08-09
20,OAXACA,2026-05,DESAPARECIDA_O_NO_LOCALIZADA,HOMBRE,20266,SAN MIGUEL DEL PUERTO,1,2026-08-09
20,OAXACA,2026-06,DESAPARECIDA_O_NO_LOCALIZADA,HOMBRE,20385,SANTA CRUZ XOXOCOTLÁN,1,2026-08-09
20,OAXACA,2026-06,LOCALIZADA_CON_VIDA,HOMBRE,20067,OAXACA DE JUÁREZ,1,2026-08-09
20,OAXACA,SIN_FECHA,DESAPARECIDA_O_NO_LOCALIZADA,,,,50,2026-08-09
20,OAXACA,SIN_FECHA,LOCALIZADA_CON_VIDA,,,,58,2026-08-09
20,OAXACA,SIN_FECHA,LOCALIZADA_SIN_VIDA,,,,3,2026-08-09
21,PUEBLA,2026-01,DESAPARECIDA_O_NO_LOCALIZADA,HOMBRE,21001,ACAJETE,1,2026-08-09
21,PUEBLA,2026-01,DESAPARECIDA_O_NO_LOCALIZADA,HOMBRE,21009,AHUEHUETITLA,1,2026-08-09
21,PUEBLA,2026-01,DESAPARECIDA_O_NO_LOCALIZADA,HOMBRE,21051,CHIETLA,1,2026-08-09
21,PUEBLA,2026-01,DESAPARECIDA_O_NO_LOCALIZADA,HOMBRE,21071,HUAUCHINANGO,1,2026-08-09
21,PUEBLA,2026-01,DESAPARECIDA_O_NO_LOCALIZADA,HOMBRE,21085,IZÚCAR DE MATAMOROS,2,2026-08-09
21,PUEBLA,2026-01,DESAPARECIDA_O_NO_LOCALIZADA,MUJER,21085,IZÚCAR DE MATAMOROS,1,2026-08-09
21,PUEBLA,2026-01,DESAPARECIDA_O_NO_LOCALIZADA,HOMBRE,21106,OCOYUCAN,1,2026-08-09
21,PUEBLA,2026-01,DESAPARECIDA_O_NO_LOCALIZADA,HOMBRE,21114,PUEBLA,3,2026-08-09
21,PUEBLA,2026-01,DESAPARECIDA_O_NO_LOCALIZADA,MUJER,21114,PUEBLA,2,2026-08-09
21,PUEBLA,2026-01,DESAPARECIDA_O_NO_LOCALIZADA,HOMBRE,21132,SAN MARTÍN TEXMELUCAN,1,2026-08-09
21,PUEBLA,2026-01,DESAPARECIDA_O_NO_LOCALIZADA,MUJER,21144,SAN SALVADOR HUIXCOLOTLA,1,2026-08-09
21,PUEBLA,2026-01,DESAPARECIDA_O_NO_LOCALIZADA,HOMBRE,21208,ZACATLÁN,1,2026-08-09
21,PUEBLA,2026-01,LOCALIZADA_CON_VIDA,HOMBRE,21004,ACATZINGO,2,2026-08-09
21,PUEBLA,2026-01,LOCALIZADA_CON_VIDA,MUJER,21004,ACATZINGO,1,2026-08-09
21,PUEBLA,2026-01,LOCALIZADA_CON_VIDA,HOMBRE,21010,AJALPAN,1,2026-08-09
21,PUEBLA,2026-01,LOCALIZADA_CON_VIDA,HOMBRE,21015,AMOZOC,4,2026-08-09
21,PUEBLA,2026-01,LOCALIZADA_CON_VIDA,MUJER,21015,AMOZOC,2,2026-08-09
21,PUEBLA,2026-01,LOCALIZADA_CON_VIDA,HOMBRE,21019,ATLIXCO,1,2026-08-09
21,PUEBLA,2026-01,LOCALIZADA_CON_VIDA,MUJER,21019,ATLIXCO,3,2026-08-09
21,PUEBLA,2026-01,LOCALIZADA_CON_VIDA,MUJER,21029,CAXHUACAN,1,2026-08-09
21,PUEBLA,2026-01,LOCALIZADA_CON_VIDA,HOMBRE,21034,CORONANGO,1,2026-08-09
21,PUEBLA,2026-01,LOCALIZADA_CON_VIDA,HOMBRE,21041,CUAUTLANCINGO,2,2026-08-09
21,PUEBLA,2026-01,LOCALIZADA_CON_VIDA,MUJER,21041,CUAUTLANCINGO,2,2026-08-09
21,PUEBLA,2026-01,LOCALIZADA_CON_VIDA,MUJER,21043,CUETZALAN DEL PROGRESO,1,2026-08-09
21,PUEBLA,2026-01,LOCALIZADA_CON_VIDA,HOMBRE,21051,CHIETLA,1,2026-08-09
21,PUEBLA,2026-01,LOCALIZADA_CON_VIDA,HOMBRE,21053,CHIGNAHUAPAN,1,2026-08-09
21,PUEBLA,2026-01,LOCALIZADA_CON_VIDA,HOMBRE,21063,ESPERANZA,1,2026-08-09
21,PUEBLA,2026-01,LOCALIZADA_CON_VIDA,HOMBRE,21074,HUEJOTZINGO,1,2026-08-09
21,PUEBLA,2026-01,LOCALIZADA_CON_VIDA,MUJER,21074,HUEJOTZINGO,1,2026-08-09
21,PUEBLA,2026-01,LOCALIZADA_CON_VIDA,HOMBRE,21079,HUITZILTEPEC,1,2026-08-09
21,PUEBLA,2026-01,LOCALIZADA_CON_VIDA,HOMBRE,21085,IZÚCAR DE MATAMOROS,2,2026-08-09
21,PUEBLA,2026-01,LOCALIZADA_CON_VIDA,MUJER,21085,IZÚCAR DE MATAMOROS,3,2026-08-09
21,PUEBLA,2026-01,LOCALIZADA_CON_VIDA,MUJER,21090,JUAN C. BONILLA,1,2026-08-09
21,PUEBLA,2026-01,LOCALIZADA_CON_VIDA,HOMBRE,21114,PUEBLA,30,2026-08-09
21,PUEBLA,2026-01,LOCALIZADA_CON_VIDA,MUJER,21114,PUEBLA,16,2026-08-09
21,PUEBLA,2026-01,LOCALIZADA_CON_VIDA,HOMBRE,21119,SAN ANDRÉS CHOLULA,3,2026-08-09
21,PUEBLA,2026-01,LOCALIZADA_CON_VIDA,HOMBRE,21124,SAN GABRIEL CHILAC,1,2026-08-09
21,PUEBLA,2026-01,LOCALIZADA_CON_VIDA,HOMBRE,21132,SAN MARTÍN TEXMELUCAN,2,2026-08-09
21,PUEBLA,2026-01,LOCALIZADA_CON_VIDA,MUJER,21140,SAN PEDRO CHOLULA,2,2026-08-09
21,PUEBLA,2026-01,LOCALIZADA_CON_VIDA,MUJER,21142,SAN SALVADOR EL SECO,1,2026-08-09
21,PUEBLA,2026-01,LOCALIZADA_CON_VIDA,MUJER,21143,SAN SALVADOR EL VERDE,2,2026-08-09
21,PUEBLA,2026-01,LOCALIZADA_CON_VIDA,HOMBRE,21154,TECAMACHALCO,1,2026-08-09
21,PUEBLA,2026-01,LOCALIZADA_CON_VIDA,MUJER,21154,TECAMACHALCO,2,2026-08-09
21,PUEBLA,2026-01,LOCALIZADA_CON_VIDA,HOMBRE,21156,TEHUACÁN,1,2026-08-09
21,PUEBLA,2026-01,LOCALIZADA_CON_VIDA,MUJER,21156,TEHUACÁN,2,2026-08-09
21,PUEBLA,2026-01,LOCALIZADA_CON_VIDA,HOMBRE,21164,TEPEACA,1,2026-08-09
21,PUEBLA,2026-01,LOCALIZADA_CON_VIDA,HOMBRE,21174,TEZIUTLÁN,1,2026-08-09
21,PUEBLA,2026-01,LOCALIZADA_CON_VIDA,HOMBRE,21176,TILAPA,1,2026-08-09
21,PUEBLA,2026-01,LOCALIZADA_CON_VIDA,HOMBRE,21177,TLACOTEPEC DE BENITO JUÁREZ,1,2026-08-09
21,PUEBLA,2026-01,LOCALIZADA_CON_VIDA,MUJER,21195,VICENTE GUERRERO,1,2026-08-09
21,PUEBLA,2026-01,LOCALIZADA_SIN_VIDA,HOMBRE,21074,HUEJOTZINGO,1,2026-08-09
21,PUEBLA,2026-01,LOCALIZADA_SIN_VIDA,HOMBRE,21079,HUITZILTEPEC,1,2026-08-09
21,PUEBLA,2026-01,LOCALIZADA_SIN_VIDA,HOMBRE,21114,PUEBLA,7,2026-08-09
21,PUEBLA,2026-01,LOCALIZADA_SIN_VIDA,HOMBRE,21149,SANTIAGO MIAHUATLÁN,1,2026-08-09
21,PUEBLA,2026-01,LOCALIZADA_SIN_VIDA,HOMBRE,21186,TLATLAUQUITEPEC,1,2026-08-09
21,PUEBLA,2026-02,DESAPARECIDA_O_NO_LOCALIZADA,HOMBRE,21019,ATLIXCO,2,2026-08-09
21,PUEBLA,2026-02,DESAPARECIDA_O_NO_LOCALIZADA,HOMBRE,21025,AYOTOXCO DE GUERRERO,1,2026-08-09
21,PUEBLA,2026-02,DESAPARECIDA_O_NO_LOCALIZADA,HOMBRE,21110,PALMAR DE BRAVO,1,2026-08-09
21,PUEBLA,2026-02,DESAPARECIDA_O_NO_LOCALIZADA,HOMBRE,21114,PUEBLA,3,2026-08-09
21,PUEBLA,2026-02,DESAPARECIDA_O_NO_LOCALIZADA,MUJER,21114,PUEBLA,1,2026-08-09
21,PUEBLA,2026-02,DESAPARECIDA_O_NO_LOCALIZADA,HOMBRE,21156,TEHUACÁN,1,2026-08-09
21,PUEBLA,2026-02,DESAPARECIDA_O_NO_LOCALIZADA,HOMBRE,21164,TEPEACA,1,2026-08-09
21,PUEBLA,2026-02,DESAPARECIDA_O_NO_LOCALIZADA,HOMBRE,21180,TLAHUAPAN,1,2026-08-09
21,PUEBLA,2026-02,DESAPARECIDA_O_NO_LOCALIZADA,HOMBRE,21194,VENUSTIANO CARRANZA,1,2026-08-09
21,PUEBLA,2026-02,DESAPARECIDA_O_NO_LOCALIZADA,HOMBRE,21207,ZACAPOAXTLA,1,2026-08-09
21,PUEBLA,2026-02,LOCALIZADA_CON_VIDA,HOMBRE,21001,ACAJETE,2,2026-08-09
21,PUEBLA,2026-02,LOCALIZADA_CON_VIDA,MUJER,21004,ACATZINGO,2,2026-08-09
21,PUEBLA,2026-02,LOCALIZADA_CON_VIDA,HOMBRE,21015,AMOZOC,4,2026-08-09
21,PUEBLA,2026-02,LOCALIZADA_CON_VIDA,HOMBRE,21019,ATLIXCO,3,2026-08-09
21,PUEBLA,2026-02,LOCALIZADA_CON_VIDA,MUJER,21019,ATLIXCO,1,2026-08-09
21,PUEBLA,2026-02,LOCALIZADA_CON_VIDA,MUJER,21034,CORONANGO,1,2026-08-09
21,PUEBLA,2026-02,LOCALIZADA_CON_VIDA,HOMBRE,21041,CUAUTLANCINGO,1,2026-08-09
21,PUEBLA,2026-02,LOCALIZADA_CON_VIDA,MUJER,21041,CUAUTLANCINGO,2,2026-08-09
21,PUEBLA,2026-02,LOCALIZADA_CON_VIDA,MUJER,21045,CHALCHICOMULA DE SESMA,1,2026-08-09
21,PUEBLA,2026-02,LOCALIZADA_CON_VIDA,HOMBRE,21053,CHIGNAHUAPAN,1,2026-08-09
21,PUEBLA,2026-02,LOCALIZADA_CON_VIDA,MUJER,21053,CHIGNAHUAPAN,1,2026-08-09
21,PUEBLA,2026-02,LOCALIZADA_CON_VIDA,MUJER,21063,ESPERANZA,1,2026-08-09
21,PUEBLA,2026-02,LOCALIZADA_CON_VIDA,HOMBRE,21071,HUAUCHINANGO,2,2026-08-09
21,PUEBLA,2026-02,LOCALIZADA_CON_VIDA,MUJER,21071,HUAUCHINANGO,2,2026-08-09
21,PUEBLA,2026-02,LOCALIZADA_CON_VIDA,MUJER,21072,HUEHUETLA,3,2026-08-09
21,PUEBLA,2026-02,LOCALIZADA_CON_VIDA,HOMBRE,21085,IZÚCAR DE MATAMOROS,1,2026-08-09
21,PUEBLA,2026-02,LOCALIZADA_CON_VIDA,MUJER,21090,JUAN C. BONILLA,1,2026-08-09
21,PUEBLA,2026-02,LOCALIZADA_CON_VIDA,MUJER,21094,LIBRES,1,2026-08-09
21,PUEBLA,2026-02,LOCALIZADA_CON_VIDA,HOMBRE,21100,NAUPAN,1,2026-08-09
21,PUEBLA,2026-02,LOCALIZADA_CON_VIDA,MUJER,21104,NOPALUCAN,1,2026-08-09
21,PUEBLA,2026-02,LOCALIZADA_CON_VIDA,HOMBRE,21114,PUEBLA,23,2026-08-09
21,PUEBLA,2026-02,LOCALIZADA_CON_VIDA,MUJER,21114,PUEBLA,20,2026-08-09
21,PUEBLA,2026-02,LOCALIZADA_CON_VIDA,HOMBRE,21115,QUECHOLAC,2,2026-08-09
21,PUEBLA,2026-02,LOCALIZADA_CON_VIDA,MUJER,21117,RAFAEL LARA GRAJALES,1,2026-08-09
21,PUEBLA,2026-02,LOCALIZADA_CON_VIDA,HOMBRE,21119,SAN ANDRÉS CHOLULA,2,2026-08-09
21,PUEBLA,2026-02,LOCALIZADA_CON_VIDA,HOMBRE,21132,SAN MARTÍN TEXMELUCAN,3,2026-08-09
21,PUEBLA,2026-02,LOCALIZADA_CON_VIDA,HOMBRE,21140,SAN PEDRO CHOLULA,1,2026-08-09
21,PUEBLA,2026-02,LOCALIZADA_CON_VIDA,MUJER,21140,SAN PEDRO CHOLULA,1,2026-08-09
21,PUEBLA,2026-02,LOCALIZADA_CON_VIDA,HOMBRE,21153,TECALI DE HERRERA,1,2026-08-09
21,PUEBLA,2026-02,LOCALIZADA_CON_VIDA,MUJER,21154,TECAMACHALCO,1,2026-08-09
21,PUEBLA,2026-02,LOCALIZADA_CON_VIDA,HOMBRE,21156,TEHUACÁN,4,2026-08-09
21,PUEBLA,2026-02,LOCALIZADA_CON_VIDA,MUJER,21156,TEHUACÁN,3,2026-08-09
21,PUEBLA,2026-02,LOCALIZADA_CON_VIDA,HOMBRE,21164,TEPEACA,2,2026-08-09
21,PUEBLA,2026-02,LOCALIZADA_CON_VIDA,MUJER,21164,TEPEACA,1,2026-08-09
21,PUEBLA,2026-02,LOCALIZADA_CON_VIDA,HOMBRE,21174,TEZIUTLÁN,1,2026-08-09
21,PUEBLA,2026-02,LOCALIZADA_CON_VIDA,HOMBRE,21176,TILAPA,1,2026-08-09
21,PUEBLA,2026-02,LOCALIZADA_CON_VIDA,MUJER,21177,TLACOTEPEC DE BENITO JUÁREZ,1,2026-08-09
21,PUEBLA,2026-02,LOCALIZADA_CON_VIDA,MUJER,21179,TLACHICHUCA,2,2026-08-09
21,PUEBLA,2026-02,LOCALIZADA_CON_VIDA,MUJER,21188,TOCHIMILCO,1,2026-08-09
21,PUEBLA,2026-02,LOCALIZADA_CON_VIDA,HOMBRE,21189,TOCHTEPEC,1,2026-08-09
21,PUEBLA,2026-02,LOCALIZADA_CON_VIDA,HOMBRE,21193,TZICATLACOYAN,1,2026-08-09
21,PUEBLA,2026-02,LOCALIZADA_SIN_VIDA,MUJER,21015,AMOZOC,1,2026-08-09
21,PUEBLA,2026-02,LOCALIZADA_SIN_VIDA,HOMBRE,21085,IZÚCAR DE MATAMOROS,1,2026-08-09
21,PUEBLA,2026-02,LOCALIZADA_SIN_VIDA,HOMBRE,21094,LIBRES,1,2026-08-09
21,PUEBLA,2026-02,LOCALIZADA_SIN_VIDA,HOMBRE,21114,PUEBLA,4,2026-08-09
21,PUEBLA,2026-02,LOCALIZADA_SIN_VIDA,MUJER,21114,PUEBLA,2,2026-08-09
21,PUEBLA,2026-02,LOCALIZADA_SIN_VIDA,HOMBRE,21142,SAN SALVADOR EL SECO,1,2026-08-09
21,PUEBLA,2026-02,LOCALIZADA_SIN_VIDA,HOMBRE,21153,TECALI DE HERRERA,1,2026-08-09
21,PUEBLA,2026-02,LOCALIZADA_SIN_VIDA,HOMBRE,21164,TEPEACA,2,2026-08-09
21,PUEBLA,2026-03,DESAPARECIDA_O_NO_LOCALIZADA,HOMBRE,21017,ATEMPAN,1,2026-08-09
21,PUEBLA,2026-03,DESAPARECIDA_O_NO_LOCALIZADA,HOMBRE,21045,CHALCHICOMULA DE SESMA,1,2026-08-09
21,PUEBLA,2026-03,DESAPARECIDA_O_NO_LOCALIZADA,MUJER,21051,CHIETLA,1,2026-08-09
21,PUEBLA,2026-03,DESAPARECIDA_O_NO_LOCALIZADA,HOMBRE,21068,HERMENEGILDO GALEANA,1,2026-08-09
21,PUEBLA,2026-03,DESAPARECIDA_O_NO_LOCALIZADA,HOMBRE,21076,HUEYTAMALCO,1,2026-08-09
21,PUEBLA,2026-03,DESAPARECIDA_O_NO_LOCALIZADA,HOMBRE,21114,PUEBLA,6,2026-08-09
21,PUEBLA,2026-03,DESAPARECIDA_O_NO_LOCALIZADA,MUJER,21114,PUEBLA,1,2026-08-09
21,PUEBLA,2026-03,DESAPARECIDA_O_NO_LOCALIZADA,HOMBRE,21132,SAN MARTÍN TEXMELUCAN,1,2026-08-09
21,PUEBLA,2026-03,DESAPARECIDA_O_NO_LOCALIZADA,MUJER,21132,SAN MARTÍN TEXMELUCAN,1,2026-08-09
21,PUEBLA,2026-03,DESAPARECIDA_O_NO_LOCALIZADA,HOMBRE,21156,TEHUACÁN,1,2026-08-09
21,PUEBLA,2026-03,DESAPARECIDA_O_NO_LOCALIZADA,HOMBRE,21183,TLAOLA,1,2026-08-09
21,PUEBLA,2026-03,DESAPARECIDA_O_NO_LOCALIZADA,HOMBRE,21208,ZACATLÁN,2,2026-08-09
21,PUEBLA,2026-03,LOCALIZADA_CON_VIDA,MUJER,21001,ACAJETE,1,2026-08-09
21,PUEBLA,2026-03,LOCALIZADA_CON_VIDA,HOMBRE,21004,ACATZINGO,2,2026-08-09
21,PUEBLA,2026-03,LOCALIZADA_CON_VIDA,HOMBRE,21015,AMOZOC,3,2026-08-09
21,PUEBLA,2026-03,LOCALIZADA_CON_VIDA,MUJER,21015,AMOZOC,3,2026-08-09
21,PUEBLA,2026-03,LOCALIZADA_CON_VIDA,HOMBRE,21019,ATLIXCO,1,2026-08-09
21,PUEBLA,2026-03,LOCALIZADA_CON_VIDA,MUJER,21019,ATLIXCO,1,2026-08-09
21,PUEBLA,2026-03,LOCALIZADA_CON_VIDA,HOMBRE,21034,CORONANGO,1,2026-08-09
21,PUEBLA,2026-03,LOCALIZADA_CON_VIDA,MUJER,21034,CORONANGO,1,2026-08-09
21,PUEBLA,2026-03,LOCALIZADA_CON_VIDA,MUJER,21036,COYOMEAPAN,1,2026-08-09
21,PUEBLA,2026-03,LOCALIZADA_CON_VIDA,HOMBRE,21041,CUAUTLANCINGO,2,2026-08-09
21,PUEBLA,2026-03,LOCALIZADA_CON_VIDA,HOMBRE,21049,CHICONCUAUTLA,1,2026-08-09
21,PUEBLA,2026-03,LOCALIZADA_CON_VIDA,HOMBRE,21051,CHIETLA,1,2026-08-09
21,PUEBLA,2026-03,LOCALIZADA_CON_VIDA,HOMBRE,21071,HUAUCHINANGO,1,2026-08-09
21,PUEBLA,2026-03,LOCALIZADA_CON_VIDA,MUJER,21071,HUAUCHINANGO,2,2026-08-09
21,PUEBLA,2026-03,LOCALIZADA_CON_VIDA,HOMBRE,21074,HUEJOTZINGO,2,2026-08-09
21,PUEBLA,2026-03,LOCALIZADA_CON_VIDA,MUJER,21074,HUEJOTZINGO,5,2026-08-09
21,PUEBLA,2026-03,LOCALIZADA_CON_VIDA,HOMBRE,21085,IZÚCAR DE MATAMOROS,1,2026-08-09
21,PUEBLA,2026-03,LOCALIZADA_CON_VIDA,MUJER,21085,IZÚCAR DE MATAMOROS,2,2026-08-09
21,PUEBLA,2026-03,LOCALIZADA_CON_VIDA,HOMBRE,21090,JUAN C. BONILLA,1,2026-08-09
21,PUEBLA,2026-03,LOCALIZADA_CON_VIDA,MUJER,21110,PALMAR DE BRAVO,1,2026-08-09
21,PUEBLA,2026-03,LOCALIZADA_CON_VIDA,HOMBRE,21111,PANTEPEC,1,2026-08-09
21,PUEBLA,2026-03,LOCALIZADA_CON_VIDA,MUJER,21111,PANTEPEC,1,2026-08-09
21,PUEBLA,2026-03,LOCALIZADA_CON_VIDA,HOMBRE,21114,PUEBLA,30,2026-08-09
21,PUEBLA,2026-03,LOCALIZADA_CON_VIDA,MUJER,21114,PUEBLA,41,2026-08-09
21,PUEBLA,2026-03,LOCALIZADA_CON_VIDA,HOMBRE,21119,SAN ANDRÉS CHOLULA,3,2026-08-09
21,PUEBLA,2026-03,LOCALIZADA_CON_VIDA,HOMBRE,21132,SAN MARTÍN TEXMELUCAN,3,2026-08-09
21,PUEBLA,2026-03,LOCALIZADA_CON_VIDA,MUJER,21132,SAN MARTÍN TEXMELUCAN,6,2026-08-09
21,PUEBLA,2026-03,LOCALIZADA_CON_VIDA,HOMBRE,21140,SAN PEDRO CHOLULA,2,2026-08-09
21,PUEBLA,2026-03,LOCALIZADA_CON_VIDA,MUJER,21140,SAN PEDRO CHOLULA,2,2026-08-09
21,PUEBLA,2026-03,LOCALIZADA_CON_VIDA,MUJER,21143,SAN SALVADOR EL VERDE,1,2026-08-09
21,PUEBLA,2026-03,LOCALIZADA_CON_VIDA,HOMBRE,21149,SANTIAGO MIAHUATLÁN,1,2026-08-09
21,PUEBLA,2026-03,LOCALIZADA_CON_VIDA,HOMBRE,21156,TEHUACÁN,1,2026-08-09
21,PUEBLA,2026-03,LOCALIZADA_CON_VIDA,MUJER,21156,TEHUACÁN,6,2026-08-09
21,PUEBLA,2026-03,LOCALIZADA_CON_VIDA,HOMBRE,21164,TEPEACA,1,2026-08-09
21,PUEBLA,2026-03,LOCALIZADA_CON_VIDA,HOMBRE,21174,TEZIUTLÁN,3,2026-08-09
21,PUEBLA,2026-03,LOCALIZADA_CON_VIDA,MUJER,21174,TEZIUTLÁN,1,2026-08-09
21,PUEBLA,2026-03,LOCALIZADA_CON_VIDA,HOMBRE,21177,TLACOTEPEC DE BENITO JUÁREZ,1,2026-08-09
21,PUEBLA,2026-03,LOCALIZADA_CON_VIDA,HOMBRE,21193,TZICATLACOYAN,1,2026-08-09
21,PUEBLA,2026-03,LOCALIZADA_CON_VIDA,MUJER,21194,VENUSTIANO CARRANZA,1,2026-08-09
21,PUEBLA,2026-03,LOCALIZADA_CON_VIDA,MUJER,21202,XOCHITLÁN DE VICENTE SUÁREZ,1,2026-08-09
21,PUEBLA,2026-03,LOCALIZADA_CON_VIDA,MUJER,21208,ZACATLÁN,1,2026-08-09
21,PUEBLA,2026-03,LOCALIZADA_SIN_VIDA,HOMBRE,21074,HUEJOTZINGO,1,2026-08-09
21,PUEBLA,2026-03,LOCALIZADA_SIN_VIDA,HOMBRE,21114,PUEBLA,2,2026-08-09
21,PUEBLA,2026-03,LOCALIZADA_SIN_VIDA,MUJER,21114,PUEBLA,3,2026-08-09
21,PUEBLA,2026-03,LOCALIZADA_SIN_VIDA,HOMBRE,21119,SAN ANDRÉS CHOLULA,1,2026-08-09
21,PUEBLA,2026-03,LOCALIZADA_SIN_VIDA,HOMBRE,21132,SAN MARTÍN TEXMELUCAN,1,2026-08-09
21,PUEBLA,2026-04,DESAPARECIDA_O_NO_LOCALIZADA,HOMBRE,21003,ACATLÁN,2,2026-08-09
21,PUEBLA,2026-04,DESAPARECIDA_O_NO_LOCALIZADA,HOMBRE,21004,ACATZINGO,1,2026-08-09
21,PUEBLA,2026-04,DESAPARECIDA_O_NO_LOCALIZADA,HOMBRE,21025,AYOTOXCO DE GUERRERO,1,2026-08-09
21,PUEBLA,2026-04,DESAPARECIDA_O_NO_LOCALIZADA,HOMBRE,21042,CUAYUCA DE ANDRADE,1,2026-08-09
21,PUEBLA,2026-04,DESAPARECIDA_O_NO_LOCALIZADA,MUJER,21106,OCOYUCAN,1,2026-08-09
21,PUEBLA,2026-04,DESAPARECIDA_O_NO_LOCALIZADA,HOMBRE,21114,PUEBLA,5,2026-08-09
21,PUEBLA,2026-04,DESAPARECIDA_O_NO_LOCALIZADA,MUJER,21114,PUEBLA,6,2026-08-09
21,PUEBLA,2026-04,DESAPARECIDA_O_NO_LOCALIZADA,HOMBRE,21115,QUECHOLAC,1,2026-08-09
21,PUEBLA,2026-04,DESAPARECIDA_O_NO_LOCALIZADA,HOMBRE,21119,SAN ANDRÉS CHOLULA,1,2026-08-09
21,PUEBLA,2026-04,DESAPARECIDA_O_NO_LOCALIZADA,HOMBRE,21132,SAN MARTÍN TEXMELUCAN,1,2026-08-09
21,PUEBLA,2026-04,DESAPARECIDA_O_NO_LOCALIZADA,MUJER,21140,SAN PEDRO CHOLULA,1,2026-08-09
21,PUEBLA,2026-04,DESAPARECIDA_O_NO_LOCALIZADA,HOMBRE,21154,TECAMACHALCO,1,2026-08-09
21,PUEBLA,2026-04,DESAPARECIDA_O_NO_LOCALIZADA,MUJER,21164,TEPEACA,1,2026-08-09
21,PUEBLA,2026-04,DESAPARECIDA_O_NO_LOCALIZADA,MUJER,21197,XICOTEPEC,1,2026-08-09
21,PUEBLA,2026-04,LOCALIZADA_CON_VIDA,MUJER,21003,ACATLÁN,2,2026-08-09
21,PUEBLA,2026-04,LOCALIZADA_CON_VIDA,MUJER,21010,AJALPAN,1,2026-08-09
21,PUEBLA,2026-04,LOCALIZADA_CON_VIDA,HOMBRE,21015,AMOZOC,2,2026-08-09
21,PUEBLA,2026-04,LOCALIZADA_CON_VIDA,MUJER,21015,AMOZOC,3,2026-08-09
21,PUEBLA,2026-04,LOCALIZADA_CON_VIDA,HOMBRE,21019,ATLIXCO,1,2026-08-09
21,PUEBLA,2026-04,LOCALIZADA_CON_VIDA,MUJER,21019,ATLIXCO,1,2026-08-09
21,PUEBLA,2026-04,LOCALIZADA_CON_VIDA,HOMBRE,21034,CORONANGO,1,2026-08-09
21,PUEBLA,2026-04,LOCALIZADA_CON_VIDA,HOMBRE,21041,CUAUTLANCINGO,1,2026-08-09
21,PUEBLA,2026-04,LOCALIZADA_CON_VIDA,MUJER,21045,CHALCHICOMULA DE SESMA,1,2026-08-09
21,PUEBLA,2026-04,LOCALIZADA_CON_VIDA,HOMBRE,21060,DOMINGO ARENAS,1,2026-08-09
21,PUEBLA,2026-04,LOCALIZADA_CON_VIDA,MUJER,21060,DOMINGO ARENAS,1,2026-08-09
21,PUEBLA,2026-04,LOCALIZADA_CON_VIDA,HOMBRE,21071,HUAUCHINANGO,2,2026-08-09
21,PUEBLA,2026-04,LOCALIZADA_CON_VIDA,MUJER,21074,HUEJOTZINGO,2,2026-08-09
21,PUEBLA,2026-04,LOCALIZADA_CON_VIDA,HOMBRE,21085,IZÚCAR DE MATAMOROS,2,2026-08-09
21,PUEBLA,2026-04,LOCALIZADA_CON_VIDA,MUJER,21090,JUAN C. BONILLA,1,2026-08-09
21,PUEBLA,2026-04,LOCALIZADA_CON_VIDA,MUJER,21105,OCOTEPEC,2,2026-08-09
21,PUEBLA,2026-04,LOCALIZADA_CON_VIDA,HOMBRE,21114,PUEBLA,31,2026-08-09
21,PUEBLA,2026-04,LOCALIZADA_CON_VIDA,MUJER,21114,PUEBLA,35,2026-08-09
21,PUEBLA,2026-04,LOCALIZADA_CON_VIDA,MUJER,21115,QUECHOLAC,2,2026-08-09
21,PUEBLA,2026-04,LOCALIZADA_CON_VIDA,HOMBRE,21119,SAN ANDRÉS CHOLULA,1,2026-08-09
21,PUEBLA,2026-04,LOCALIZADA_CON_VIDA,MUJER,21119,SAN ANDRÉS CHOLULA,3,2026-08-09
21,PUEBLA,2026-04,LOCALIZADA_CON_VIDA,MUJER,21120,SAN ANTONIO CAÑADA,2,2026-08-09
21,PUEBLA,2026-04,LOCALIZADA_CON_VIDA,HOMBRE,21132,SAN MARTÍN TEXMELUCAN,2,2026-08-09
21,PUEBLA,2026-04,LOCALIZADA_CON_VIDA,MUJER,21132,SAN MARTÍN TEXMELUCAN,2,2026-08-09
21,PUEBLA,2026-04,LOCALIZADA_CON_VIDA,HOMBRE,21133,SAN MARTÍN TOTOLTEPEC,1,2026-08-09
21,PUEBLA,2026-04,LOCALIZADA_CON_VIDA,HOMBRE,21140,SAN PEDRO CHOLULA,5,2026-08-09
21,PUEBLA,2026-04,LOCALIZADA_CON_VIDA,MUJER,21140,SAN PEDRO CHOLULA,6,2026-08-09
21,PUEBLA,2026-04,LOCALIZADA_CON_VIDA,HOMBRE,21143,SAN SALVADOR EL VERDE,1,2026-08-09
21,PUEBLA,2026-04,LOCALIZADA_CON_VIDA,HOMBRE,21149,SANTIAGO MIAHUATLÁN,2,2026-08-09
21,PUEBLA,2026-04,LOCALIZADA_CON_VIDA,MUJER,21149,SANTIAGO MIAHUATLÁN,2,2026-08-09
21,PUEBLA,2026-04,LOCALIZADA_CON_VIDA,HOMBRE,21154,TECAMACHALCO,1,2026-08-09
21,PUEBLA,2026-04,LOCALIZADA_CON_VIDA,MUJER,21154,TECAMACHALCO,2,2026-08-09
21,PUEBLA,2026-04,LOCALIZADA_CON_VIDA,HOMBRE,21156,TEHUACÁN,2,2026-08-09
21,PUEBLA,2026-04,LOCALIZADA_CON_VIDA,MUJER,21156,TEHUACÁN,5,2026-08-09
21,PUEBLA,2026-04,LOCALIZADA_CON_VIDA,HOMBRE,21164,TEPEACA,1,2026-08-09
21,PUEBLA,2026-04,LOCALIZADA_CON_VIDA,MUJER,21164,TEPEACA,1,2026-08-09
21,PUEBLA,2026-04,LOCALIZADA_CON_VIDA,MUJER,21168,TEPEXCO,1,2026-08-09
21,PUEBLA,2026-04,LOCALIZADA_CON_VIDA,MUJER,21177,TLACOTEPEC DE BENITO JUÁREZ,1,2026-08-09
21,PUEBLA,2026-04,LOCALIZADA_CON_VIDA,MUJER,21180,TLAHUAPAN,2,2026-08-09
21,PUEBLA,2026-04,LOCALIZADA_CON_VIDA,HOMBRE,21197,XICOTEPEC,2,2026-08-09
21,PUEBLA,2026-04,LOCALIZADA_SIN_VIDA,HOMBRE,21048,CHIAUTZINGO,1,2026-08-09
21,PUEBLA,2026-04,LOCALIZADA_SIN_VIDA,HOMBRE,21071,HUAUCHINANGO,1,2026-08-09
21,PUEBLA,2026-04,LOCALIZADA_SIN_VIDA,HOMBRE,21112,PETLALCINGO,1,2026-08-09
21,PUEBLA,2026-04,LOCALIZADA_SIN_VIDA,HOMBRE,21114,PUEBLA,4,2026-08-09
21,PUEBLA,2026-05,DESAPARECIDA_O_NO_LOCALIZADA,HOMBRE,21010,AJALPAN,1,2026-08-09
21,PUEBLA,2026-05,DESAPARECIDA_O_NO_LOCALIZADA,MUJER,21010,AJALPAN,1,2026-08-09
21,PUEBLA,2026-05,DESAPARECIDA_O_NO_LOCALIZADA,MUJER,21019,ATLIXCO,1,2026-08-09
21,PUEBLA,2026-05,DESAPARECIDA_O_NO_LOCALIZADA,HOMBRE,21026,CALPAN,1,2026-08-09
21,PUEBLA,2026-05,DESAPARECIDA_O_NO_LOCALIZADA,MUJER,21026,CALPAN,1,2026-08-09
21,PUEBLA,2026-05,DESAPARECIDA_O_NO_LOCALIZADA,HOMBRE,21034,CORONANGO,1,2026-08-09
21,PUEBLA,2026-05,DESAPARECIDA_O_NO_LOCALIZADA,HOMBRE,21041,CUAUTLANCINGO,2,2026-08-09
21,PUEBLA,2026-05,DESAPARECIDA_O_NO_LOCALIZADA,HOMBRE,21051,CHIETLA,1,2026-08-09
21,PUEBLA,2026-05,DESAPARECIDA_O_NO_LOCALIZADA,HOMBRE,21085,IZÚCAR DE MATAMOROS,1,2026-08-09
21,PUEBLA,2026-05,DESAPARECIDA_O_NO_LOCALIZADA,HOMBRE,21104,NOPALUCAN,1,2026-08-09
21,PUEBLA,2026-05,DESAPARECIDA_O_NO_LOCALIZADA,HOMBRE,21114,PUEBLA,8,2026-08-09
21,PUEBLA,2026-05,DESAPARECIDA_O_NO_LOCALIZADA,MUJER,21114,PUEBLA,5,2026-08-09
21,PUEBLA,2026-05,DESAPARECIDA_O_NO_LOCALIZADA,HOMBRE,21115,QUECHOLAC,1,2026-08-09
21,PUEBLA,2026-05,DESAPARECIDA_O_NO_LOCALIZADA,HOMBRE,21119,SAN ANDRÉS CHOLULA,1,2026-08-09
21,PUEBLA,2026-05,DESAPARECIDA_O_NO_LOCALIZADA,MUJER,21132,SAN MARTÍN TEXMELUCAN,1,2026-08-09
21,PUEBLA,2026-05,DESAPARECIDA_O_NO_LOCALIZADA,HOMBRE,21142,SAN SALVADOR EL SECO,1,2026-08-09
21,PUEBLA,2026-05,DESAPARECIDA_O_NO_LOCALIZADA,HOMBRE,21154,TECAMACHALCO,1,2026-08-09
21,PUEBLA,2026-05,DESAPARECIDA_O_NO_LOCALIZADA,MUJER,21179,TLACHICHUCA,1,2026-08-09
21,PUEBLA,2026-05,DESAPARECIDA_O_NO_LOCALIZADA,HOMBRE,21180,TLAHUAPAN,1,2026-08-09
21,PUEBLA,2026-05,DESAPARECIDA_O_NO_LOCALIZADA,MUJER,21213,ZIHUATEUTLA,1,2026-08-09
21,PUEBLA,2026-05,LOCALIZADA_CON_VIDA,MUJER,21003,ACATLÁN,1,2026-08-09
21,PUEBLA,2026-05,LOCALIZADA_CON_VIDA,MUJER,21004,ACATZINGO,1,2026-08-09
21,PUEBLA,2026-05,LOCALIZADA_CON_VIDA,MUJER,21010,AJALPAN,3,2026-08-09
21,PUEBLA,2026-05,LOCALIZADA_CON_VIDA,HOMBRE,21015,AMOZOC,3,2026-08-09
21,PUEBLA,2026-05,LOCALIZADA_CON_VIDA,MUJER,21015,AMOZOC,4,2026-08-09
21,PUEBLA,2026-05,LOCALIZADA_CON_VIDA,HOMBRE,21022,ATZITZIHUACÁN,1,2026-08-09
21,PUEBLA,2026-05,LOCALIZADA_CON_VIDA,MUJER,21022,ATZITZIHUACÁN,1,2026-08-09
21,PUEBLA,2026-05,LOCALIZADA_CON_VIDA,HOMBRE,21023,ATZITZINTLA,1,2026-08-09
21,PUEBLA,2026-05,LOCALIZADA_CON_VIDA,MUJER,21023,ATZITZINTLA,1,2026-08-09
21,PUEBLA,2026-05,LOCALIZADA_CON_VIDA,HOMBRE,21034,CORONANGO,2,2026-08-09
21,PUEBLA,2026-05,LOCALIZADA_CON_VIDA,HOMBRE,21041,CUAUTLANCINGO,4,2026-08-09
21,PUEBLA,2026-05,LOCALIZADA_CON_VIDA,MUJER,21041,CUAUTLANCINGO,4,2026-08-09
21,PUEBLA,2026-05,LOCALIZADA_CON_VIDA,MUJER,21051,CHIETLA,1,2026-08-09
21,PUEBLA,2026-05,LOCALIZADA_CON_VIDA,HOMBRE,21053,CHIGNAHUAPAN,1,2026-08-09
21,PUEBLA,2026-05,LOCALIZADA_CON_VIDA,MUJER,21053,CHIGNAHUAPAN,1,2026-08-09
21,PUEBLA,2026-05,LOCALIZADA_CON_VIDA,HOMBRE,21054,CHIGNAUTLA,1,2026-08-09
21,PUEBLA,2026-05,LOCALIZADA_CON_VIDA,HOMBRE,21058,CHILCHOTLA,1,2026-08-09
21,PUEBLA,2026-05,LOCALIZADA_CON_VIDA,MUJER,21063,ESPERANZA,3,2026-08-09
21,PUEBLA,2026-05,LOCALIZADA_CON_VIDA,HOMBRE,21074,HUEJOTZINGO,1,2026-08-09
21,PUEBLA,2026-05,LOCALIZADA_CON_VIDA,MUJER,21074,HUEJOTZINGO,1,2026-08-09
21,PUEBLA,2026-05,LOCALIZADA_CON_VIDA,HOMBRE,21090,JUAN C. BONILLA,1,2026-08-09
21,PUEBLA,2026-05,LOCALIZADA_CON_VIDA,HOMBRE,21110,PALMAR DE BRAVO,1,2026-08-09
21,PUEBLA,2026-05,LOCALIZADA_CON_VIDA,HOMBRE,21111,PANTEPEC,2,2026-08-09
21,PUEBLA,2026-05,LOCALIZADA_CON_VIDA,MUJER,21111,PANTEPEC,1,2026-08-09
21,PUEBLA,2026-05,LOCALIZADA_CON_VIDA,HOMBRE,21114,PUEBLA,21,2026-08-09
21,PUEBLA,2026-05,LOCALIZADA_CON_VIDA,MUJER,21114,PUEBLA,34,2026-08-09
21,PUEBLA,2026-05,LOCALIZADA_CON_VIDA,HOMBRE,21115,QUECHOLAC,1,2026-08-09
21,PUEBLA,2026-05,LOCALIZADA_CON_VIDA,MUJER,21115,QUECHOLAC,1,2026-08-09
21,PUEBLA,2026-05,LOCALIZADA_CON_VIDA,MUJER,21119,SAN ANDRÉS CHOLULA,2,2026-08-09
21,PUEBLA,2026-05,LOCALIZADA_CON_VIDA,HOMBRE,21132,SAN MARTÍN TEXMELUCAN,2,2026-08-09
21,PUEBLA,2026-05,LOCALIZADA_CON_VIDA,MUJER,21132,SAN MARTÍN TEXMELUCAN,2,2026-08-09
21,PUEBLA,2026-05,LOCALIZADA_CON_VIDA,HOMBRE,21136,SAN MIGUEL XOXTLA,1,2026-08-09
21,PUEBLA,2026-05,LOCALIZADA_CON_VIDA,HOMBRE,21140,SAN PEDRO CHOLULA,2,2026-08-09
21,PUEBLA,2026-05,LOCALIZADA_CON_VIDA,MUJER,21140,SAN PEDRO CHOLULA,1,2026-08-09
21,PUEBLA,2026-05,LOCALIZADA_CON_VIDA,MUJER,21142,SAN SALVADOR EL SECO,1,2026-08-09
21,PUEBLA,2026-05,LOCALIZADA_CON_VIDA,MUJER,21143,SAN SALVADOR EL VERDE,1,2026-08-09
21,PUEBLA,2026-05,LOCALIZADA_CON_VIDA,HOMBRE,21144,SAN SALVADOR HUIXCOLOTLA,1,2026-08-09
21,PUEBLA,2026-05,LOCALIZADA_CON_VIDA,HOMBRE,21148,SANTA ISABEL CHOLULA,1,2026-08-09
21,PUEBLA,2026-05,LOCALIZADA_CON_VIDA,MUJER,21148,SANTA ISABEL CHOLULA,1,2026-08-09
21,PUEBLA,2026-05,LOCALIZADA_CON_VIDA,HOMBRE,21156,TEHUACÁN,2,2026-08-09
21,PUEBLA,2026-05,LOCALIZADA_CON_VIDA,MUJER,21156,TEHUACÁN,5,2026-08-09
21,PUEBLA,2026-05,LOCALIZADA_CON_VIDA,HOMBRE,21173,TETELES DE AVILA CASTILLO,1,2026-08-09
21,PUEBLA,2026-05,LOCALIZADA_CON_VIDA,MUJER,21173,TETELES DE AVILA CASTILLO,1,2026-08-09
21,PUEBLA,2026-05,LOCALIZADA_CON_VIDA,HOMBRE,21174,TEZIUTLÁN,1,2026-08-09
21,PUEBLA,2026-05,LOCALIZADA_CON_VIDA,MUJER,21177,TLACOTEPEC DE BENITO JUÁREZ,1,2026-08-09
21,PUEBLA,2026-05,LOCALIZADA_CON_VIDA,HOMBRE,21186,TLATLAUQUITEPEC,1,2026-08-09
21,PUEBLA,2026-05,LOCALIZADA_CON_VIDA,MUJER,21195,VICENTE GUERRERO,1,2026-08-09
21,PUEBLA,2026-05,LOCALIZADA_CON_VIDA,MUJER,21197,XICOTEPEC,1,2026-08-09
21,PUEBLA,2026-05,LOCALIZADA_CON_VIDA,MUJER,21208,ZACATLÁN,1,2026-08-09
21,PUEBLA,2026-05,LOCALIZADA_CON_VIDA,MUJER,21216,ZOQUIAPAN,1,2026-08-09
21,PUEBLA,2026-05,LOCALIZADA_SIN_VIDA,HOMBRE,21114,PUEBLA,1,2026-08-09
21,PUEBLA,2026-05,LOCALIZADA_SIN_VIDA,HOMBRE,21124,SAN GABRIEL CHILAC,1,2026-08-09
21,PUEBLA,2026-05,LOCALIZADA_SIN_VIDA,HOMBRE,21144,SAN SALVADOR HUIXCOLOTLA,1,2026-08-09
21,PUEBLA,2026-06,DESAPARECIDA_O_NO_LOCALIZADA,HOMBRE,21008,AHUAZOTEPEC,1,2026-08-09
21,PUEBLA,2026-06,DESAPARECIDA_O_NO_LOCALIZADA,HOMBRE,21041,CUAUTLANCINGO,1,2026-08-09
21,PUEBLA,2026-06,DESAPARECIDA_O_NO_LOCALIZADA,MUJER,21041,CUAUTLANCINGO,1,2026-08-09
21,PUEBLA,2026-06,DESAPARECIDA_O_NO_LOCALIZADA,HOMBRE,21074,HUEJOTZINGO,1,2026-08-09
21,PUEBLA,2026-06,DESAPARECIDA_O_NO_LOCALIZADA,HOMBRE,21085,IZÚCAR DE MATAMOROS,1,2026-08-09
21,PUEBLA,2026-06,DESAPARECIDA_O_NO_LOCALIZADA,HOMBRE,21089,JOPALA,1,2026-08-09
21,PUEBLA,2026-06,DESAPARECIDA_O_NO_LOCALIZADA,MUJER,21089,JOPALA,1,2026-08-09
21,PUEBLA,2026-06,DESAPARECIDA_O_NO_LOCALIZADA,HOMBRE,21114,PUEBLA,8,2026-08-09
21,PUEBLA,2026-06,DESAPARECIDA_O_NO_LOCALIZADA,MUJER,21114,PUEBLA,7,2026-08-09
21,PUEBLA,2026-06,DESAPARECIDA_O_NO_LOCALIZADA,HOMBRE,21119,SAN ANDRÉS CHOLULA,1,2026-08-09
21,PUEBLA,2026-06,DESAPARECIDA_O_NO_LOCALIZADA,HOMBRE,21132,SAN MARTÍN TEXMELUCAN,1,2026-08-09
21,PUEBLA,2026-06,DESAPARECIDA_O_NO_LOCALIZADA,MUJER,21132,SAN MARTÍN TEXMELUCAN,1,2026-08-09
21,PUEBLA,2026-06,DESAPARECIDA_O_NO_LOCALIZADA,HOMBRE,21144,SAN SALVADOR HUIXCOLOTLA,1,2026-08-09
21,PUEBLA,2026-06,DESAPARECIDA_O_NO_LOCALIZADA,HOMBRE,21156,TEHUACÁN,1,2026-08-09
21,PUEBLA,2026-06,DESAPARECIDA_O_NO_LOCALIZADA,MUJER,21156,TEHUACÁN,2,2026-08-09
21,PUEBLA,2026-06,DESAPARECIDA_O_NO_LOCALIZADA,HOMBRE,21159,TEOPANTLÁN,1,2026-08-09
21,PUEBLA,2026-06,DESAPARECIDA_O_NO_LOCALIZADA,HOMBRE,21164,TEPEACA,1,2026-08-09
21,PUEBLA,2026-06,DESAPARECIDA_O_NO_LOCALIZADA,HOMBRE,21167,TEPETZINTLA,1,2026-08-09
21,PUEBLA,2026-06,DESAPARECIDA_O_NO_LOCALIZADA,HOMBRE,21169,TEPEXI DE RODRÍGUEZ,2,2026-08-09
21,PUEBLA,2026-06,DESAPARECIDA_O_NO_LOCALIZADA,HOMBRE,21179,TLACHICHUCA,1,2026-08-09
21,PUEBLA,2026-06,DESAPARECIDA_O_NO_LOCALIZADA,HOMBRE,21213,ZIHUATEUTLA,1,2026-08-09
21,PUEBLA,2026-06,LOCALIZADA_CON_VIDA,MUJER,21003,ACATLÁN,1,2026-08-09
21,PUEBLA,2026-06,LOCALIZADA_CON_VIDA,HOMBRE,21019,ATLIXCO,2,2026-08-09
21,PUEBLA,2026-06,LOCALIZADA_CON_VIDA,MUJER,21019,ATLIXCO,4,2026-08-09
21,PUEBLA,2026-06,LOCALIZADA_CON_VIDA,MUJER,21034,CORONANGO,2,2026-08-09
21,PUEBLA,2026-06,LOCALIZADA_CON_VIDA,MUJER,21035,COXCATLÁN,1,2026-08-09
21,PUEBLA,2026-06,LOCALIZADA_CON_VIDA,HOMBRE,21041,CUAUTLANCINGO,1,2026-08-09
21,PUEBLA,2026-06,LOCALIZADA_CON_VIDA,MUJER,21041,CUAUTLANCINGO,3,2026-08-09
21,PUEBLA,2026-06,LOCALIZADA_CON_VIDA,MUJER,21043,CUETZALAN DEL PROGRESO,1,2026-08-09
21,PUEBLA,2026-06,LOCALIZADA_CON_VIDA,MUJER,21053,CHIGNAHUAPAN,1,2026-08-09
21,PUEBLA,2026-06,LOCALIZADA_CON_VIDA,MUJER,21055,CHILA,1,2026-08-09
21,PUEBLA,2026-06,LOCALIZADA_CON_VIDA,MUJER,21069,HUAQUECHULA,1,2026-08-09
21,PUEBLA,2026-06,LOCALIZADA_CON_VIDA,HOMBRE,21071,HUAUCHINANGO,2,2026-08-09
21,PUEBLA,2026-06,LOCALIZADA_CON_VIDA,MUJER,21071,HUAUCHINANGO,2,2026-08-09
21,PUEBLA,2026-06,LOCALIZADA_CON_VIDA,HOMBRE,21074,HUEJOTZINGO,1,2026-08-09
21,PUEBLA,2026-06,LOCALIZADA_CON_VIDA,MUJER,21074,HUEJOTZINGO,1,2026-08-09
21,PUEBLA,2026-06,LOCALIZADA_CON_VIDA,HOMBRE,21085,IZÚCAR DE MATAMOROS,5,2026-08-09
21,PUEBLA,2026-06,LOCALIZADA_CON_VIDA,MUJER,21085,IZÚCAR DE MATAMOROS,2,2026-08-09
21,PUEBLA,2026-06,LOCALIZADA_CON_VIDA,HOMBRE,21114,PUEBLA,17,2026-08-09
21,PUEBLA,2026-06,LOCALIZADA_CON_VIDA,MUJER,21114,PUEBLA,23,2026-08-09
21,PUEBLA,2026-06,LOCALIZADA_CON_VIDA,MUJER,21118,LOS REYES DE JUÁREZ,1,2026-08-09
21,PUEBLA,2026-06,LOCALIZADA_CON_VIDA,MUJER,21140,SAN PEDRO CHOLULA,1,2026-08-09
21,PUEBLA,2026-06,LOCALIZADA_CON_VIDA,HOMBRE,21143,SAN SALVADOR EL VERDE,1,2026-08-09
21,PUEBLA,2026-06,LOCALIZADA_CON_VIDA,HOMBRE,21156,TEHUACÁN,3,2026-08-09
21,PUEBLA,2026-06,LOCALIZADA_CON_VIDA,MUJER,21156,TEHUACÁN,5,2026-08-09
21,PUEBLA,2026-06,LOCALIZADA_CON_VIDA,HOMBRE,21174,TEZIUTLÁN,1,2026-08-09
21,PUEBLA,2026-06,LOCALIZADA_CON_VIDA,MUJER,21174,TEZIUTLÁN,1,2026-08-09
21,PUEBLA,2026-06,LOCALIZADA_CON_VIDA,HOMBRE,21177,TLACOTEPEC DE BENITO JUÁREZ,1,2026-08-09
21,PUEBLA,2026-06,LOCALIZADA_CON_VIDA,MUJER,21194,VENUSTIANO CARRANZA,1,2026-08-09
21,PUEBLA,2026-06,LOCALIZADA_CON_VIDA,HOMBRE,21197,XICOTEPEC,1,2026-08-09
21,PUEBLA,2026-06,LOCALIZADA_SIN_VIDA,HOMBRE,21019,ATLIXCO,1,2026-08-09
21,PUEBLA,2026-06,LOCALIZADA_SIN_VIDA,HOMBRE,21041,CUAUTLANCINGO,1,2026-08-09
21,PUEBLA,2026-06,LOCALIZADA_SIN_VIDA,HOMBRE,21071,HUAUCHINANGO,1,2026-08-09
21,PUEBLA,2026-06,LOCALIZADA_SIN_VIDA,MUJER,21106,OCOYUCAN,1,2026-08-09
21,PUEBLA,2026-06,LOCALIZADA_SIN_VIDA,HOMBRE,21132,SAN MARTÍN TEXMELUCAN,1,2026-08-09
21,PUEBLA,2026-07,DESAPARECIDA_O_NO_LOCALIZADA,MUJER,21030,COATEPEC,1,2026-08-09
21,PUEBLA,2026-07,DESAPARECIDA_O_NO_LOCALIZADA,MUJER,21041,CUAUTLANCINGO,1,2026-08-09
21,PUEBLA,2026-07,DESAPARECIDA_O_NO_LOCALIZADA,HOMBRE,21053,CHIGNAHUAPAN,1,2026-08-09
21,PUEBLA,2026-07,DESAPARECIDA_O_NO_LOCALIZADA,HOMBRE,21054,CHIGNAUTLA,1,2026-08-09
21,PUEBLA,2026-07,DESAPARECIDA_O_NO_LOCALIZADA,HOMBRE,21069,HUAQUECHULA,1,2026-08-09
21,PUEBLA,2026-07,DESAPARECIDA_O_NO_LOCALIZADA,MUJER,21106,OCOYUCAN,1,2026-08-09
21,PUEBLA,2026-07,DESAPARECIDA_O_NO_LOCALIZADA,HOMBRE,21114,PUEBLA,6,2026-08-09
21,PUEBLA,2026-07,DESAPARECIDA_O_NO_LOCALIZADA,MUJER,21114,PUEBLA,4,2026-08-09
21,PUEBLA,2026-07,DESAPARECIDA_O_NO_LOCALIZADA,HOMBRE,21118,LOS REYES DE JUÁREZ,1,2026-08-09
21,PUEBLA,2026-07,DESAPARECIDA_O_NO_LOCALIZADA,HOMBRE,21140,SAN PEDRO CHOLULA,1,2026-08-09
21,PUEBLA,2026-07,DESAPARECIDA_O_NO_LOCALIZADA,MUJER,21153,TECALI DE HERRERA,1,2026-08-09
21,PUEBLA,2026-07,DESAPARECIDA_O_NO_LOCALIZADA,HOMBRE,21154,TECAMACHALCO,1,2026-08-09
21,PUEBLA,2026-07,DESAPARECIDA_O_NO_LOCALIZADA,MUJER,21156,TEHUACÁN,1,2026-08-09
21,PUEBLA,2026-07,DESAPARECIDA_O_NO_LOCALIZADA,HOMBRE,21180,TLAHUAPAN,1,2026-08-09
21,PUEBLA,2026-07,DESAPARECIDA_O_NO_LOCALIZADA,MUJER,21205,YEHUALTEPEC,1,2026-08-09
21,PUEBLA,2026-07,LOCALIZADA_CON_VIDA,MUJER,21015,AMOZOC,1,2026-08-09
21,PUEBLA,2026-07,LOCALIZADA_CON_VIDA,MUJER,21017,ATEMPAN,1,2026-08-09
21,PUEBLA,2026-07,LOCALIZADA_CON_VIDA,MUJER,21019,ATLIXCO,1,2026-08-09
21,PUEBLA,2026-07,LOCALIZADA_CON_VIDA,MUJER,21054,CHIGNAUTLA,1,2026-08-09
21,PUEBLA,2026-07,LOCALIZADA_CON_VIDA,HOMBRE,21074,HUEJOTZINGO,1,2026-08-09
21,PUEBLA,2026-07,LOCALIZADA_CON_VIDA,MUJER,21094,LIBRES,1,2026-08-09
21,PUEBLA,2026-07,LOCALIZADA_CON_VIDA,MUJER,21103,NICOLÁS BRAVO,1,2026-08-09
21,PUEBLA,2026-07,LOCALIZADA_CON_VIDA,HOMBRE,21114,PUEBLA,10,2026-08-09
21,PUEBLA,2026-07,LOCALIZADA_CON_VIDA,MUJER,21114,PUEBLA,5,2026-08-09
21,PUEBLA,2026-07,LOCALIZADA_CON_VIDA,MUJER,21156,TEHUACÁN,1,2026-08-09
21,PUEBLA,2026-07,LOCALIZADA_CON_VIDA,MUJER,21164,TEPEACA,1,2026-08-09
21,PUEBLA,2026-07,LOCALIZADA_CON_VIDA,HOMBRE,21168,TEPEXCO,1,2026-08-09
21,PUEBLA,2026-07,LOCALIZADA_CON_VIDA,HOMBRE,21174,TEZIUTLÁN,1,2026-08-09
21,PUEBLA,2026-07,LOCALIZADA_CON_VIDA,MUJER,21174,TEZIUTLÁN,2,2026-08-09
21,PUEBLA,2026-07,LOCALIZADA_CON_VIDA,MUJER,21189,TOCHTEPEC,1,2026-08-09
21,PUEBLA,2026-07,LOCALIZADA_SIN_VIDA,HOMBRE,21114,PUEBLA,1,2026-08-09
21,PUEBLA,2026-07,LOCALIZADA_SIN_VIDA,HOMBRE,21153,TECALI DE HERRERA,1,2026-08-09
21,PUEBLA,SIN_FECHA,DESAPARECIDA_O_NO_LOCALIZADA,,,,400,2026-08-09
21,PUEBLA,SIN_FECHA,LOCALIZADA_CON_VIDA,,,,3645,2026-08-09
21,PUEBLA,SIN_FECHA,LOCALIZADA_SIN_VIDA,,,,387,2026-08-09
22,QUERETARO,2026-01,DESAPARECIDA_O_NO_LOCALIZADA,HOMBRE,22006,CORREGIDORA,1,2026-08-09
22,QUERETARO,2026-01,DESAPARECIDA_O_NO_LOCALIZADA,HOMBRE,22009,JALPAN DE SERRA,1,2026-08-09
22,QUERETARO,2026-01,DESAPARECIDA_O_NO_LOCALIZADA,HOMBRE,22011,EL MARQUÉS,1,2026-08-09
22,QUERETARO,2026-01,DESAPARECIDA_O_NO_LOCALIZADA,HOMBRE,22014,QUERÉTARO,5,2026-08-09
22,QUERETARO,2026-01,DESAPARECIDA_O_NO_LOCALIZADA,MUJER,22014,QUERÉTARO,1,2026-08-09
22,QUERETARO,2026-01,DESAPARECIDA_O_NO_LOCALIZADA,HOMBRE,22016,SAN JUAN DEL RÍO,1,2026-08-09
22,QUERETARO,2026-01,LOCALIZADA_CON_VIDA,HOMBRE,22004,CADEREYTA DE MONTES,1,2026-08-09
22,QUERETARO,2026-01,LOCALIZADA_CON_VIDA,MUJER,22005,COLÓN,1,2026-08-09
22,QUERETARO,2026-01,LOCALIZADA_CON_VIDA,MUJER,22006,CORREGIDORA,1,2026-08-09
22,QUERETARO,2026-01,LOCALIZADA_CON_VIDA,HOMBRE,22014,QUERÉTARO,12,2026-08-09
22,QUERETARO,2026-01,LOCALIZADA_CON_VIDA,MUJER,22014,QUERÉTARO,13,2026-08-09
22,QUERETARO,2026-01,LOCALIZADA_CON_VIDA,MUJER,22016,SAN JUAN DEL RÍO,2,2026-08-09
22,QUERETARO,2026-01,LOCALIZADA_SIN_VIDA,HOMBRE,22008,HUIMILPAN,1,2026-08-09
22,QUERETARO,2026-01,LOCALIZADA_SIN_VIDA,HOMBRE,22014,QUERÉTARO,1,2026-08-09
22,QUERETARO,2026-02,DESAPARECIDA_O_NO_LOCALIZADA,HOMBRE,22006,CORREGIDORA,1,2026-08-09
22,QUERETARO,2026-02,DESAPARECIDA_O_NO_LOCALIZADA,HOMBRE,22007,EZEQUIEL MONTES,1,2026-08-09
22,QUERETARO,2026-02,DESAPARECIDA_O_NO_LOCALIZADA,HOMBRE,22011,EL MARQUÉS,1,2026-08-09
22,QUERETARO,2026-02,DESAPARECIDA_O_NO_LOCALIZADA,HOMBRE,22014,QUERÉTARO,1,2026-08-09
22,QUERETARO,2026-02,LOCALIZADA_CON_VIDA,MUJER,22004,CADEREYTA DE MONTES,1,2026-08-09
22,QUERETARO,2026-02,LOCALIZADA_CON_VIDA,HOMBRE,22006,CORREGIDORA,1,2026-08-09
22,QUERETARO,2026-02,LOCALIZADA_CON_VIDA,MUJER,22012,PEDRO ESCOBEDO,1,2026-08-09
22,QUERETARO,2026-02,LOCALIZADA_CON_VIDA,HOMBRE,22014,QUERÉTARO,3,2026-08-09
22,QUERETARO,2026-02,LOCALIZADA_CON_VIDA,MUJER,22014,QUERÉTARO,6,2026-08-09
22,QUERETARO,2026-02,LOCALIZADA_CON_VIDA,HOMBRE,22016,SAN JUAN DEL RÍO,2,2026-08-09
22,QUERETARO,2026-02,LOCALIZADA_CON_VIDA,MUJER,22016,SAN JUAN DEL RÍO,1,2026-08-09
22,QUERETARO,2026-02,LOCALIZADA_SIN_VIDA,HOMBRE,22001,AMEALCO DE BONFIL,1,2026-08-09
22,QUERETARO,2026-02,LOCALIZADA_SIN_VIDA,HOMBRE,22012,PEDRO ESCOBEDO,1,2026-08-09
22,QUERETARO,2026-02,LOCALIZADA_SIN_VIDA,HOMBRE,22014,QUERÉTARO,2,2026-08-09
22,QUERETARO,2026-02,LOCALIZADA_SIN_VIDA,HOMBRE,22016,SAN JUAN DEL RÍO,1,2026-08-09
22,QUERETARO,2026-03,DESAPARECIDA_O_NO_LOCALIZADA,HOMBRE,22006,CORREGIDORA,2,2026-08-09
22,QUERETARO,2026-03,DESAPARECIDA_O_NO_LOCALIZADA,MUJER,22009,JALPAN DE SERRA,1,2026-08-09
22,QUERETARO,2026-03,DESAPARECIDA_O_NO_LOCALIZADA,HOMBRE,22011,EL MARQUÉS,1,2026-08-09
22,QUERETARO,2026-03,DESAPARECIDA_O_NO_LOCALIZADA,HOMBRE,22012,PEDRO ESCOBEDO,1,2026-08-09
22,QUERETARO,2026-03,DESAPARECIDA_O_NO_LOCALIZADA,HOMBRE,22014,QUERÉTARO,4,2026-08-09
22,QUERETARO,2026-03,DESAPARECIDA_O_NO_LOCALIZADA,MUJER,22014,QUERÉTARO,2,2026-08-09
22,QUERETARO,2026-03,LOCALIZADA_CON_VIDA,MUJER,22006,CORREGIDORA,2,2026-08-09
22,QUERETARO,2026-03,LOCALIZADA_CON_VIDA,HOMBRE,22011,EL MARQUÉS,4,2026-08-09
22,QUERETARO,2026-03,LOCALIZADA_CON_VIDA,MUJER,22011,EL MARQUÉS,1,2026-08-09
22,QUERETARO,2026-03,LOCALIZADA_CON_VIDA,HOMBRE,22012,PEDRO ESCOBEDO,1,2026-08-09
22,QUERETARO,2026-03,LOCALIZADA_CON_VIDA,HOMBRE,22014,QUERÉTARO,10,2026-08-09
22,QUERETARO,2026-03,LOCALIZADA_CON_VIDA,MUJER,22014,QUERÉTARO,4,2026-08-09
22,QUERETARO,2026-03,LOCALIZADA_CON_VIDA,HOMBRE,22016,SAN JUAN DEL RÍO,2,2026-08-09
22,QUERETARO,2026-03,LOCALIZADA_CON_VIDA,MUJER,22017,TEQUISQUIAPAN,1,2026-08-09
22,QUERETARO,2026-03,LOCALIZADA_SIN_VIDA,HOMBRE,22006,CORREGIDORA,1,2026-08-09
22,QUERETARO,2026-04,DESAPARECIDA_O_NO_LOCALIZADA,MUJER,22006,CORREGIDORA,1,2026-08-09
22,QUERETARO,2026-04,DESAPARECIDA_O_NO_LOCALIZADA,MUJER,22007,EZEQUIEL MONTES,1,2026-08-09
22,QUERETARO,2026-04,DESAPARECIDA_O_NO_LOCALIZADA,MUJER,22011,EL MARQUÉS,1,2026-08-09
22,QUERETARO,2026-04,DESAPARECIDA_O_NO_LOCALIZADA,HOMBRE,22012,PEDRO ESCOBEDO,1,2026-08-09
22,QUERETARO,2026-04,DESAPARECIDA_O_NO_LOCALIZADA,HOMBRE,22014,QUERÉTARO,3,2026-08-09
22,QUERETARO,2026-04,DESAPARECIDA_O_NO_LOCALIZADA,MUJER,22014,QUERÉTARO,1,2026-08-09
22,QUERETARO,2026-04,DESAPARECIDA_O_NO_LOCALIZADA,MUJER,22017,TEQUISQUIAPAN,1,2026-08-09
22,QUERETARO,2026-04,LOCALIZADA_CON_VIDA,HOMBRE,22006,CORREGIDORA,1,2026-08-09
22,QUERETARO,2026-04,LOCALIZADA_CON_VIDA,MUJER,22006,CORREGIDORA,4,2026-08-09
22,QUERETARO,2026-04,LOCALIZADA_CON_VIDA,MUJER,22007,EZEQUIEL MONTES,1,2026-08-09
22,QUERETARO,2026-04,LOCALIZADA_CON_VIDA,MUJER,22010,LANDA DE MATAMOROS,1,2026-08-09
22,QUERETARO,2026-04,LOCALIZADA_CON_VIDA,HOMBRE,22011,EL MARQUÉS,1,2026-08-09
22,QUERETARO,2026-04,LOCALIZADA_CON_VIDA,MUJER,22011,EL MARQUÉS,2,2026-08-09
22,QUERETARO,2026-04,LOCALIZADA_CON_VIDA,HOMBRE,22014,QUERÉTARO,8,2026-08-09
22,QUERETARO,2026-04,LOCALIZADA_CON_VIDA,MUJER,22014,QUERÉTARO,4,2026-08-09
22,QUERETARO,2026-04,LOCALIZADA_CON_VIDA,HOMBRE,22016,SAN JUAN DEL RÍO,1,2026-08-09
22,QUERETARO,2026-04,LOCALIZADA_SIN_VIDA,HOMBRE,22010,LANDA DE MATAMOROS,1,2026-08-09
22,QUERETARO,2026-04,LOCALIZADA_SIN_VIDA,MUJER,22011,EL MARQUÉS,1,2026-08-09
22,QUERETARO,2026-04,LOCALIZADA_SIN_VIDA,HOMBRE,22014,QUERÉTARO,3,2026-08-09
22,QUERETARO,2026-05,DESAPARECIDA_O_NO_LOCALIZADA,HOMBRE,22006,CORREGIDORA,2,2026-08-09
22,QUERETARO,2026-05,DESAPARECIDA_O_NO_LOCALIZADA,MUJER,22006,CORREGIDORA,1,2026-08-09
22,QUERETARO,2026-05,DESAPARECIDA_O_NO_LOCALIZADA,HOMBRE,22011,EL MARQUÉS,1,2026-08-09
22,QUERETARO,2026-05,DESAPARECIDA_O_NO_LOCALIZADA,HOMBRE,22014,QUERÉTARO,7,2026-08-09
22,QUERETARO,2026-05,DESAPARECIDA_O_NO_LOCALIZADA,MUJER,22014,QUERÉTARO,4,2026-08-09
22,QUERETARO,2026-05,DESAPARECIDA_O_NO_LOCALIZADA,HOMBRE,22016,SAN JUAN DEL RÍO,1,2026-08-09
22,QUERETARO,2026-05,DESAPARECIDA_O_NO_LOCALIZADA,MUJER,22016,SAN JUAN DEL RÍO,1,2026-08-09
22,QUERETARO,2026-05,DESAPARECIDA_O_NO_LOCALIZADA,HOMBRE,22017,TEQUISQUIAPAN,1,2026-08-09
22,QUERETARO,2026-05,LOCALIZADA_CON_VIDA,HOMBRE,22006,CORREGIDORA,3,2026-08-09
22,QUERETARO,2026-05,LOCALIZADA_CON_VIDA,MUJER,22006,CORREGIDORA,4,2026-08-09
22,QUERETARO,2026-05,LOCALIZADA_CON_VIDA,MUJER,22007,EZEQUIEL MONTES,1,2026-08-09
22,QUERETARO,2026-05,LOCALIZADA_CON_VIDA,HOMBRE,22011,EL MARQUÉS,1,2026-08-09
22,QUERETARO,2026-05,LOCALIZADA_CON_VIDA,MUJER,22011,EL MARQUÉS,2,2026-08-09
22,QUERETARO,2026-05,LOCALIZADA_CON_VIDA,HOMBRE,22014,QUERÉTARO,8,2026-08-09
22,QUERETARO,2026-05,LOCALIZADA_CON_VIDA,MUJER,22014,QUERÉTARO,7,2026-08-09
22,QUERETARO,2026-05,LOCALIZADA_CON_VIDA,HOMBRE,22016,SAN JUAN DEL RÍO,2,2026-08-09
22,QUERETARO,2026-05,LOCALIZADA_CON_VIDA,MUJER,22016,SAN JUAN DEL RÍO,1,2026-08-09
22,QUERETARO,2026-05,LOCALIZADA_CON_VIDA,MUJER,22017,TEQUISQUIAPAN,1,2026-08-09
22,QUERETARO,2026-05,LOCALIZADA_SIN_VIDA,HOMBRE,22014,QUERÉTARO,1,2026-08-09
22,QUERETARO,2026-05,LOCALIZADA_SIN_VIDA,HOMBRE,22016,SAN JUAN DEL RÍO,1,2026-08-09
22,QUERETARO,2026-06,DESAPARECIDA_O_NO_LOCALIZADA,HOMBRE,22007,EZEQUIEL MONTES,1,2026-08-09
22,QUERETARO,2026-06,DESAPARECIDA_O_NO_LOCALIZADA,HOMBRE,22011,EL MARQUÉS,1,2026-08-09
22,QUERETARO,2026-06,DESAPARECIDA_O_NO_LOCALIZADA,HOMBRE,22014,QUERÉTARO,3,2026-08-09
22,QUERETARO,2026-06,DESAPARECIDA_O_NO_LOCALIZADA,MUJER,22014,QUERÉTARO,2,2026-08-09
22,QUERETARO,2026-06,DESAPARECIDA_O_NO_LOCALIZADA,HOMBRE,22016,SAN JUAN DEL RÍO,1,2026-08-09
22,QUERETARO,2026-06,LOCALIZADA_CON_VIDA,MUJER,22001,AMEALCO DE BONFIL,1,2026-08-09
22,QUERETARO,2026-06,LOCALIZADA_CON_VIDA,MUJER,22006,CORREGIDORA,3,2026-08-09
22,QUERETARO,2026-06,LOCALIZADA_CON_VIDA,HOMBRE,22011,EL MARQUÉS,1,2026-08-09
22,QUERETARO,2026-06,LOCALIZADA_CON_VIDA,HOMBRE,22014,QUERÉTARO,7,2026-08-09
22,QUERETARO,2026-06,LOCALIZADA_CON_VIDA,MUJER,22014,QUERÉTARO,5,2026-08-09
22,QUERETARO,2026-06,LOCALIZADA_CON_VIDA,HOMBRE,22016,SAN JUAN DEL RÍO,1,2026-08-09
22,QUERETARO,2026-06,LOCALIZADA_CON_VIDA,MUJER,22016,SAN JUAN DEL RÍO,3,2026-08-09
22,QUERETARO,2026-06,LOCALIZADA_CON_VIDA,MUJER,22017,TEQUISQUIAPAN,1,2026-08-09
22,QUERETARO,2026-07,LOCALIZADA_CON_VIDA,MUJER,22014,QUERÉTARO,1,2026-08-09
22,QUERETARO,SIN_FECHA,DESAPARECIDA_O_NO_LOCALIZADA,,,,22,2026-08-09
22,QUERETARO,SIN_FECHA,LOCALIZADA_CON_VIDA,,,,42,2026-08-09
22,QUERETARO,SIN_FECHA,LOCALIZADA_SIN_VIDA,,,,12,2026-08-09
23,QUINTANA ROO,2026-01,DESAPARECIDA_O_NO_LOCALIZADA,HOMBRE,23004,OTHÓN P. BLANCO,2,2026-08-09
23,QUINTANA ROO,2026-01,DESAPARECIDA_O_NO_LOCALIZADA,MUJER,23004,OTHÓN P. BLANCO,1,2026-08-09
23,QUINTANA ROO,2026-01,DESAPARECIDA_O_NO_LOCALIZADA,HOMBRE,23005,BENITO JUÁREZ,5,2026-08-09
23,QUINTANA ROO,2026-01,DESAPARECIDA_O_NO_LOCALIZADA,MUJER,23005,BENITO JUÁREZ,2,2026-08-09
23,QUINTANA ROO,2026-01,DESAPARECIDA_O_NO_LOCALIZADA,HOMBRE,23008,SOLIDARIDAD,3,2026-08-09
23,QUINTANA ROO,2026-01,DESAPARECIDA_O_NO_LOCALIZADA,MUJER,23008,SOLIDARIDAD,2,2026-08-09
23,QUINTANA ROO,2026-01,DESAPARECIDA_O_NO_LOCALIZADA,HOMBRE,23010,BACALAR,1,2026-08-09
23,QUINTANA ROO,2026-01,LOCALIZADA_CON_VIDA,HOMBRE,23001,COZUMEL,1,2026-08-09
23,QUINTANA ROO,2026-01,LOCALIZADA_CON_VIDA,HOMBRE,23004,OTHÓN P. BLANCO,3,2026-08-09
23,QUINTANA ROO,2026-01,LOCALIZADA_CON_VIDA,MUJER,23004,OTHÓN P. BLANCO,1,2026-08-09
23,QUINTANA ROO,2026-01,LOCALIZADA_CON_VIDA,HOMBRE,23005,BENITO JUÁREZ,20,2026-08-09
23,QUINTANA ROO,2026-01,LOCALIZADA_CON_VIDA,MUJER,23005,BENITO JUÁREZ,16,2026-08-09
23,QUINTANA ROO,2026-01,LOCALIZADA_CON_VIDA,HOMBRE,23008,SOLIDARIDAD,3,2026-08-09
23,QUINTANA ROO,2026-01,LOCALIZADA_CON_VIDA,MUJER,23008,SOLIDARIDAD,8,2026-08-09
23,QUINTANA ROO,2026-01,LOCALIZADA_SIN_VIDA,HOMBRE,23005,BENITO JUÁREZ,1,2026-08-09
23,QUINTANA ROO,2026-02,DESAPARECIDA_O_NO_LOCALIZADA,HOMBRE,23002,FELIPE CARRILLO PUERTO,1,2026-08-09
23,QUINTANA ROO,2026-02,DESAPARECIDA_O_NO_LOCALIZADA,HOMBRE,23004,OTHÓN P. BLANCO,3,2026-08-09
23,QUINTANA ROO,2026-02,DESAPARECIDA_O_NO_LOCALIZADA,HOMBRE,23005,BENITO JUÁREZ,3,2026-08-09
23,QUINTANA ROO,2026-02,DESAPARECIDA_O_NO_LOCALIZADA,MUJER,23005,BENITO JUÁREZ,1,2026-08-09
23,QUINTANA ROO,2026-02,DESAPARECIDA_O_NO_LOCALIZADA,HOMBRE,23008,SOLIDARIDAD,8,2026-08-09
23,QUINTANA ROO,2026-02,LOCALIZADA_CON_VIDA,MUJER,23002,FELIPE CARRILLO PUERTO,1,2026-08-09
23,QUINTANA ROO,2026-02,LOCALIZADA_CON_VIDA,HOMBRE,23004,OTHÓN P. BLANCO,2,2026-08-09
23,QUINTANA ROO,2026-02,LOCALIZADA_CON_VIDA,MUJER,23004,OTHÓN P. BLANCO,1,2026-08-09
23,QUINTANA ROO,2026-02,LOCALIZADA_CON_VIDA,HOMBRE,23005,BENITO JUÁREZ,10,2026-08-09
23,QUINTANA ROO,2026-02,LOCALIZADA_CON_VIDA,MUJER,23005,BENITO JUÁREZ,17,2026-08-09
23,QUINTANA ROO,2026-02,LOCALIZADA_CON_VIDA,MUJER,23008,SOLIDARIDAD,1,2026-08-09
23,QUINTANA ROO,2026-02,LOCALIZADA_CON_VIDA,MUJER,23010,BACALAR,1,2026-08-09
23,QUINTANA ROO,2026-02,LOCALIZADA_SIN_VIDA,HOMBRE,23005,BENITO JUÁREZ,2,2026-08-09
23,QUINTANA ROO,2026-03,DESAPARECIDA_O_NO_LOCALIZADA,HOMBRE,23002,FELIPE CARRILLO PUERTO,1,2026-08-09
23,QUINTANA ROO,2026-03,DESAPARECIDA_O_NO_LOCALIZADA,HOMBRE,23004,OTHÓN P. BLANCO,2,2026-08-09
23,QUINTANA ROO,2026-03,DESAPARECIDA_O_NO_LOCALIZADA,HOMBRE,23005,BENITO JUÁREZ,3,2026-08-09
23,QUINTANA ROO,2026-03,DESAPARECIDA_O_NO_LOCALIZADA,HOMBRE,23008,SOLIDARIDAD,12,2026-08-09
23,QUINTANA ROO,2026-03,DESAPARECIDA_O_NO_LOCALIZADA,MUJER,23008,SOLIDARIDAD,8,2026-08-09
23,QUINTANA ROO,2026-03,LOCALIZADA_CON_VIDA,HOMBRE,23002,FELIPE CARRILLO PUERTO,1,2026-08-09
23,QUINTANA ROO,2026-03,LOCALIZADA_CON_VIDA,HOMBRE,23003,ISLA MUJERES,2,2026-08-09
23,QUINTANA ROO,2026-03,LOCALIZADA_CON_VIDA,HOMBRE,23004,OTHÓN P. BLANCO,1,2026-08-09
23,QUINTANA ROO,2026-03,LOCALIZADA_CON_VIDA,MUJER,23004,OTHÓN P. BLANCO,4,2026-08-09
23,QUINTANA ROO,2026-03,LOCALIZADA_CON_VIDA,HOMBRE,23005,BENITO JUÁREZ,10,2026-08-09
23,QUINTANA ROO,2026-03,LOCALIZADA_CON_VIDA,MUJER,23005,BENITO JUÁREZ,19,2026-08-09
23,QUINTANA ROO,2026-03,LOCALIZADA_CON_VIDA,MUJER,23008,SOLIDARIDAD,1,2026-08-09
23,QUINTANA ROO,2026-03,LOCALIZADA_SIN_VIDA,HOMBRE,23005,BENITO JUÁREZ,2,2026-08-09
23,QUINTANA ROO,2026-04,DESAPARECIDA_O_NO_LOCALIZADA,HOMBRE,23002,FELIPE CARRILLO PUERTO,2,2026-08-09
23,QUINTANA ROO,2026-04,DESAPARECIDA_O_NO_LOCALIZADA,HOMBRE,23004,OTHÓN P. BLANCO,2,2026-08-09
23,QUINTANA ROO,2026-04,DESAPARECIDA_O_NO_LOCALIZADA,HOMBRE,23005,BENITO JUÁREZ,3,2026-08-09
23,QUINTANA ROO,2026-04,DESAPARECIDA_O_NO_LOCALIZADA,MUJER,23005,BENITO JUÁREZ,2,2026-08-09
23,QUINTANA ROO,2026-04,DESAPARECIDA_O_NO_LOCALIZADA,HOMBRE,23007,LÁZARO CÁRDENAS,1,2026-08-09
23,QUINTANA ROO,2026-04,DESAPARECIDA_O_NO_LOCALIZADA,HOMBRE,23008,SOLIDARIDAD,7,2026-08-09
23,QUINTANA ROO,2026-04,DESAPARECIDA_O_NO_LOCALIZADA,MUJER,23008,SOLIDARIDAD,6,2026-08-09
23,QUINTANA ROO,2026-04,LOCALIZADA_CON_VIDA,MUJER,23002,FELIPE CARRILLO PUERTO,2,2026-08-09
23,QUINTANA ROO,2026-04,LOCALIZADA_CON_VIDA,HOMBRE,23003,ISLA MUJERES,1,2026-08-09
23,QUINTANA ROO,2026-04,LOCALIZADA_CON_VIDA,HOMBRE,23004,OTHÓN P. BLANCO,4,2026-08-09
23,QUINTANA ROO,2026-04,LOCALIZADA_CON_VIDA,MUJER,23004,OTHÓN P. BLANCO,7,2026-08-09
23,QUINTANA ROO,2026-04,LOCALIZADA_CON_VIDA,HOMBRE,23005,BENITO JUÁREZ,14,2026-08-09
23,QUINTANA ROO,2026-04,LOCALIZADA_CON_VIDA,MUJER,23005,BENITO JUÁREZ,19,2026-08-09
23,QUINTANA ROO,2026-04,LOCALIZADA_CON_VIDA,HOMBRE,23008,SOLIDARIDAD,1,2026-08-09
23,QUINTANA ROO,2026-04,LOCALIZADA_CON_VIDA,MUJER,23008,SOLIDARIDAD,3,2026-08-09
23,QUINTANA ROO,2026-04,LOCALIZADA_SIN_VIDA,HOMBRE,23005,BENITO JUÁREZ,2,2026-08-09
23,QUINTANA ROO,2026-04,LOCALIZADA_SIN_VIDA,MUJER,23005,BENITO JUÁREZ,1,2026-08-09
23,QUINTANA ROO,2026-05,DESAPARECIDA_O_NO_LOCALIZADA,HOMBRE,23002,FELIPE CARRILLO PUERTO,2,2026-08-09
23,QUINTANA ROO,2026-05,DESAPARECIDA_O_NO_LOCALIZADA,HOMBRE,23005,BENITO JUÁREZ,5,2026-08-09
23,QUINTANA ROO,2026-05,DESAPARECIDA_O_NO_LOCALIZADA,MUJER,23005,BENITO JUÁREZ,1,2026-08-09
23,QUINTANA ROO,2026-05,DESAPARECIDA_O_NO_LOCALIZADA,HOMBRE,23008,SOLIDARIDAD,5,2026-08-09
23,QUINTANA ROO,2026-05,DESAPARECIDA_O_NO_LOCALIZADA,MUJER,23008,SOLIDARIDAD,2,2026-08-09
23,QUINTANA ROO,2026-05,LOCALIZADA_CON_VIDA,MUJER,23004,OTHÓN P. BLANCO,1,2026-08-09
23,QUINTANA ROO,2026-05,LOCALIZADA_CON_VIDA,HOMBRE,23005,BENITO JUÁREZ,15,2026-08-09
23,QUINTANA ROO,2026-05,LOCALIZADA_CON_VIDA,MUJER,23005,BENITO JUÁREZ,13,2026-08-09
23,QUINTANA ROO,2026-05,LOCALIZADA_CON_VIDA,HOMBRE,23008,SOLIDARIDAD,2,2026-08-09
23,QUINTANA ROO,2026-05,LOCALIZADA_CON_VIDA,MUJER,23008,SOLIDARIDAD,6,2026-08-09
23,QUINTANA ROO,2026-05,LOCALIZADA_SIN_VIDA,HOMBRE,23005,BENITO JUÁREZ,3,2026-08-09
23,QUINTANA ROO,2026-05,LOCALIZADA_SIN_VIDA,MUJER,23005,BENITO JUÁREZ,1,2026-08-09
23,QUINTANA ROO,2026-06,DESAPARECIDA_O_NO_LOCALIZADA,HOMBRE,23002,FELIPE CARRILLO PUERTO,1,2026-08-09
23,QUINTANA ROO,2026-06,DESAPARECIDA_O_NO_LOCALIZADA,HOMBRE,23004,OTHÓN P. BLANCO,1,2026-08-09
23,QUINTANA ROO,2026-06,DESAPARECIDA_O_NO_LOCALIZADA,HOMBRE,23005,BENITO JUÁREZ,6,2026-08-09
23,QUINTANA ROO,2026-06,DESAPARECIDA_O_NO_LOCALIZADA,MUJER,23005,BENITO JUÁREZ,5,2026-08-09
23,QUINTANA ROO,2026-06,DESAPARECIDA_O_NO_LOCALIZADA,HOMBRE,23008,SOLIDARIDAD,3,2026-08-09
23,QUINTANA ROO,2026-06,DESAPARECIDA_O_NO_LOCALIZADA,MUJER,23008,SOLIDARIDAD,2,2026-08-09
23,QUINTANA ROO,2026-06,LOCALIZADA_CON_VIDA,MUJER,23003,ISLA MUJERES,1,2026-08-09
23,QUINTANA ROO,2026-06,LOCALIZADA_CON_VIDA,HOMBRE,23005,BENITO JUÁREZ,16,2026-08-09
23,QUINTANA ROO,2026-06,LOCALIZADA_CON_VIDA,MUJER,23005,BENITO JUÁREZ,16,2026-08-09
23,QUINTANA ROO,2026-06,LOCALIZADA_CON_VIDA,HOMBRE,23008,SOLIDARIDAD,1,2026-08-09
23,QUINTANA ROO,2026-06,LOCALIZADA_CON_VIDA,MUJER,23008,SOLIDARIDAD,1,2026-08-09
23,QUINTANA ROO,2026-06,LOCALIZADA_SIN_VIDA,MUJER,23005,BENITO JUÁREZ,1,2026-08-09
23,QUINTANA ROO,2026-06,LOCALIZADA_SIN_VIDA,HOMBRE,23008,SOLIDARIDAD,2,2026-08-09
23,QUINTANA ROO,2026-07,DESAPARECIDA_O_NO_LOCALIZADA,HOMBRE,23005,BENITO JUÁREZ,15,2026-08-09
23,QUINTANA ROO,2026-07,DESAPARECIDA_O_NO_LOCALIZADA,MUJER,23005,BENITO JUÁREZ,7,2026-08-09
23,QUINTANA ROO,2026-07,DESAPARECIDA_O_NO_LOCALIZADA,HOMBRE,23008,SOLIDARIDAD,4,2026-08-09
23,QUINTANA ROO,2026-07,DESAPARECIDA_O_NO_LOCALIZADA,MUJER,23012,TULUM,1,2026-08-09
23,QUINTANA ROO,2026-07,LOCALIZADA_CON_VIDA,HOMBRE,23003,ISLA MUJERES,1,2026-08-09
23,QUINTANA ROO,2026-07,LOCALIZADA_CON_VIDA,MUJER,23004,OTHÓN P. BLANCO,2,2026-08-09
23,QUINTANA ROO,2026-07,LOCALIZADA_CON_VIDA,HOMBRE,23005,BENITO JUÁREZ,13,2026-08-09
23,QUINTANA ROO,2026-07,LOCALIZADA_CON_VIDA,MUJER,23005,BENITO JUÁREZ,13,2026-08-09
23,QUINTANA ROO,2026-07,LOCALIZADA_CON_VIDA,HOMBRE,23008,SOLIDARIDAD,5,2026-08-09
23,QUINTANA ROO,2026-07,LOCALIZADA_CON_VIDA,MUJER,23008,SOLIDARIDAD,10,2026-08-09
23,QUINTANA ROO,2026-07,LOCALIZADA_CON_VIDA,MUJER,23011,PUERTO MORELOS,1,2026-08-09
23,QUINTANA ROO,2026-07,LOCALIZADA_CON_VIDA,HOMBRE,23012,TULUM,3,2026-08-09
23,QUINTANA ROO,2026-07,LOCALIZADA_CON_VIDA,MUJER,23012,TULUM,1,2026-08-09
23,QUINTANA ROO,2026-07,LOCALIZADA_CON_VIDA,MUJER,23013,PLAYA DEL CARMEN,1,2026-08-09
23,QUINTANA ROO,2026-07,LOCALIZADA_SIN_VIDA,HOMBRE,23001,COZUMEL,1,2026-08-09
23,QUINTANA ROO,2026-07,LOCALIZADA_SIN_VIDA,HOMBRE,23005,BENITO JUÁREZ,1,2026-08-09
23,QUINTANA ROO,SIN_FECHA,DESAPARECIDA_O_NO_LOCALIZADA,,,,65,2026-08-09
23,QUINTANA ROO,SIN_FECHA,LOCALIZADA_CON_VIDA,,,,43,2026-08-09
23,QUINTANA ROO,SIN_FECHA,LOCALIZADA_SIN_VIDA,,,,5,2026-08-09
24,SAN LUIS POTOSI,2026-01,DESAPARECIDA_O_NO_LOCALIZADA,HOMBRE,24013,CIUDAD VALLES,1,2026-08-09
24,SAN LUIS POTOSI,2026-01,DESAPARECIDA_O_NO_LOCALIZADA,HOMBRE,24037,TAMAZUNCHALE,1,2026-08-09
24,SAN LUIS POTOSI,2026-01,DESAPARECIDA_O_NO_LOCALIZADA,HOMBRE,24058,EL NARANJO,1,2026-08-09
24,SAN LUIS POTOSI,2026-02,DESAPARECIDA_O_NO_LOCALIZADA,HOMBRE,24016,EBANO,1,2026-08-09
24,SAN LUIS POTOSI,2026-02,DESAPARECIDA_O_NO_LOCALIZADA,HOMBRE,24050,VILLA DE REYES,2,2026-08-09
24,SAN LUIS POTOSI,2026-02,LOCALIZADA_CON_VIDA,HOMBRE,24013,CIUDAD VALLES,1,2026-08-09
24,SAN LUIS POTOSI,2026-02,LOCALIZADA_CON_VIDA,MUJER,24013,CIUDAD VALLES,1,2026-08-09
24,SAN LUIS POTOSI,2026-02,LOCALIZADA_CON_VIDA,MUJER,24035,SOLEDAD DE GRACIANO SÁNCHEZ,1,2026-08-09
24,SAN LUIS POTOSI,2026-02,LOCALIZADA_CON_VIDA,HOMBRE,24039,TAMPAMOLÓN CORONA,1,2026-08-09
24,SAN LUIS POTOSI,2026-02,LOCALIZADA_CON_VIDA,MUJER,24053,AXTLA DE TERRAZAS,1,2026-08-09
24,SAN LUIS POTOSI,2026-03,DESAPARECIDA_O_NO_LOCALIZADA,HOMBRE,24016,EBANO,1,2026-08-09
24,SAN LUIS POTOSI,2026-03,DESAPARECIDA_O_NO_LOCALIZADA,HOMBRE,24024,RIOVERDE,1,2026-08-09
24,SAN LUIS POTOSI,2026-03,DESAPARECIDA_O_NO_LOCALIZADA,HOMBRE,24054,XILITLA,1,2026-08-09
24,SAN LUIS POTOSI,2026-03,LOCALIZADA_CON_VIDA,HOMBRE,24013,CIUDAD VALLES,2,2026-08-09
24,SAN LUIS POTOSI,2026-03,LOCALIZADA_CON_VIDA,HOMBRE,24028,SAN LUIS POTOSÍ,2,2026-08-09
24,SAN LUIS POTOSI,2026-04,DESAPARECIDA_O_NO_LOCALIZADA,HOMBRE,24003,AQUISMÓN,1,2026-08-09
24,SAN LUIS POTOSI,2026-04,DESAPARECIDA_O_NO_LOCALIZADA,HOMBRE,24013,CIUDAD VALLES,3,2026-08-09
24,SAN LUIS POTOSI,2026-04,LOCALIZADA_CON_VIDA,MUJER,24003,AQUISMÓN,1,2026-08-09
24,SAN LUIS POTOSI,2026-04,LOCALIZADA_CON_VIDA,HOMBRE,24013,CIUDAD VALLES,1,2026-08-09
24,SAN LUIS POTOSI,2026-04,LOCALIZADA_CON_VIDA,MUJER,24053,AXTLA DE TERRAZAS,1,2026-08-09
24,SAN LUIS POTOSI,2026-05,DESAPARECIDA_O_NO_LOCALIZADA,HOMBRE,24003,AQUISMÓN,1,2026-08-09
24,SAN LUIS POTOSI,2026-05,DESAPARECIDA_O_NO_LOCALIZADA,HOMBRE,24013,CIUDAD VALLES,2,2026-08-09
24,SAN LUIS POTOSI,2026-05,DESAPARECIDA_O_NO_LOCALIZADA,HOMBRE,24016,EBANO,2,2026-08-09
24,SAN LUIS POTOSI,2026-05,DESAPARECIDA_O_NO_LOCALIZADA,HOMBRE,24040,TAMUÍN,1,2026-08-09
24,SAN LUIS POTOSI,2026-05,LOCALIZADA_CON_VIDA,MUJER,24013,CIUDAD VALLES,3,2026-08-09
24,SAN LUIS POTOSI,2026-05,LOCALIZADA_CON_VIDA,HOMBRE,24028,SAN LUIS POTOSÍ,1,2026-08-09
24,SAN LUIS POTOSI,2026-06,DESAPARECIDA_O_NO_LOCALIZADA,HOMBRE,24013,CIUDAD VALLES,1,2026-08-09
24,SAN LUIS POTOSI,2026-06,DESAPARECIDA_O_NO_LOCALIZADA,HOMBRE,24018,HUEHUETLÁN,1,2026-08-09
24,SAN LUIS POTOSI,2026-06,DESAPARECIDA_O_NO_LOCALIZADA,HOMBRE,24040,TAMUÍN,1,2026-08-09
24,SAN LUIS POTOSI,2026-06,LOCALIZADA_CON_VIDA,MUJER,24013,CIUDAD VALLES,1,2026-08-09
24,SAN LUIS POTOSI,2026-06,LOCALIZADA_CON_VIDA,HOMBRE,24016,EBANO,1,2026-08-09
24,SAN LUIS POTOSI,SIN_FECHA,DESAPARECIDA_O_NO_LOCALIZADA,,,,110,2026-08-09
24,SAN LUIS POTOSI,SIN_FECHA,LOCALIZADA_CON_VIDA,,,,118,2026-08-09
24,SAN LUIS POTOSI,SIN_FECHA,LOCALIZADA_SIN_VIDA,,,,7,2026-08-09
25,SINALOA,2026-01,DESAPARECIDA_O_NO_LOCALIZADA,HOMBRE,25001,AHOME,3,2026-08-09
25,SINALOA,2026-01,DESAPARECIDA_O_NO_LOCALIZADA,MUJER,25001,AHOME,2,2026-08-09
25,SINALOA,2026-01,DESAPARECIDA_O_NO_LOCALIZADA,HOMBRE,25004,CONCORDIA,14,2026-08-09
25,SINALOA,2026-01,DESAPARECIDA_O_NO_LOCALIZADA,HOMBRE,25006,CULIACÁN,16,2026-08-09
25,SINALOA,2026-01,DESAPARECIDA_O_NO_LOCALIZADA,MUJER,25006,CULIACÁN,2,2026-08-09
25,SINALOA,2026-01,DESAPARECIDA_O_NO_LOCALIZADA,HOMBRE,25008,ELOTA,3,2026-08-09
25,SINALOA,2026-01,DESAPARECIDA_O_NO_LOCALIZADA,HOMBRE,25010,EL FUERTE,2,2026-08-09
25,SINALOA,2026-01,DESAPARECIDA_O_NO_LOCALIZADA,HOMBRE,25011,GUASAVE,4,2026-08-09
25,SINALOA,2026-01,DESAPARECIDA_O_NO_LOCALIZADA,HOMBRE,25012,MAZATLÁN,9,2026-08-09
25,SINALOA,2026-01,DESAPARECIDA_O_NO_LOCALIZADA,MUJER,25012,MAZATLÁN,2,2026-08-09
25,SINALOA,2026-01,DESAPARECIDA_O_NO_LOCALIZADA,HOMBRE,25014,ROSARIO,1,2026-08-09
25,SINALOA,2026-01,DESAPARECIDA_O_NO_LOCALIZADA,HOMBRE,25018,NAVOLATO,5,2026-08-09
25,SINALOA,2026-01,LOCALIZADA_CON_VIDA,HOMBRE,25001,AHOME,4,2026-08-09
25,SINALOA,2026-01,LOCALIZADA_CON_VIDA,HOMBRE,25006,CULIACÁN,5,2026-08-09
25,SINALOA,2026-01,LOCALIZADA_CON_VIDA,MUJER,25006,CULIACÁN,5,2026-08-09
25,SINALOA,2026-01,LOCALIZADA_CON_VIDA,HOMBRE,25011,GUASAVE,1,2026-08-09
25,SINALOA,2026-01,LOCALIZADA_CON_VIDA,HOMBRE,25012,MAZATLÁN,3,2026-08-09
25,SINALOA,2026-01,LOCALIZADA_CON_VIDA,MUJER,25012,MAZATLÁN,1,2026-08-09
25,SINALOA,2026-01,LOCALIZADA_CON_VIDA,HOMBRE,25015,SALVADOR ALVARADO,1,2026-08-09
25,SINALOA,2026-01,LOCALIZADA_SIN_VIDA,HOMBRE,25004,CONCORDIA,1,2026-08-09
25,SINALOA,2026-01,LOCALIZADA_SIN_VIDA,HOMBRE,25006,CULIACÁN,6,2026-08-09
25,SINALOA,2026-01,LOCALIZADA_SIN_VIDA,MUJER,25006,CULIACÁN,1,2026-08-09
25,SINALOA,2026-01,LOCALIZADA_SIN_VIDA,HOMBRE,25008,ELOTA,1,2026-08-09
25,SINALOA,2026-02,DESAPARECIDA_O_NO_LOCALIZADA,HOMBRE,25001,AHOME,1,2026-08-09
25,SINALOA,2026-02,DESAPARECIDA_O_NO_LOCALIZADA,HOMBRE,25002,ANGOSTURA,1,2026-08-09
25,SINALOA,2026-02,DESAPARECIDA_O_NO_LOCALIZADA,HOMBRE,25006,CULIACÁN,13,2026-08-09
25,SINALOA,2026-02,DESAPARECIDA_O_NO_LOCALIZADA,MUJER,25006,CULIACÁN,2,2026-08-09
25,SINALOA,2026-02,DESAPARECIDA_O_NO_LOCALIZADA,HOMBRE,25007,CHOIX,1,2026-08-09
25,SINALOA,2026-02,DESAPARECIDA_O_NO_LOCALIZADA,HOMBRE,25009,ESCUINAPA,1,2026-08-09
25,SINALOA,2026-02,DESAPARECIDA_O_NO_LOCALIZADA,HOMBRE,25011,GUASAVE,2,2026-08-09
25,SINALOA,2026-02,DESAPARECIDA_O_NO_LOCALIZADA,HOMBRE,25012,MAZATLÁN,13,2026-08-09
25,SINALOA,2026-02,DESAPARECIDA_O_NO_LOCALIZADA,HOMBRE,25015,SALVADOR ALVARADO,1,2026-08-09
25,SINALOA,2026-02,DESAPARECIDA_O_NO_LOCALIZADA,HOMBRE,25016,SAN IGNACIO,1,2026-08-09
25,SINALOA,2026-02,DESAPARECIDA_O_NO_LOCALIZADA,HOMBRE,25018,NAVOLATO,9,2026-08-09
25,SINALOA,2026-02,LOCALIZADA_CON_VIDA,HOMBRE,25001,AHOME,3,2026-08-09
25,SINALOA,2026-02,LOCALIZADA_CON_VIDA,MUJER,25001,AHOME,1,2026-08-09
25,SINALOA,2026-02,LOCALIZADA_CON_VIDA,HOMBRE,25006,CULIACÁN,6,2026-08-09
25,SINALOA,2026-02,LOCALIZADA_CON_VIDA,MUJER,25006,CULIACÁN,2,2026-08-09
25,SINALOA,2026-02,LOCALIZADA_CON_VIDA,HOMBRE,25008,ELOTA,1,2026-08-09
25,SINALOA,2026-02,LOCALIZADA_CON_VIDA,HOMBRE,25011,GUASAVE,1,2026-08-09
25,SINALOA,2026-02,LOCALIZADA_CON_VIDA,HOMBRE,25012,MAZATLÁN,2,2026-08-09
25,SINALOA,2026-02,LOCALIZADA_CON_VIDA,MUJER,25012,MAZATLÁN,1,2026-08-09
25,SINALOA,2026-02,LOCALIZADA_CON_VIDA,HOMBRE,25018,NAVOLATO,2,2026-08-09
25,SINALOA,2026-02,LOCALIZADA_SIN_VIDA,HOMBRE,25006,CULIACÁN,6,2026-08-09
25,SINALOA,2026-02,LOCALIZADA_SIN_VIDA,HOMBRE,25011,GUASAVE,1,2026-08-09
25,SINALOA,2026-03,DESAPARECIDA_O_NO_LOCALIZADA,HOMBRE,25001,AHOME,1,2026-08-09
25,SINALOA,2026-03,DESAPARECIDA_O_NO_LOCALIZADA,HOMBRE,25002,ANGOSTURA,1,2026-08-09
25,SINALOA,2026-03,DESAPARECIDA_O_NO_LOCALIZADA,HOMBRE,25003,BADIRAGUATO,3,2026-08-09
25,SINALOA,2026-03,DESAPARECIDA_O_NO_LOCALIZADA,HOMBRE,25006,CULIACÁN,16,2026-08-09
25,SINALOA,2026-03,DESAPARECIDA_O_NO_LOCALIZADA,MUJER,25006,CULIACÁN,4,2026-08-09
25,SINALOA,2026-03,DESAPARECIDA_O_NO_LOCALIZADA,MUJER,25008,ELOTA,1,2026-08-09
25,SINALOA,2026-03,DESAPARECIDA_O_NO_LOCALIZADA,HOMBRE,25009,ESCUINAPA,2,2026-08-09
25,SINALOA,2026-03,DESAPARECIDA_O_NO_LOCALIZADA,HOMBRE,25012,MAZATLÁN,23,2026-08-09
25,SINALOA,2026-03,DESAPARECIDA_O_NO_LOCALIZADA,MUJER,25012,MAZATLÁN,3,2026-08-09
25,SINALOA,2026-03,DESAPARECIDA_O_NO_LOCALIZADA,HOMBRE,25013,MOCORITO,1,2026-08-09
25,SINALOA,2026-03,DESAPARECIDA_O_NO_LOCALIZADA,HOMBRE,25014,ROSARIO,2,2026-08-09
25,SINALOA,2026-03,DESAPARECIDA_O_NO_LOCALIZADA,HOMBRE,25015,SALVADOR ALVARADO,1,2026-08-09
25,SINALOA,2026-03,DESAPARECIDA_O_NO_LOCALIZADA,HOMBRE,25018,NAVOLATO,9,2026-08-09
25,SINALOA,2026-03,LOCALIZADA_CON_VIDA,HOMBRE,25001,AHOME,2,2026-08-09
25,SINALOA,2026-03,LOCALIZADA_CON_VIDA,HOMBRE,25006,CULIACÁN,5,2026-08-09
25,SINALOA,2026-03,LOCALIZADA_CON_VIDA,MUJER,25006,CULIACÁN,9,2026-08-09
25,SINALOA,2026-03,LOCALIZADA_CON_VIDA,HOMBRE,25008,ELOTA,1,2026-08-09
25,SINALOA,2026-03,LOCALIZADA_CON_VIDA,MUJER,25008,ELOTA,1,2026-08-09
25,SINALOA,2026-03,LOCALIZADA_CON_VIDA,HOMBRE,25012,MAZATLÁN,4,2026-08-09
25,SINALOA,2026-03,LOCALIZADA_CON_VIDA,HOMBRE,25018,NAVOLATO,2,2026-08-09
25,SINALOA,2026-03,LOCALIZADA_SIN_VIDA,HOMBRE,25001,AHOME,1,2026-08-09
25,SINALOA,2026-03,LOCALIZADA_SIN_VIDA,HOMBRE,25003,BADIRAGUATO,1,2026-08-09
25,SINALOA,2026-03,LOCALIZADA_SIN_VIDA,HOMBRE,25017,SINALOA,1,2026-08-09
25,SINALOA,2026-03,LOCALIZADA_SIN_VIDA,HOMBRE,25018,NAVOLATO,1,2026-08-09
25,SINALOA,2026-04,DESAPARECIDA_O_NO_LOCALIZADA,HOMBRE,25001,AHOME,1,2026-08-09
25,SINALOA,2026-04,DESAPARECIDA_O_NO_LOCALIZADA,HOMBRE,25002,ANGOSTURA,1,2026-08-09
25,SINALOA,2026-04,DESAPARECIDA_O_NO_LOCALIZADA,HOMBRE,25006,CULIACÁN,15,2026-08-09
25,SINALOA,2026-04,DESAPARECIDA_O_NO_LOCALIZADA,MUJER,25006,CULIACÁN,2,2026-08-09
25,SINALOA,2026-04,DESAPARECIDA_O_NO_LOCALIZADA,HOMBRE,25008,ELOTA,2,2026-08-09
25,SINALOA,2026-04,DESAPARECIDA_O_NO_LOCALIZADA,MUJER,25008,ELOTA,1,2026-08-09
25,SINALOA,2026-04,DESAPARECIDA_O_NO_LOCALIZADA,HOMBRE,25009,ESCUINAPA,1,2026-08-09
25,SINALOA,2026-04,DESAPARECIDA_O_NO_LOCALIZADA,HOMBRE,25011,GUASAVE,1,2026-08-09
25,SINALOA,2026-04,DESAPARECIDA_O_NO_LOCALIZADA,HOMBRE,25012,MAZATLÁN,21,2026-08-09
25,SINALOA,2026-04,DESAPARECIDA_O_NO_LOCALIZADA,MUJER,25012,MAZATLÁN,4,2026-08-09
25,SINALOA,2026-04,DESAPARECIDA_O_NO_LOCALIZADA,HOMBRE,25013,MOCORITO,1,2026-08-09
25,SINALOA,2026-04,DESAPARECIDA_O_NO_LOCALIZADA,HOMBRE,25016,SAN IGNACIO,1,2026-08-09
25,SINALOA,2026-04,DESAPARECIDA_O_NO_LOCALIZADA,MUJER,25016,SAN IGNACIO,2,2026-08-09
25,SINALOA,2026-04,DESAPARECIDA_O_NO_LOCALIZADA,HOMBRE,25018,NAVOLATO,8,2026-08-09
25,SINALOA,2026-04,DESAPARECIDA_O_NO_LOCALIZADA,HOMBRE,25020,EL DORADO,1,2026-08-09
25,SINALOA,2026-04,DESAPARECIDA_O_NO_LOCALIZADA,HOMBRE,25021,JUAN JOSE RIOS,1,2026-08-09
25,SINALOA,2026-04,LOCALIZADA_CON_VIDA,HOMBRE,25001,AHOME,2,2026-08-09
25,SINALOA,2026-04,LOCALIZADA_CON_VIDA,HOMBRE,25006,CULIACÁN,3,2026-08-09
25,SINALOA,2026-04,LOCALIZADA_CON_VIDA,MUJER,25006,CULIACÁN,5,2026-08-09
25,SINALOA,2026-04,LOCALIZADA_CON_VIDA,HOMBRE,25012,MAZATLÁN,2,2026-08-09
25,SINALOA,2026-04,LOCALIZADA_CON_VIDA,MUJER,25012,MAZATLÁN,2,2026-08-09
25,SINALOA,2026-04,LOCALIZADA_CON_VIDA,HOMBRE,25018,NAVOLATO,1,2026-08-09
25,SINALOA,2026-04,LOCALIZADA_CON_VIDA,MUJER,25018,NAVOLATO,1,2026-08-09
25,SINALOA,2026-04,LOCALIZADA_SIN_VIDA,HOMBRE,25001,AHOME,1,2026-08-09
25,SINALOA,2026-04,LOCALIZADA_SIN_VIDA,HOMBRE,25006,CULIACÁN,1,2026-08-09
25,SINALOA,2026-05,DESAPARECIDA_O_NO_LOCALIZADA,HOMBRE,25001,AHOME,4,2026-08-09
25,SINALOA,2026-05,DESAPARECIDA_O_NO_LOCALIZADA,HOMBRE,25002,ANGOSTURA,2,2026-08-09
25,SINALOA,2026-05,DESAPARECIDA_O_NO_LOCALIZADA,HOMBRE,25006,CULIACÁN,10,2026-08-09
25,SINALOA,2026-05,DESAPARECIDA_O_NO_LOCALIZADA,MUJER,25006,CULIACÁN,4,2026-08-09
25,SINALOA,2026-05,DESAPARECIDA_O_NO_LOCALIZADA,HOMBRE,25009,ESCUINAPA,2,2026-08-09
25,SINALOA,2026-05,DESAPARECIDA_O_NO_LOCALIZADA,HOMBRE,25010,EL FUERTE,1,2026-08-09
25,SINALOA,2026-05,DESAPARECIDA_O_NO_LOCALIZADA,HOMBRE,25012,MAZATLÁN,17,2026-08-09
25,SINALOA,2026-05,DESAPARECIDA_O_NO_LOCALIZADA,MUJER,25012,MAZATLÁN,3,2026-08-09
25,SINALOA,2026-05,DESAPARECIDA_O_NO_LOCALIZADA,HOMBRE,25014,ROSARIO,1,2026-08-09
25,SINALOA,2026-05,DESAPARECIDA_O_NO_LOCALIZADA,HOMBRE,25018,NAVOLATO,4,2026-08-09
25,SINALOA,2026-05,DESAPARECIDA_O_NO_LOCALIZADA,MUJER,25018,NAVOLATO,1,2026-08-09
25,SINALOA,2026-05,LOCALIZADA_CON_VIDA,HOMBRE,25001,AHOME,4,2026-08-09
25,SINALOA,2026-05,LOCALIZADA_CON_VIDA,HOMBRE,25006,CULIACÁN,8,2026-08-09
25,SINALOA,2026-05,LOCALIZADA_CON_VIDA,MUJER,25006,CULIACÁN,1,2026-08-09
25,SINALOA,2026-05,LOCALIZADA_CON_VIDA,HOMBRE,25008,ELOTA,1,2026-08-09
25,SINALOA,2026-05,LOCALIZADA_CON_VIDA,HOMBRE,25012,MAZATLÁN,2,2026-08-09
25,SINALOA,2026-05,LOCALIZADA_CON_VIDA,HOMBRE,25014,ROSARIO,3,2026-08-09
25,SINALOA,2026-05,LOCALIZADA_CON_VIDA,HOMBRE,25018,NAVOLATO,3,2026-08-09
25,SINALOA,2026-05,LOCALIZADA_SIN_VIDA,HOMBRE,25006,CULIACÁN,4,2026-08-09
25,SINALOA,2026-06,DESAPARECIDA_O_NO_LOCALIZADA,HOMBRE,25001,AHOME,5,2026-08-09
25,SINALOA,2026-06,DESAPARECIDA_O_NO_LOCALIZADA,MUJER,25001,AHOME,3,2026-08-09
25,SINALOA,2026-06,DESAPARECIDA_O_NO_LOCALIZADA,HOMBRE,25002,ANGOSTURA,2,2026-08-09
25,SINALOA,2026-06,DESAPARECIDA_O_NO_LOCALIZADA,HOMBRE,25004,CONCORDIA,7,2026-08-09
25,SINALOA,2026-06,DESAPARECIDA_O_NO_LOCALIZADA,HOMBRE,25006,CULIACÁN,14,2026-08-09
25,SINALOA,2026-06,DESAPARECIDA_O_NO_LOCALIZADA,MUJER,25006,CULIACÁN,1,2026-08-09
25,SINALOA,2026-06,DESAPARECIDA_O_NO_LOCALIZADA,HOMBRE,25007,CHOIX,1,2026-08-09
25,SINALOA,2026-06,DESAPARECIDA_O_NO_LOCALIZADA,HOMBRE,25009,ESCUINAPA,4,2026-08-09
25,SINALOA,2026-06,DESAPARECIDA_O_NO_LOCALIZADA,HOMBRE,25010,EL FUERTE,1,2026-08-09
25,SINALOA,2026-06,DESAPARECIDA_O_NO_LOCALIZADA,HOMBRE,25011,GUASAVE,1,2026-08-09
25,SINALOA,2026-06,DESAPARECIDA_O_NO_LOCALIZADA,HOMBRE,25012,MAZATLÁN,12,2026-08-09
25,SINALOA,2026-06,DESAPARECIDA_O_NO_LOCALIZADA,MUJER,25012,MAZATLÁN,1,2026-08-09
25,SINALOA,2026-06,DESAPARECIDA_O_NO_LOCALIZADA,HOMBRE,25013,MOCORITO,2,2026-08-09
25,SINALOA,2026-06,DESAPARECIDA_O_NO_LOCALIZADA,HOMBRE,25014,ROSARIO,1,2026-08-09
25,SINALOA,2026-06,DESAPARECIDA_O_NO_LOCALIZADA,HOMBRE,25015,SALVADOR ALVARADO,2,2026-08-09
25,SINALOA,2026-06,DESAPARECIDA_O_NO_LOCALIZADA,HOMBRE,25018,NAVOLATO,9,2026-08-09
25,SINALOA,2026-06,DESAPARECIDA_O_NO_LOCALIZADA,MUJER,25018,NAVOLATO,1,2026-08-09
25,SINALOA,2026-06,DESAPARECIDA_O_NO_LOCALIZADA,HOMBRE,25020,EL DORADO,2,2026-08-09
25,SINALOA,2026-06,LOCALIZADA_CON_VIDA,HOMBRE,25001,AHOME,2,2026-08-09
25,SINALOA,2026-06,LOCALIZADA_CON_VIDA,MUJER,25001,AHOME,2,2026-08-09
25,SINALOA,2026-06,LOCALIZADA_CON_VIDA,HOMBRE,25004,CONCORDIA,1,2026-08-09
25,SINALOA,2026-06,LOCALIZADA_CON_VIDA,HOMBRE,25006,CULIACÁN,6,2026-08-09
25,SINALOA,2026-06,LOCALIZADA_CON_VIDA,MUJER,25006,CULIACÁN,2,2026-08-09
25,SINALOA,2026-06,LOCALIZADA_CON_VIDA,HOMBRE,25012,MAZATLÁN,1,2026-08-09
25,SINALOA,2026-06,LOCALIZADA_CON_VIDA,HOMBRE,25018,NAVOLATO,1,2026-08-09
25,SINALOA,2026-06,LOCALIZADA_CON_VIDA,MUJER,25018,NAVOLATO,1,2026-08-09
25,SINALOA,2026-06,LOCALIZADA_SIN_VIDA,HOMBRE,25006,CULIACÁN,1,2026-08-09
25,SINALOA,2026-06,LOCALIZADA_SIN_VIDA,HOMBRE,25018,NAVOLATO,2,2026-08-09
25,SINALOA,2026-07,DESAPARECIDA_O_NO_LOCALIZADA,HOMBRE,25001,AHOME,1,2026-08-09
25,SINALOA,2026-07,DESAPARECIDA_O_NO_LOCALIZADA,MUJER,25001,AHOME,1,2026-08-09
25,SINALOA,2026-07,DESAPARECIDA_O_NO_LOCALIZADA,HOMBRE,25004,CONCORDIA,1,2026-08-09
25,SINALOA,2026-07,DESAPARECIDA_O_NO_LOCALIZADA,HOMBRE,25006,CULIACÁN,12,2026-08-09
25,SINALOA,2026-07,DESAPARECIDA_O_NO_LOCALIZADA,MUJER,25006,CULIACÁN,1,2026-08-09
25,SINALOA,2026-07,DESAPARECIDA_O_NO_LOCALIZADA,HOMBRE,25012,MAZATLÁN,24,2026-08-09
25,SINALOA,2026-07,DESAPARECIDA_O_NO_LOCALIZADA,MUJER,25012,MAZATLÁN,1,2026-08-09
25,SINALOA,2026-07,DESAPARECIDA_O_NO_LOCALIZADA,HOMBRE,25013,MOCORITO,1,2026-08-09
25,SINALOA,2026-07,DESAPARECIDA_O_NO_LOCALIZADA,HOMBRE,25014,ROSARIO,2,2026-08-09
25,SINALOA,2026-07,DESAPARECIDA_O_NO_LOCALIZADA,HOMBRE,25018,NAVOLATO,1,2026-08-09
25,SINALOA,2026-07,LOCALIZADA_CON_VIDA,MUJER,25001,AHOME,1,2026-08-09
25,SINALOA,2026-07,LOCALIZADA_CON_VIDA,HOMBRE,25006,CULIACÁN,1,2026-08-09
25,SINALOA,2026-07,LOCALIZADA_CON_VIDA,HOMBRE,25010,EL FUERTE,1,2026-08-09
25,SINALOA,2026-07,LOCALIZADA_CON_VIDA,HOMBRE,25011,GUASAVE,1,2026-08-09
25,SINALOA,2026-07,LOCALIZADA_CON_VIDA,HOMBRE,25012,MAZATLÁN,1,2026-08-09
25,SINALOA,SIN_FECHA,DESAPARECIDA_O_NO_LOCALIZADA,,,,105,2026-08-09
25,SINALOA,SIN_FECHA,LOCALIZADA_CON_VIDA,,,,224,2026-08-09
25,SINALOA,SIN_FECHA,LOCALIZADA_SIN_VIDA,,,,85,2026-08-09
26,SONORA,2026-01,DESAPARECIDA_O_NO_LOCALIZADA,HOMBRE,26002,AGUA PRIETA,1,2026-08-09
26,SONORA,2026-01,DESAPARECIDA_O_NO_LOCALIZADA,MUJER,26002,AGUA PRIETA,2,2026-08-09
26,SONORA,2026-01,DESAPARECIDA_O_NO_LOCALIZADA,HOMBRE,26018,CAJEME,7,2026-08-09
26,SONORA,2026-01,DESAPARECIDA_O_NO_LOCALIZADA,MUJER,26018,CAJEME,1,2026-08-09
26,SONORA,2026-01,DESAPARECIDA_O_NO_LOCALIZADA,HOMBRE,26025,EMPALME,3,2026-08-09
26,SONORA,2026-01,DESAPARECIDA_O_NO_LOCALIZADA,HOMBRE,26027,FRONTERAS,2,2026-08-09
26,SONORA,2026-01,DESAPARECIDA_O_NO_LOCALIZADA,HOMBRE,26029,GUAYMAS,1,2026-08-09
26,SONORA,2026-01,DESAPARECIDA_O_NO_LOCALIZADA,HOMBRE,26030,HERMOSILLO,11,2026-08-09
26,SONORA,2026-01,DESAPARECIDA_O_NO_LOCALIZADA,MUJER,26030,HERMOSILLO,1,2026-08-09
26,SONORA,2026-01,DESAPARECIDA_O_NO_LOCALIZADA,HOMBRE,26042,NAVOJOA,1,2026-08-09
26,SONORA,2026-01,DESAPARECIDA_O_NO_LOCALIZADA,HOMBRE,26043,NOGALES,3,2026-08-09
26,SONORA,2026-01,DESAPARECIDA_O_NO_LOCALIZADA,HOMBRE,26048,PUERTO PEÑASCO,3,2026-08-09
26,SONORA,2026-01,DESAPARECIDA_O_NO_LOCALIZADA,HOMBRE,26055,SAN LUIS RÍO COLORADO,4,2026-08-09
26,SONORA,2026-01,DESAPARECIDA_O_NO_LOCALIZADA,MUJER,26055,SAN LUIS RÍO COLORADO,2,2026-08-09
26,SONORA,2026-01,LOCALIZADA_CON_VIDA,MUJER,26002,AGUA PRIETA,1,2026-08-09
26,SONORA,2026-01,LOCALIZADA_CON_VIDA,HOMBRE,26003,ALAMOS,1,2026-08-09
26,SONORA,2026-01,LOCALIZADA_CON_VIDA,HOMBRE,26017,CABORCA,3,2026-08-09
26,SONORA,2026-01,LOCALIZADA_CON_VIDA,HOMBRE,26018,CAJEME,5,2026-08-09
26,SONORA,2026-01,LOCALIZADA_CON_VIDA,MUJER,26018,CAJEME,7,2026-08-09
26,SONORA,2026-01,LOCALIZADA_CON_VIDA,HOMBRE,26019,CANANEA,6,2026-08-09
26,SONORA,2026-01,LOCALIZADA_CON_VIDA,MUJER,26019,CANANEA,1,2026-08-09
26,SONORA,2026-01,LOCALIZADA_CON_VIDA,MUJER,26025,EMPALME,1,2026-08-09
26,SONORA,2026-01,LOCALIZADA_CON_VIDA,HOMBRE,26029,GUAYMAS,1,2026-08-09
26,SONORA,2026-01,LOCALIZADA_CON_VIDA,HOMBRE,26030,HERMOSILLO,17,2026-08-09
26,SONORA,2026-01,LOCALIZADA_CON_VIDA,MUJER,26030,HERMOSILLO,9,2026-08-09
26,SONORA,2026-01,LOCALIZADA_CON_VIDA,HOMBRE,26041,NACOZARI DE GARCÍA,1,2026-08-09
26,SONORA,2026-01,LOCALIZADA_CON_VIDA,HOMBRE,26042,NAVOJOA,6,2026-08-09
26,SONORA,2026-01,LOCALIZADA_CON_VIDA,MUJER,26042,NAVOJOA,2,2026-08-09
26,SONORA,2026-01,LOCALIZADA_CON_VIDA,HOMBRE,26043,NOGALES,6,2026-08-09
26,SONORA,2026-01,LOCALIZADA_CON_VIDA,MUJER,26043,NOGALES,4,2026-08-09
26,SONORA,2026-01,LOCALIZADA_CON_VIDA,HOMBRE,26048,PUERTO PEÑASCO,3,2026-08-09
26,SONORA,2026-01,LOCALIZADA_CON_VIDA,HOMBRE,26055,SAN LUIS RÍO COLORADO,4,2026-08-09
26,SONORA,2026-01,LOCALIZADA_CON_VIDA,MUJER,26055,SAN LUIS RÍO COLORADO,5,2026-08-09
26,SONORA,2026-01,LOCALIZADA_CON_VIDA,HOMBRE,26070,GENERAL PLUTARCO ELÍAS CALLES,1,2026-08-09
26,SONORA,2026-01,LOCALIZADA_SIN_VIDA,HOMBRE,26018,CAJEME,2,2026-08-09
26,SONORA,2026-01,LOCALIZADA_SIN_VIDA,HOMBRE,26029,GUAYMAS,1,2026-08-09
26,SONORA,2026-01,LOCALIZADA_SIN_VIDA,MUJER,26042,NAVOJOA,1,2026-08-09
26,SONORA,2026-02,DESAPARECIDA_O_NO_LOCALIZADA,HOMBRE,26002,AGUA PRIETA,4,2026-08-09
26,SONORA,2026-02,DESAPARECIDA_O_NO_LOCALIZADA,HOMBRE,26004,ALTAR,1,2026-08-09
26,SONORA,2026-02,DESAPARECIDA_O_NO_LOCALIZADA,HOMBRE,26012,BÁCUM,1,2026-08-09
26,SONORA,2026-02,DESAPARECIDA_O_NO_LOCALIZADA,HOMBRE,26016,BENJAMÍN HILL,2,2026-08-09
26,SONORA,2026-02,DESAPARECIDA_O_NO_LOCALIZADA,HOMBRE,26017,CABORCA,1,2026-08-09
26,SONORA,2026-02,DESAPARECIDA_O_NO_LOCALIZADA,HOMBRE,26018,CAJEME,3,2026-08-09
26,SONORA,2026-02,DESAPARECIDA_O_NO_LOCALIZADA,HOMBRE,26025,EMPALME,1,2026-08-09
26,SONORA,2026-02,DESAPARECIDA_O_NO_LOCALIZADA,HOMBRE,26026,ETCHOJOA,2,2026-08-09
26,SONORA,2026-02,DESAPARECIDA_O_NO_LOCALIZADA,MUJER,26029,GUAYMAS,1,2026-08-09
26,SONORA,2026-02,DESAPARECIDA_O_NO_LOCALIZADA,HOMBRE,26030,HERMOSILLO,8,2026-08-09
26,SONORA,2026-02,DESAPARECIDA_O_NO_LOCALIZADA,MUJER,26030,HERMOSILLO,3,2026-08-09
26,SONORA,2026-02,DESAPARECIDA_O_NO_LOCALIZADA,HOMBRE,26033,HUATABAMPO,1,2026-08-09
26,SONORA,2026-02,DESAPARECIDA_O_NO_LOCALIZADA,HOMBRE,26036,MAGDALENA,1,2026-08-09
26,SONORA,2026-02,DESAPARECIDA_O_NO_LOCALIZADA,HOMBRE,26042,NAVOJOA,1,2026-08-09
26,SONORA,2026-02,DESAPARECIDA_O_NO_LOCALIZADA,HOMBRE,26043,NOGALES,2,2026-08-09
26,SONORA,2026-02,DESAPARECIDA_O_NO_LOCALIZADA,MUJER,26043,NOGALES,1,2026-08-09
26,SONORA,2026-02,DESAPARECIDA_O_NO_LOCALIZADA,HOMBRE,26055,SAN LUIS RÍO COLORADO,1,2026-08-09
26,SONORA,2026-02,DESAPARECIDA_O_NO_LOCALIZADA,MUJER,26055,SAN LUIS RÍO COLORADO,2,2026-08-09
26,SONORA,2026-02,LOCALIZADA_CON_VIDA,MUJER,26002,AGUA PRIETA,1,2026-08-09
26,SONORA,2026-02,LOCALIZADA_CON_VIDA,HOMBRE,26017,CABORCA,5,2026-08-09
26,SONORA,2026-02,LOCALIZADA_CON_VIDA,MUJER,26017,CABORCA,1,2026-08-09
26,SONORA,2026-02,LOCALIZADA_CON_VIDA,HOMBRE,26018,CAJEME,5,2026-08-09
26,SONORA,2026-02,LOCALIZADA_CON_VIDA,MUJER,26018,CAJEME,4,2026-08-09
26,SONORA,2026-02,LOCALIZADA_CON_VIDA,MUJER,26025,EMPALME,1,2026-08-09
26,SONORA,2026-02,LOCALIZADA_CON_VIDA,HOMBRE,26026,ETCHOJOA,2,2026-08-09
26,SONORA,2026-02,LOCALIZADA_CON_VIDA,HOMBRE,26029,GUAYMAS,1,2026-08-09
26,SONORA,2026-02,LOCALIZADA_CON_VIDA,MUJER,26029,GUAYMAS,2,2026-08-09
26,SONORA,2026-02,LOCALIZADA_CON_VIDA,HOMBRE,26030,HERMOSILLO,13,2026-08-09
26,SONORA,2026-02,LOCALIZADA_CON_VIDA,MUJER,26030,HERMOSILLO,9,2026-08-09
26,SONORA,2026-02,LOCALIZADA_CON_VIDA,MUJER,26033,HUATABAMPO,1,2026-08-09
26,SONORA,2026-02,LOCALIZADA_CON_VIDA,MUJER,26036,MAGDALENA,1,2026-08-09
26,SONORA,2026-02,LOCALIZADA_CON_VIDA,HOMBRE,26042,NAVOJOA,4,2026-08-09
26,SONORA,2026-02,LOCALIZADA_CON_VIDA,MUJER,26042,NAVOJOA,2,2026-08-09
26,SONORA,2026-02,LOCALIZADA_CON_VIDA,HOMBRE,26043,NOGALES,4,2026-08-09
26,SONORA,2026-02,LOCALIZADA_CON_VIDA,MUJER,26043,NOGALES,7,2026-08-09
26,SONORA,2026-02,LOCALIZADA_CON_VIDA,HOMBRE,26048,PUERTO PEÑASCO,2,2026-08-09
26,SONORA,2026-02,LOCALIZADA_CON_VIDA,MUJER,26048,PUERTO PEÑASCO,1,2026-08-09
26,SONORA,2026-02,LOCALIZADA_CON_VIDA,HOMBRE,26055,SAN LUIS RÍO COLORADO,5,2026-08-09
26,SONORA,2026-02,LOCALIZADA_CON_VIDA,MUJER,26055,SAN LUIS RÍO COLORADO,6,2026-08-09
26,SONORA,2026-02,LOCALIZADA_SIN_VIDA,HOMBRE,26002,AGUA PRIETA,1,2026-08-09
26,SONORA,2026-02,LOCALIZADA_SIN_VIDA,HOMBRE,26012,BÁCUM,1,2026-08-09
26,SONORA,2026-02,LOCALIZADA_SIN_VIDA,HOMBRE,26018,CAJEME,1,2026-08-09
26,SONORA,2026-02,LOCALIZADA_SIN_VIDA,MUJER,26018,CAJEME,2,2026-08-09
26,SONORA,2026-02,LOCALIZADA_SIN_VIDA,HOMBRE,26025,EMPALME,1,2026-08-09
26,SONORA,2026-02,LOCALIZADA_SIN_VIDA,HOMBRE,26029,GUAYMAS,1,2026-08-09
26,SONORA,2026-02,LOCALIZADA_SIN_VIDA,HOMBRE,26030,HERMOSILLO,1,2026-08-09
26,SONORA,2026-02,LOCALIZADA_SIN_VIDA,HOMBRE,26043,NOGALES,2,2026-08-09
26,SONORA,2026-03,DESAPARECIDA_O_NO_LOCALIZADA,HOMBRE,26009,BACANORA,1,2026-08-09
26,SONORA,2026-03,DESAPARECIDA_O_NO_LOCALIZADA,HOMBRE,26012,BÁCUM,1,2026-08-09
26,SONORA,2026-03,DESAPARECIDA_O_NO_LOCALIZADA,HOMBRE,26017,CABORCA,2,2026-08-09
26,SONORA,2026-03,DESAPARECIDA_O_NO_LOCALIZADA,HOMBRE,26018,CAJEME,7,2026-08-09
26,SONORA,2026-03,DESAPARECIDA_O_NO_LOCALIZADA,HOMBRE,26025,EMPALME,1,2026-08-09
26,SONORA,2026-03,DESAPARECIDA_O_NO_LOCALIZADA,HOMBRE,26026,ETCHOJOA,1,2026-08-09
26,SONORA,2026-03,DESAPARECIDA_O_NO_LOCALIZADA,HOMBRE,26029,GUAYMAS,2,2026-08-09
26,SONORA,2026-03,DESAPARECIDA_O_NO_LOCALIZADA,MUJER,26029,GUAYMAS,1,2026-08-09
26,SONORA,2026-03,DESAPARECIDA_O_NO_LOCALIZADA,HOMBRE,26030,HERMOSILLO,17,2026-08-09
26,SONORA,2026-03,DESAPARECIDA_O_NO_LOCALIZADA,MUJER,26030,HERMOSILLO,3,2026-08-09
26,SONORA,2026-03,DESAPARECIDA_O_NO_LOCALIZADA,MUJER,26033,HUATABAMPO,1,2026-08-09
26,SONORA,2026-03,DESAPARECIDA_O_NO_LOCALIZADA,HOMBRE,26043,NOGALES,2,2026-08-09
26,SONORA,2026-03,DESAPARECIDA_O_NO_LOCALIZADA,HOMBRE,26045,OPODEPE,1,2026-08-09
26,SONORA,2026-03,DESAPARECIDA_O_NO_LOCALIZADA,HOMBRE,26048,PUERTO PEÑASCO,4,2026-08-09
26,SONORA,2026-03,DESAPARECIDA_O_NO_LOCALIZADA,HOMBRE,26055,SAN LUIS RÍO COLORADO,4,2026-08-09
26,SONORA,2026-03,DESAPARECIDA_O_NO_LOCALIZADA,MUJER,26055,SAN LUIS RÍO COLORADO,1,2026-08-09
26,SONORA,2026-03,DESAPARECIDA_O_NO_LOCALIZADA,HOMBRE,26066,URES,1,2026-08-09
26,SONORA,2026-03,LOCALIZADA_CON_VIDA,HOMBRE,26004,ALTAR,1,2026-08-09
26,SONORA,2026-03,LOCALIZADA_CON_VIDA,MUJER,26011,BACOACHI,1,2026-08-09
26,SONORA,2026-03,LOCALIZADA_CON_VIDA,MUJER,26017,CABORCA,1,2026-08-09
26,SONORA,2026-03,LOCALIZADA_CON_VIDA,HOMBRE,26018,CAJEME,7,2026-08-09
26,SONORA,2026-03,LOCALIZADA_CON_VIDA,MUJER,26018,CAJEME,3,2026-08-09
26,SONORA,2026-03,LOCALIZADA_CON_VIDA,HOMBRE,26019,CANANEA,1,2026-08-09
26,SONORA,2026-03,LOCALIZADA_CON_VIDA,MUJER,26019,CANANEA,1,2026-08-09
26,SONORA,2026-03,LOCALIZADA_CON_VIDA,HOMBRE,26026,ETCHOJOA,1,2026-08-09
26,SONORA,2026-03,LOCALIZADA_CON_VIDA,HOMBRE,26029,GUAYMAS,3,2026-08-09
26,SONORA,2026-03,LOCALIZADA_CON_VIDA,MUJER,26029,GUAYMAS,2,2026-08-09
26,SONORA,2026-03,LOCALIZADA_CON_VIDA,HOMBRE,26030,HERMOSILLO,10,2026-08-09
26,SONORA,2026-03,LOCALIZADA_CON_VIDA,MUJER,26030,HERMOSILLO,14,2026-08-09
26,SONORA,2026-03,LOCALIZADA_CON_VIDA,HOMBRE,26033,HUATABAMPO,1,2026-08-09
26,SONORA,2026-03,LOCALIZADA_CON_VIDA,HOMBRE,26042,NAVOJOA,6,2026-08-09
26,SONORA,2026-03,LOCALIZADA_CON_VIDA,MUJER,26042,NAVOJOA,3,2026-08-09
26,SONORA,2026-03,LOCALIZADA_CON_VIDA,HOMBRE,26043,NOGALES,8,2026-08-09
26,SONORA,2026-03,LOCALIZADA_CON_VIDA,MUJER,26043,NOGALES,13,2026-08-09
26,SONORA,2026-03,LOCALIZADA_CON_VIDA,HOMBRE,26055,SAN LUIS RÍO COLORADO,7,2026-08-09
26,SONORA,2026-03,LOCALIZADA_CON_VIDA,MUJER,26055,SAN LUIS RÍO COLORADO,7,2026-08-09
26,SONORA,2026-03,LOCALIZADA_CON_VIDA,HOMBRE,26058,SANTA ANA,1,2026-08-09
26,SONORA,2026-03,LOCALIZADA_CON_VIDA,HOMBRE,26071,BENITO JUÁREZ,1,2026-08-09
26,SONORA,2026-03,LOCALIZADA_SIN_VIDA,HOMBRE,26018,CAJEME,2,2026-08-09
26,SONORA,2026-03,LOCALIZADA_SIN_VIDA,HOMBRE,26026,ETCHOJOA,1,2026-08-09
26,SONORA,2026-03,LOCALIZADA_SIN_VIDA,HOMBRE,26029,GUAYMAS,1,2026-08-09
26,SONORA,2026-03,LOCALIZADA_SIN_VIDA,HOMBRE,26030,HERMOSILLO,2,2026-08-09
26,SONORA,2026-03,LOCALIZADA_SIN_VIDA,HOMBRE,26042,NAVOJOA,1,2026-08-09
26,SONORA,2026-03,LOCALIZADA_SIN_VIDA,HOMBRE,26055,SAN LUIS RÍO COLORADO,1,2026-08-09
26,SONORA,2026-04,DESAPARECIDA_O_NO_LOCALIZADA,HOMBRE,26002,AGUA PRIETA,1,2026-08-09
26,SONORA,2026-04,DESAPARECIDA_O_NO_LOCALIZADA,MUJER,26002,AGUA PRIETA,1,2026-08-09
26,SONORA,2026-04,DESAPARECIDA_O_NO_LOCALIZADA,HOMBRE,26004,ALTAR,1,2026-08-09
26,SONORA,2026-04,DESAPARECIDA_O_NO_LOCALIZADA,HOMBRE,26012,BÁCUM,1,2026-08-09
26,SONORA,2026-04,DESAPARECIDA_O_NO_LOCALIZADA,HOMBRE,26018,CAJEME,7,2026-08-09
26,SONORA,2026-04,DESAPARECIDA_O_NO_LOCALIZADA,HOMBRE,26025,EMPALME,2,2026-08-09
26,SONORA,2026-04,DESAPARECIDA_O_NO_LOCALIZADA,HOMBRE,26029,GUAYMAS,2,2026-08-09
26,SONORA,2026-04,DESAPARECIDA_O_NO_LOCALIZADA,HOMBRE,26030,HERMOSILLO,10,2026-08-09
26,SONORA,2026-04,DESAPARECIDA_O_NO_LOCALIZADA,MUJER,26030,HERMOSILLO,2,2026-08-09
26,SONORA,2026-04,DESAPARECIDA_O_NO_LOCALIZADA,HOMBRE,26035,IMURIS,1,2026-08-09
26,SONORA,2026-04,DESAPARECIDA_O_NO_LOCALIZADA,HOMBRE,26042,NAVOJOA,1,2026-08-09
26,SONORA,2026-04,DESAPARECIDA_O_NO_LOCALIZADA,HOMBRE,26043,NOGALES,3,2026-08-09
26,SONORA,2026-04,DESAPARECIDA_O_NO_LOCALIZADA,HOMBRE,26048,PUERTO PEÑASCO,2,2026-08-09
26,SONORA,2026-04,DESAPARECIDA_O_NO_LOCALIZADA,HOMBRE,26055,SAN LUIS RÍO COLORADO,4,2026-08-09
26,SONORA,2026-04,DESAPARECIDA_O_NO_LOCALIZADA,HOMBRE,26058,SANTA ANA,1,2026-08-09
26,SONORA,2026-04,DESAPARECIDA_O_NO_LOCALIZADA,HOMBRE,26059,SANTA CRUZ,1,2026-08-09
26,SONORA,2026-04,LOCALIZADA_CON_VIDA,HOMBRE,26012,BÁCUM,3,2026-08-09
26,SONORA,2026-04,LOCALIZADA_CON_VIDA,MUJER,26012,BÁCUM,1,2026-08-09
26,SONORA,2026-04,LOCALIZADA_CON_VIDA,MUJER,26016,BENJAMÍN HILL,1,2026-08-09
26,SONORA,2026-04,LOCALIZADA_CON_VIDA,MUJER,26017,CABORCA,1,2026-08-09
26,SONORA,2026-04,LOCALIZADA_CON_VIDA,HOMBRE,26018,CAJEME,7,2026-08-09
26,SONORA,2026-04,LOCALIZADA_CON_VIDA,MUJER,26018,CAJEME,5,2026-08-09
26,SONORA,2026-04,LOCALIZADA_CON_VIDA,HOMBRE,26019,CANANEA,1,2026-08-09
26,SONORA,2026-04,LOCALIZADA_CON_VIDA,HOMBRE,26026,ETCHOJOA,3,2026-08-09
26,SONORA,2026-04,LOCALIZADA_CON_VIDA,MUJER,26026,ETCHOJOA,1,2026-08-09
26,SONORA,2026-04,LOCALIZADA_CON_VIDA,HOMBRE,26029,GUAYMAS,4,2026-08-09
26,SONORA,2026-04,LOCALIZADA_CON_VIDA,MUJER,26029,GUAYMAS,2,2026-08-09
26,SONORA,2026-04,LOCALIZADA_CON_VIDA,HOMBRE,26030,HERMOSILLO,18,2026-08-09
26,SONORA,2026-04,LOCALIZADA_CON_VIDA,MUJER,26030,HERMOSILLO,13,2026-08-09
26,SONORA,2026-04,LOCALIZADA_CON_VIDA,HOMBRE,26033,HUATABAMPO,2,2026-08-09
26,SONORA,2026-04,LOCALIZADA_CON_VIDA,HOMBRE,26036,MAGDALENA,1,2026-08-09
26,SONORA,2026-04,LOCALIZADA_CON_VIDA,MUJER,26036,MAGDALENA,1,2026-08-09
26,SONORA,2026-04,LOCALIZADA_CON_VIDA,HOMBRE,26042,NAVOJOA,1,2026-08-09
26,SONORA,2026-04,LOCALIZADA_CON_VIDA,MUJER,26042,NAVOJOA,1,2026-08-09
26,SONORA,2026-04,LOCALIZADA_CON_VIDA,HOMBRE,26043,NOGALES,19,2026-08-09
26,SONORA,2026-04,LOCALIZADA_CON_VIDA,MUJER,26043,NOGALES,5,2026-08-09
26,SONORA,2026-04,LOCALIZADA_CON_VIDA,HOMBRE,26048,PUERTO PEÑASCO,1,2026-08-09
26,SONORA,2026-04,LOCALIZADA_CON_VIDA,HOMBRE,26055,SAN LUIS RÍO COLORADO,2,2026-08-09
26,SONORA,2026-04,LOCALIZADA_CON_VIDA,MUJER,26055,SAN LUIS RÍO COLORADO,3,2026-08-09
26,SONORA,2026-04,LOCALIZADA_CON_VIDA,MUJER,26066,URES,1,2026-08-09
26,SONORA,2026-04,LOCALIZADA_CON_VIDA,HOMBRE,26069,YÉCORA,1,2026-08-09
26,SONORA,2026-04,LOCALIZADA_CON_VIDA,HOMBRE,26070,GENERAL PLUTARCO ELÍAS CALLES,1,2026-08-09
26,SONORA,2026-04,LOCALIZADA_CON_VIDA,HOMBRE,26071,BENITO JUÁREZ,1,2026-08-09
26,SONORA,2026-04,LOCALIZADA_SIN_VIDA,MUJER,26026,ETCHOJOA,1,2026-08-09
26,SONORA,2026-04,LOCALIZADA_SIN_VIDA,HOMBRE,26030,HERMOSILLO,2,2026-08-09
26,SONORA,2026-04,LOCALIZADA_SIN_VIDA,HOMBRE,26068,VILLA PESQUEIRA,1,2026-08-09
26,SONORA,2026-04,LOCALIZADA_SIN_VIDA,MUJER,26068,VILLA PESQUEIRA,1,2026-08-09
26,SONORA,2026-05,DESAPARECIDA_O_NO_LOCALIZADA,HOMBRE,26002,AGUA PRIETA,2,2026-08-09
26,SONORA,2026-05,DESAPARECIDA_O_NO_LOCALIZADA,HOMBRE,26017,CABORCA,2,2026-08-09
26,SONORA,2026-05,DESAPARECIDA_O_NO_LOCALIZADA,HOMBRE,26018,CAJEME,9,2026-08-09
26,SONORA,2026-05,DESAPARECIDA_O_NO_LOCALIZADA,MUJER,26018,CAJEME,3,2026-08-09
26,SONORA,2026-05,DESAPARECIDA_O_NO_LOCALIZADA,HOMBRE,26019,CANANEA,1,2026-08-09
26,SONORA,2026-05,DESAPARECIDA_O_NO_LOCALIZADA,HOMBRE,26029,GUAYMAS,5,2026-08-09
26,SONORA,2026-05,DESAPARECIDA_O_NO_LOCALIZADA,HOMBRE,26030,HERMOSILLO,17,2026-08-09
26,SONORA,2026-05,DESAPARECIDA_O_NO_LOCALIZADA,MUJER,26030,HERMOSILLO,3,2026-08-09
26,SONORA,2026-05,DESAPARECIDA_O_NO_LOCALIZADA,HOMBRE,26033,HUATABAMPO,1,2026-08-09
26,SONORA,2026-05,DESAPARECIDA_O_NO_LOCALIZADA,MUJER,26033,HUATABAMPO,1,2026-08-09
26,SONORA,2026-05,DESAPARECIDA_O_NO_LOCALIZADA,HOMBRE,26035,IMURIS,1,2026-08-09
26,SONORA,2026-05,DESAPARECIDA_O_NO_LOCALIZADA,MUJER,26036,MAGDALENA,2,2026-08-09
26,SONORA,2026-05,DESAPARECIDA_O_NO_LOCALIZADA,HOMBRE,26041,NACOZARI DE GARCÍA,1,2026-08-09
26,SONORA,2026-05,DESAPARECIDA_O_NO_LOCALIZADA,HOMBRE,26042,NAVOJOA,2,2026-08-09
26,SONORA,2026-05,DESAPARECIDA_O_NO_LOCALIZADA,HOMBRE,26043,NOGALES,7,2026-08-09
26,SONORA,2026-05,DESAPARECIDA_O_NO_LOCALIZADA,HOMBRE,26048,PUERTO PEÑASCO,1,2026-08-09
26,SONORA,2026-05,DESAPARECIDA_O_NO_LOCALIZADA,HOMBRE,26055,SAN LUIS RÍO COLORADO,3,2026-08-09
26,SONORA,2026-05,LOCALIZADA_CON_VIDA,MUJER,26002,AGUA PRIETA,2,2026-08-09
26,SONORA,2026-05,LOCALIZADA_CON_VIDA,HOMBRE,26017,CABORCA,3,2026-08-09
26,SONORA,2026-05,LOCALIZADA_CON_VIDA,MUJER,26017,CABORCA,1,2026-08-09
26,SONORA,2026-05,LOCALIZADA_CON_VIDA,HOMBRE,26018,CAJEME,4,2026-08-09
26,SONORA,2026-05,LOCALIZADA_CON_VIDA,MUJER,26018,CAJEME,4,2026-08-09
26,SONORA,2026-05,LOCALIZADA_CON_VIDA,HOMBRE,26019,CANANEA,2,2026-08-09
26,SONORA,2026-05,LOCALIZADA_CON_VIDA,MUJER,26019,CANANEA,2,2026-08-09
26,SONORA,2026-05,LOCALIZADA_CON_VIDA,HOMBRE,26021,LA COLORADA,1,2026-08-09
26,SONORA,2026-05,LOCALIZADA_CON_VIDA,HOMBRE,26025,EMPALME,1,2026-08-09
26,SONORA,2026-05,LOCALIZADA_CON_VIDA,HOMBRE,26026,ETCHOJOA,1,2026-08-09
26,SONORA,2026-05,LOCALIZADA_CON_VIDA,HOMBRE,26029,GUAYMAS,3,2026-08-09
26,SONORA,2026-05,LOCALIZADA_CON_VIDA,HOMBRE,26030,HERMOSILLO,15,2026-08-09
26,SONORA,2026-05,LOCALIZADA_CON_VIDA,MUJER,26030,HERMOSILLO,9,2026-08-09
26,SONORA,2026-05,LOCALIZADA_CON_VIDA,HOMBRE,26039,NACO,1,2026-08-09
26,SONORA,2026-05,LOCALIZADA_CON_VIDA,HOMBRE,26042,NAVOJOA,1,2026-08-09
26,SONORA,2026-05,LOCALIZADA_CON_VIDA,MUJER,26042,NAVOJOA,2,2026-08-09
26,SONORA,2026-05,LOCALIZADA_CON_VIDA,HOMBRE,26043,NOGALES,8,2026-08-09
26,SONORA,2026-05,LOCALIZADA_CON_VIDA,MUJER,26043,NOGALES,4,2026-08-09
26,SONORA,2026-05,LOCALIZADA_CON_VIDA,HOMBRE,26048,PUERTO PEÑASCO,1,2026-08-09
26,SONORA,2026-05,LOCALIZADA_CON_VIDA,MUJER,26048,PUERTO PEÑASCO,1,2026-08-09
26,SONORA,2026-05,LOCALIZADA_CON_VIDA,HOMBRE,26055,SAN LUIS RÍO COLORADO,6,2026-08-09
26,SONORA,2026-05,LOCALIZADA_CON_VIDA,MUJER,26055,SAN LUIS RÍO COLORADO,5,2026-08-09
26,SONORA,2026-05,LOCALIZADA_CON_VIDA,MUJER,26056,SAN MIGUEL DE HORCASITAS,1,2026-08-09
26,SONORA,2026-05,LOCALIZADA_SIN_VIDA,HOMBRE,26002,AGUA PRIETA,1,2026-08-09
26,SONORA,2026-05,LOCALIZADA_SIN_VIDA,HOMBRE,26018,CAJEME,3,2026-08-09
26,SONORA,2026-05,LOCALIZADA_SIN_VIDA,MUJER,26018,CAJEME,1,2026-08-09
26,SONORA,2026-05,LOCALIZADA_SIN_VIDA,HOMBRE,26029,GUAYMAS,1,2026-08-09
26,SONORA,2026-05,LOCALIZADA_SIN_VIDA,HOMBRE,26030,HERMOSILLO,2,2026-08-09
26,SONORA,2026-06,DESAPARECIDA_O_NO_LOCALIZADA,HOMBRE,26002,AGUA PRIETA,2,2026-08-09
26,SONORA,2026-06,DESAPARECIDA_O_NO_LOCALIZADA,HOMBRE,26011,BACOACHI,1,2026-08-09
26,SONORA,2026-06,DESAPARECIDA_O_NO_LOCALIZADA,HOMBRE,26018,CAJEME,10,2026-08-09
26,SONORA,2026-06,DESAPARECIDA_O_NO_LOCALIZADA,HOMBRE,26019,CANANEA,2,2026-08-09
26,SONORA,2026-06,DESAPARECIDA_O_NO_LOCALIZADA,HOMBRE,26026,ETCHOJOA,1,2026-08-09
26,SONORA,2026-06,DESAPARECIDA_O_NO_LOCALIZADA,HOMBRE,26029,GUAYMAS,4,2026-08-09
26,SONORA,2026-06,DESAPARECIDA_O_NO_LOCALIZADA,HOMBRE,26030,HERMOSILLO,14,2026-08-09
26,SONORA,2026-06,DESAPARECIDA_O_NO_LOCALIZADA,MUJER,26030,HERMOSILLO,5,2026-08-09
26,SONORA,2026-06,DESAPARECIDA_O_NO_LOCALIZADA,HOMBRE,26035,IMURIS,2,2026-08-09
26,SONORA,2026-06,DESAPARECIDA_O_NO_LOCALIZADA,HOMBRE,26042,NAVOJOA,2,2026-08-09
26,SONORA,2026-06,DESAPARECIDA_O_NO_LOCALIZADA,MUJER,26042,NAVOJOA,1,2026-08-09
26,SONORA,2026-06,DESAPARECIDA_O_NO_LOCALIZADA,HOMBRE,26043,NOGALES,4,2026-08-09
26,SONORA,2026-06,DESAPARECIDA_O_NO_LOCALIZADA,HOMBRE,26047,PITIQUITO,1,2026-08-09
26,SONORA,2026-06,DESAPARECIDA_O_NO_LOCALIZADA,HOMBRE,26048,PUERTO PEÑASCO,1,2026-08-09
26,SONORA,2026-06,DESAPARECIDA_O_NO_LOCALIZADA,HOMBRE,26055,SAN LUIS RÍO COLORADO,5,2026-08-09
26,SONORA,2026-06,DESAPARECIDA_O_NO_LOCALIZADA,MUJER,26055,SAN LUIS RÍO COLORADO,3,2026-08-09
26,SONORA,2026-06,DESAPARECIDA_O_NO_LOCALIZADA,HOMBRE,26062,SUAQUI GRANDE,1,2026-08-09
26,SONORA,2026-06,DESAPARECIDA_O_NO_LOCALIZADA,HOMBRE,26072,SAN IGNACIO RÍO MUERTO,1,2026-08-09
26,SONORA,2026-06,LOCALIZADA_CON_VIDA,HOMBRE,26012,BÁCUM,1,2026-08-09
26,SONORA,2026-06,LOCALIZADA_CON_VIDA,MUJER,26012,BÁCUM,1,2026-08-09
26,SONORA,2026-06,LOCALIZADA_CON_VIDA,MUJER,26017,CABORCA,2,2026-08-09
26,SONORA,2026-06,LOCALIZADA_CON_VIDA,HOMBRE,26018,CAJEME,2,2026-08-09
26,SONORA,2026-06,LOCALIZADA_CON_VIDA,MUJER,26018,CAJEME,7,2026-08-09
26,SONORA,2026-06,LOCALIZADA_CON_VIDA,MUJER,26025,EMPALME,1,2026-08-09
26,SONORA,2026-06,LOCALIZADA_CON_VIDA,HOMBRE,26026,ETCHOJOA,1,2026-08-09
26,SONORA,2026-06,LOCALIZADA_CON_VIDA,MUJER,26026,ETCHOJOA,1,2026-08-09
26,SONORA,2026-06,LOCALIZADA_CON_VIDA,MUJER,26029,GUAYMAS,2,2026-08-09
26,SONORA,2026-06,LOCALIZADA_CON_VIDA,HOMBRE,26030,HERMOSILLO,6,2026-08-09
26,SONORA,2026-06,LOCALIZADA_CON_VIDA,MUJER,26030,HERMOSILLO,8,2026-08-09
26,SONORA,2026-06,LOCALIZADA_CON_VIDA,MUJER,26033,HUATABAMPO,1,2026-08-09
26,SONORA,2026-06,LOCALIZADA_CON_VIDA,MUJER,26035,IMURIS,1,2026-08-09
26,SONORA,2026-06,LOCALIZADA_CON_VIDA,MUJER,26036,MAGDALENA,1,2026-08-09
26,SONORA,2026-06,LOCALIZADA_CON_VIDA,HOMBRE,26042,NAVOJOA,1,2026-08-09
26,SONORA,2026-06,LOCALIZADA_CON_VIDA,MUJER,26042,NAVOJOA,3,2026-08-09
26,SONORA,2026-06,LOCALIZADA_CON_VIDA,HOMBRE,26043,NOGALES,6,2026-08-09
26,SONORA,2026-06,LOCALIZADA_CON_VIDA,MUJER,26043,NOGALES,3,2026-08-09
26,SONORA,2026-06,LOCALIZADA_CON_VIDA,HOMBRE,26048,PUERTO PEÑASCO,2,2026-08-09
26,SONORA,2026-06,LOCALIZADA_CON_VIDA,MUJER,26048,PUERTO PEÑASCO,1,2026-08-09
26,SONORA,2026-06,LOCALIZADA_CON_VIDA,HOMBRE,26055,SAN LUIS RÍO COLORADO,1,2026-08-09
26,SONORA,2026-06,LOCALIZADA_CON_VIDA,MUJER,26055,SAN LUIS RÍO COLORADO,1,2026-08-09
26,SONORA,2026-06,LOCALIZADA_CON_VIDA,HOMBRE,26067,VILLA HIDALGO,1,2026-08-09
26,SONORA,2026-06,LOCALIZADA_SIN_VIDA,HOMBRE,26004,ALTAR,1,2026-08-09
26,SONORA,2026-06,LOCALIZADA_SIN_VIDA,HOMBRE,26018,CAJEME,3,2026-08-09
26,SONORA,2026-06,LOCALIZADA_SIN_VIDA,HOMBRE,26030,HERMOSILLO,3,2026-08-09
26,SONORA,2026-06,LOCALIZADA_SIN_VIDA,MUJER,26030,HERMOSILLO,1,2026-08-09
26,SONORA,2026-07,DESAPARECIDA_O_NO_LOCALIZADA,HOMBRE,26012,BÁCUM,1,2026-08-09
26,SONORA,2026-07,DESAPARECIDA_O_NO_LOCALIZADA,HOMBRE,26018,CAJEME,5,2026-08-09
26,SONORA,2026-07,DESAPARECIDA_O_NO_LOCALIZADA,MUJER,26018,CAJEME,3,2026-08-09
26,SONORA,2026-07,DESAPARECIDA_O_NO_LOCALIZADA,HOMBRE,26019,CANANEA,1,2026-08-09
26,SONORA,2026-07,DESAPARECIDA_O_NO_LOCALIZADA,MUJER,26019,CANANEA,1,2026-08-09
26,SONORA,2026-07,DESAPARECIDA_O_NO_LOCALIZADA,HOMBRE,26029,GUAYMAS,4,2026-08-09
26,SONORA,2026-07,DESAPARECIDA_O_NO_LOCALIZADA,MUJER,26029,GUAYMAS,1,2026-08-09
26,SONORA,2026-07,DESAPARECIDA_O_NO_LOCALIZADA,HOMBRE,26030,HERMOSILLO,17,2026-08-09
26,SONORA,2026-07,DESAPARECIDA_O_NO_LOCALIZADA,MUJER,26030,HERMOSILLO,6,2026-08-09
26,SONORA,2026-07,DESAPARECIDA_O_NO_LOCALIZADA,HOMBRE,26042,NAVOJOA,4,2026-08-09
26,SONORA,2026-07,DESAPARECIDA_O_NO_LOCALIZADA,HOMBRE,26055,SAN LUIS RÍO COLORADO,2,2026-08-09
26,SONORA,2026-07,DESAPARECIDA_O_NO_LOCALIZADA,HOMBRE,26070,GENERAL PLUTARCO ELÍAS CALLES,1,2026-08-09
26,SONORA,2026-07,DESAPARECIDA_O_NO_LOCALIZADA,HOMBRE,26072,SAN IGNACIO RÍO MUERTO,1,2026-08-09
26,SONORA,2026-07,LOCALIZADA_CON_VIDA,HOMBRE,26018,CAJEME,4,2026-08-09
26,SONORA,2026-07,LOCALIZADA_CON_VIDA,HOMBRE,26026,ETCHOJOA,1,2026-08-09
26,SONORA,2026-07,LOCALIZADA_CON_VIDA,MUJER,26026,ETCHOJOA,3,2026-08-09
26,SONORA,2026-07,LOCALIZADA_CON_VIDA,MUJER,26029,GUAYMAS,1,2026-08-09
26,SONORA,2026-07,LOCALIZADA_CON_VIDA,HOMBRE,26030,HERMOSILLO,3,2026-08-09
26,SONORA,2026-07,LOCALIZADA_CON_VIDA,MUJER,26030,HERMOSILLO,2,2026-08-09
26,SONORA,2026-07,LOCALIZADA_CON_VIDA,HOMBRE,26043,NOGALES,2,2026-08-09
26,SONORA,2026-07,LOCALIZADA_CON_VIDA,HOMBRE,26048,PUERTO PEÑASCO,1,2026-08-09
26,SONORA,2026-07,LOCALIZADA_CON_VIDA,HOMBRE,26066,URES,1,2026-08-09
26,SONORA,SIN_FECHA,DESAPARECIDA_O_NO_LOCALIZADA,,,,100,2026-08-09
26,SONORA,SIN_FECHA,LOCALIZADA_CON_VIDA,,,,64,2026-08-09
26,SONORA,SIN_FECHA,LOCALIZADA_SIN_VIDA,,,,14,2026-08-09
27,TABASCO,2026-01,DESAPARECIDA_O_NO_LOCALIZADA,HOMBRE,27002,CÁRDENAS,1,2026-08-09
27,TABASCO,2026-01,DESAPARECIDA_O_NO_LOCALIZADA,MUJER,27002,CÁRDENAS,1,2026-08-09
27,TABASCO,2026-01,DESAPARECIDA_O_NO_LOCALIZADA,MUJER,27003,CENTLA,2,2026-08-09
27,TABASCO,2026-01,DESAPARECIDA_O_NO_LOCALIZADA,HOMBRE,27004,CENTRO,5,2026-08-09
27,TABASCO,2026-01,DESAPARECIDA_O_NO_LOCALIZADA,MUJER,27004,CENTRO,3,2026-08-09
27,TABASCO,2026-01,DESAPARECIDA_O_NO_LOCALIZADA,MUJER,27008,HUIMANGUILLO,3,2026-08-09
27,TABASCO,2026-01,DESAPARECIDA_O_NO_LOCALIZADA,MUJER,27009,JALAPA,1,2026-08-09
27,TABASCO,2026-01,DESAPARECIDA_O_NO_LOCALIZADA,MUJER,27017,TENOSIQUE,1,2026-08-09
27,TABASCO,2026-01,LOCALIZADA_CON_VIDA,HOMBRE,27002,CÁRDENAS,1,2026-08-09
27,TABASCO,2026-01,LOCALIZADA_CON_VIDA,HOMBRE,27004,CENTRO,3,2026-08-09
27,TABASCO,2026-01,LOCALIZADA_CON_VIDA,MUJER,27004,CENTRO,3,2026-08-09
27,TABASCO,2026-01,LOCALIZADA_CON_VIDA,HOMBRE,27005,COMALCALCO,1,2026-08-09
27,TABASCO,2026-01,LOCALIZADA_CON_VIDA,MUJER,27005,COMALCALCO,1,2026-08-09
27,TABASCO,2026-01,LOCALIZADA_CON_VIDA,MUJER,27006,CUNDUACÁN,1,2026-08-09
27,TABASCO,2026-02,DESAPARECIDA_O_NO_LOCALIZADA,HOMBRE,27002,CÁRDENAS,4,2026-08-09
27,TABASCO,2026-02,DESAPARECIDA_O_NO_LOCALIZADA,MUJER,27002,CÁRDENAS,2,2026-08-09
27,TABASCO,2026-02,DESAPARECIDA_O_NO_LOCALIZADA,HOMBRE,27004,CENTRO,5,2026-08-09
27,TABASCO,2026-02,DESAPARECIDA_O_NO_LOCALIZADA,MUJER,27004,CENTRO,5,2026-08-09
27,TABASCO,2026-02,DESAPARECIDA_O_NO_LOCALIZADA,MUJER,27005,COMALCALCO,1,2026-08-09
27,TABASCO,2026-02,DESAPARECIDA_O_NO_LOCALIZADA,HOMBRE,27006,CUNDUACÁN,1,2026-08-09
27,TABASCO,2026-02,DESAPARECIDA_O_NO_LOCALIZADA,HOMBRE,27008,HUIMANGUILLO,3,2026-08-09
27,TABASCO,2026-02,DESAPARECIDA_O_NO_LOCALIZADA,HOMBRE,27013,NACAJUCA,1,2026-08-09
27,TABASCO,2026-02,DESAPARECIDA_O_NO_LOCALIZADA,HOMBRE,27017,TENOSIQUE,1,2026-08-09
27,TABASCO,2026-02,LOCALIZADA_CON_VIDA,HOMBRE,27004,CENTRO,7,2026-08-09
27,TABASCO,2026-02,LOCALIZADA_CON_VIDA,MUJER,27004,CENTRO,2,2026-08-09
27,TABASCO,2026-02,LOCALIZADA_CON_VIDA,MUJER,27009,JALAPA,1,2026-08-09
27,TABASCO,2026-02,LOCALIZADA_CON_VIDA,MUJER,27012,MACUSPANA,1,2026-08-09
27,TABASCO,2026-02,LOCALIZADA_CON_VIDA,HOMBRE,27013,NACAJUCA,1,2026-08-09
27,TABASCO,2026-02,LOCALIZADA_CON_VIDA,MUJER,27017,TENOSIQUE,1,2026-08-09
27,TABASCO,2026-02,LOCALIZADA_SIN_VIDA,HOMBRE,27004,CENTRO,1,2026-08-09
27,TABASCO,2026-03,DESAPARECIDA_O_NO_LOCALIZADA,HOMBRE,27002,CÁRDENAS,3,2026-08-09
27,TABASCO,2026-03,DESAPARECIDA_O_NO_LOCALIZADA,MUJER,27002,CÁRDENAS,2,2026-08-09
27,TABASCO,2026-03,DESAPARECIDA_O_NO_LOCALIZADA,MUJER,27003,CENTLA,3,2026-08-09
27,TABASCO,2026-03,DESAPARECIDA_O_NO_LOCALIZADA,HOMBRE,27004,CENTRO,5,2026-08-09
27,TABASCO,2026-03,DESAPARECIDA_O_NO_LOCALIZADA,MUJER,27004,CENTRO,6,2026-08-09
27,TABASCO,2026-03,DESAPARECIDA_O_NO_LOCALIZADA,HOMBRE,27005,COMALCALCO,1,2026-08-09
27,TABASCO,2026-03,DESAPARECIDA_O_NO_LOCALIZADA,HOMBRE,27006,CUNDUACÁN,2,2026-08-09
27,TABASCO,2026-03,DESAPARECIDA_O_NO_LOCALIZADA,HOMBRE,27008,HUIMANGUILLO,2,2026-08-09
27,TABASCO,2026-03,DESAPARECIDA_O_NO_LOCALIZADA,MUJER,27010,JALPA DE MÉNDEZ,1,2026-08-09
27,TABASCO,2026-03,DESAPARECIDA_O_NO_LOCALIZADA,HOMBRE,27013,NACAJUCA,2,2026-08-09
27,TABASCO,2026-03,DESAPARECIDA_O_NO_LOCALIZADA,MUJER,27014,PARAÍSO,1,2026-08-09
27,TABASCO,2026-03,DESAPARECIDA_O_NO_LOCALIZADA,MUJER,27016,TEAPA,1,2026-08-09
27,TABASCO,2026-03,LOCALIZADA_CON_VIDA,MUJER,27002,CÁRDENAS,4,2026-08-09
27,TABASCO,2026-03,LOCALIZADA_CON_VIDA,MUJER,27003,CENTLA,1,2026-08-09
27,TABASCO,2026-03,LOCALIZADA_CON_VIDA,HOMBRE,27004,CENTRO,3,2026-08-09
27,TABASCO,2026-03,LOCALIZADA_CON_VIDA,MUJER,27004,CENTRO,8,2026-08-09
27,TABASCO,2026-03,LOCALIZADA_CON_VIDA,MUJER,27008,HUIMANGUILLO,1,2026-08-09
27,TABASCO,2026-03,LOCALIZADA_CON_VIDA,MUJER,27010,JALPA DE MÉNDEZ,2,2026-08-09
27,TABASCO,2026-03,LOCALIZADA_CON_VIDA,HOMBRE,27013,NACAJUCA,1,2026-08-09
27,TABASCO,2026-03,LOCALIZADA_CON_VIDA,MUJER,27013,NACAJUCA,2,2026-08-09
27,TABASCO,2026-03,LOCALIZADA_CON_VIDA,HOMBRE,27017,TENOSIQUE,2,2026-08-09
27,TABASCO,2026-03,LOCALIZADA_SIN_VIDA,HOMBRE,27012,MACUSPANA,1,2026-08-09
27,TABASCO,2026-04,DESAPARECIDA_O_NO_LOCALIZADA,HOMBRE,27001,BALANCÁN,1,2026-08-09
27,TABASCO,2026-04,DESAPARECIDA_O_NO_LOCALIZADA,HOMBRE,27002,CÁRDENAS,1,2026-08-09
27,TABASCO,2026-04,DESAPARECIDA_O_NO_LOCALIZADA,MUJER,27002,CÁRDENAS,2,2026-08-09
27,TABASCO,2026-04,DESAPARECIDA_O_NO_LOCALIZADA,HOMBRE,27003,CENTLA,1,2026-08-09
27,TABASCO,2026-04,DESAPARECIDA_O_NO_LOCALIZADA,MUJER,27003,CENTLA,1,2026-08-09
27,TABASCO,2026-04,DESAPARECIDA_O_NO_LOCALIZADA,HOMBRE,27004,CENTRO,8,2026-08-09
27,TABASCO,2026-04,DESAPARECIDA_O_NO_LOCALIZADA,MUJER,27004,CENTRO,7,2026-08-09
27,TABASCO,2026-04,DESAPARECIDA_O_NO_LOCALIZADA,HOMBRE,27006,CUNDUACÁN,1,2026-08-09
27,TABASCO,2026-04,DESAPARECIDA_O_NO_LOCALIZADA,MUJER,27006,CUNDUACÁN,3,2026-08-09
27,TABASCO,2026-04,DESAPARECIDA_O_NO_LOCALIZADA,MUJER,27010,JALPA DE MÉNDEZ,1,2026-08-09
27,TABASCO,2026-04,DESAPARECIDA_O_NO_LOCALIZADA,HOMBRE,27013,NACAJUCA,5,2026-08-09
27,TABASCO,2026-04,DESAPARECIDA_O_NO_LOCALIZADA,MUJER,27013,NACAJUCA,2,2026-08-09
27,TABASCO,2026-04,LOCALIZADA_CON_VIDA,HOMBRE,27003,CENTLA,1,2026-08-09
27,TABASCO,2026-04,LOCALIZADA_CON_VIDA,HOMBRE,27004,CENTRO,1,2026-08-09
27,TABASCO,2026-04,LOCALIZADA_CON_VIDA,MUJER,27004,CENTRO,5,2026-08-09
27,TABASCO,2026-04,LOCALIZADA_CON_VIDA,MUJER,27005,COMALCALCO,1,2026-08-09
27,TABASCO,2026-04,LOCALIZADA_CON_VIDA,HOMBRE,27006,CUNDUACÁN,1,2026-08-09
27,TABASCO,2026-04,LOCALIZADA_CON_VIDA,MUJER,27008,HUIMANGUILLO,1,2026-08-09
27,TABASCO,2026-04,LOCALIZADA_CON_VIDA,MUJER,27012,MACUSPANA,1,2026-08-09
27,TABASCO,2026-04,LOCALIZADA_SIN_VIDA,HOMBRE,27013,NACAJUCA,1,2026-08-09
27,TABASCO,2026-05,DESAPARECIDA_O_NO_LOCALIZADA,MUJER,27002,CÁRDENAS,1,2026-08-09
27,TABASCO,2026-05,DESAPARECIDA_O_NO_LOCALIZADA,HOMBRE,27004,CENTRO,11,2026-08-09
27,TABASCO,2026-05,DESAPARECIDA_O_NO_LOCALIZADA,MUJER,27004,CENTRO,6,2026-08-09
27,TABASCO,2026-05,DESAPARECIDA_O_NO_LOCALIZADA,MUJER,27008,HUIMANGUILLO,1,2026-08-09
27,TABASCO,2026-05,DESAPARECIDA_O_NO_LOCALIZADA,HOMBRE,27011,JONUTA,2,2026-08-09
27,TABASCO,2026-05,DESAPARECIDA_O_NO_LOCALIZADA,HOMBRE,27012,MACUSPANA,1,2026-08-09
27,TABASCO,2026-05,DESAPARECIDA_O_NO_LOCALIZADA,HOMBRE,27013,NACAJUCA,3,2026-08-09
27,TABASCO,2026-05,DESAPARECIDA_O_NO_LOCALIZADA,MUJER,27013,NACAJUCA,1,2026-08-09
27,TABASCO,2026-05,DESAPARECIDA_O_NO_LOCALIZADA,HOMBRE,27014,PARAÍSO,1,2026-08-09
27,TABASCO,2026-05,DESAPARECIDA_O_NO_LOCALIZADA,MUJER,27017,TENOSIQUE,1,2026-08-09
27,TABASCO,2026-05,LOCALIZADA_CON_VIDA,HOMBRE,27004,CENTRO,1,2026-08-09
27,TABASCO,2026-05,LOCALIZADA_CON_VIDA,MUJER,27004,CENTRO,1,2026-08-09
27,TABASCO,2026-05,LOCALIZADA_CON_VIDA,MUJER,27005,COMALCALCO,1,2026-08-09
27,TABASCO,2026-05,LOCALIZADA_CON_VIDA,HOMBRE,27006,CUNDUACÁN,1,2026-08-09
27,TABASCO,2026-05,LOCALIZADA_CON_VIDA,MUJER,27006,CUNDUACÁN,2,2026-08-09
27,TABASCO,2026-05,LOCALIZADA_CON_VIDA,HOMBRE,27014,PARAÍSO,1,2026-08-09
27,TABASCO,2026-05,LOCALIZADA_SIN_VIDA,HOMBRE,27004,CENTRO,1,2026-08-09
27,TABASCO,2026-05,LOCALIZADA_SIN_VIDA,HOMBRE,27013,NACAJUCA,1,2026-08-09
27,TABASCO,2026-06,DESAPARECIDA_O_NO_LOCALIZADA,MUJER,27001,BALANCÁN,1,2026-08-09
27,TABASCO,2026-06,DESAPARECIDA_O_NO_LOCALIZADA,HOMBRE,27002,CÁRDENAS,1,2026-08-09
27,TABASCO,2026-06,DESAPARECIDA_O_NO_LOCALIZADA,MUJER,27002,CÁRDENAS,1,2026-08-09
27,TABASCO,2026-06,DESAPARECIDA_O_NO_LOCALIZADA,MUJER,27003,CENTLA,1,2026-08-09
27,TABASCO,2026-06,DESAPARECIDA_O_NO_LOCALIZADA,HOMBRE,27004,CENTRO,8,2026-08-09
27,TABASCO,2026-06,DESAPARECIDA_O_NO_LOCALIZADA,MUJER,27004,CENTRO,6,2026-08-09
27,TABASCO,2026-06,DESAPARECIDA_O_NO_LOCALIZADA,HOMBRE,27005,COMALCALCO,1,2026-08-09
27,TABASCO,2026-06,DESAPARECIDA_O_NO_LOCALIZADA,MUJER,27005,COMALCALCO,1,2026-08-09
27,TABASCO,2026-06,DESAPARECIDA_O_NO_LOCALIZADA,HOMBRE,27006,CUNDUACÁN,2,2026-08-09
27,TABASCO,2026-06,DESAPARECIDA_O_NO_LOCALIZADA,MUJER,27008,HUIMANGUILLO,2,2026-08-09
27,TABASCO,2026-06,DESAPARECIDA_O_NO_LOCALIZADA,HOMBRE,27013,NACAJUCA,4,2026-08-09
27,TABASCO,2026-06,DESAPARECIDA_O_NO_LOCALIZADA,MUJER,27015,TACOTALPA,1,2026-08-09
27,TABASCO,2026-06,LOCALIZADA_CON_VIDA,HOMBRE,27004,CENTRO,1,2026-08-09
27,TABASCO,2026-06,LOCALIZADA_CON_VIDA,MUJER,27004,CENTRO,3,2026-08-09
27,TABASCO,2026-06,LOCALIZADA_CON_VIDA,MUJER,27008,HUIMANGUILLO,1,2026-08-09
27,TABASCO,2026-06,LOCALIZADA_SIN_VIDA,HOMBRE,27004,CENTRO,1,2026-08-09
27,TABASCO,2026-07,DESAPARECIDA_O_NO_LOCALIZADA,MUJER,27002,CÁRDENAS,3,2026-08-09
27,TABASCO,2026-07,DESAPARECIDA_O_NO_LOCALIZADA,HOMBRE,27004,CENTRO,9,2026-08-09
27,TABASCO,2026-07,DESAPARECIDA_O_NO_LOCALIZADA,MUJER,27004,CENTRO,5,2026-08-09
27,TABASCO,2026-07,DESAPARECIDA_O_NO_LOCALIZADA,HOMBRE,27005,COMALCALCO,1,2026-08-09
27,TABASCO,2026-07,DESAPARECIDA_O_NO_LOCALIZADA,MUJER,27005,COMALCALCO,1,2026-08-09
27,TABASCO,2026-07,DESAPARECIDA_O_NO_LOCALIZADA,HOMBRE,27008,HUIMANGUILLO,1,2026-08-09
27,TABASCO,2026-07,DESAPARECIDA_O_NO_LOCALIZADA,MUJER,27008,HUIMANGUILLO,1,2026-08-09
27,TABASCO,2026-07,DESAPARECIDA_O_NO_LOCALIZADA,MUJER,27009,JALAPA,2,2026-08-09
27,TABASCO,2026-07,DESAPARECIDA_O_NO_LOCALIZADA,HOMBRE,27011,JONUTA,1,2026-08-09
27,TABASCO,2026-07,DESAPARECIDA_O_NO_LOCALIZADA,MUJER,27012,MACUSPANA,1,2026-08-09
27,TABASCO,2026-07,DESAPARECIDA_O_NO_LOCALIZADA,MUJER,27013,NACAJUCA,2,2026-08-09
27,TABASCO,2026-07,DESAPARECIDA_O_NO_LOCALIZADA,HOMBRE,27017,TENOSIQUE,1,2026-08-09
27,TABASCO,SIN_FECHA,DESAPARECIDA_O_NO_LOCALIZADA,,,,13,2026-08-09
27,TABASCO,SIN_FECHA,LOCALIZADA_CON_VIDA,,,,14,2026-08-09
27,TABASCO,SIN_FECHA,LOCALIZADA_SIN_VIDA,,,,1,2026-08-09
28,TAMAULIPAS,2026-01,DESAPARECIDA_O_NO_LOCALIZADA,HOMBRE,28003,ALTAMIRA,2,2026-08-09
28,TAMAULIPAS,2026-01,DESAPARECIDA_O_NO_LOCALIZADA,MUJER,28003,ALTAMIRA,1,2026-08-09
28,TAMAULIPAS,2026-01,DESAPARECIDA_O_NO_LOCALIZADA,HOMBRE,28017,JAUMAVE,1,2026-08-09
28,TAMAULIPAS,2026-01,DESAPARECIDA_O_NO_LOCALIZADA,HOMBRE,28021,EL MANTE,1,2026-08-09
28,TAMAULIPAS,2026-01,DESAPARECIDA_O_NO_LOCALIZADA,HOMBRE,28022,MATAMOROS,1,2026-08-09
28,TAMAULIPAS,2026-01,DESAPARECIDA_O_NO_LOCALIZADA,MUJER,28022,MATAMOROS,2,2026-08-09
28,TAMAULIPAS,2026-01,DESAPARECIDA_O_NO_LOCALIZADA,HOMBRE,28027,NUEVO LAREDO,1,2026-08-09
28,TAMAULIPAS,2026-01,DESAPARECIDA_O_NO_LOCALIZADA,HOMBRE,28032,REYNOSA,8,2026-08-09
28,TAMAULIPAS,2026-01,DESAPARECIDA_O_NO_LOCALIZADA,MUJER,28032,REYNOSA,1,2026-08-09
28,TAMAULIPAS,2026-01,DESAPARECIDA_O_NO_LOCALIZADA,MUJER,28033,RÍO BRAVO,1,2026-08-09
28,TAMAULIPAS,2026-01,LOCALIZADA_CON_VIDA,HOMBRE,28001,ABASOLO,1,2026-08-09
28,TAMAULIPAS,2026-01,LOCALIZADA_CON_VIDA,HOMBRE,28003,ALTAMIRA,1,2026-08-09
28,TAMAULIPAS,2026-01,LOCALIZADA_CON_VIDA,MUJER,28003,ALTAMIRA,3,2026-08-09
28,TAMAULIPAS,2026-01,LOCALIZADA_CON_VIDA,HOMBRE,28009,CIUDAD MADERO,1,2026-08-09
28,TAMAULIPAS,2026-01,LOCALIZADA_CON_VIDA,HOMBRE,28022,MATAMOROS,1,2026-08-09
28,TAMAULIPAS,2026-01,LOCALIZADA_CON_VIDA,HOMBRE,28027,NUEVO LAREDO,7,2026-08-09
28,TAMAULIPAS,2026-01,LOCALIZADA_CON_VIDA,MUJER,28027,NUEVO LAREDO,1,2026-08-09
28,TAMAULIPAS,2026-01,LOCALIZADA_CON_VIDA,HOMBRE,28032,REYNOSA,8,2026-08-09
28,TAMAULIPAS,2026-01,LOCALIZADA_CON_VIDA,MUJER,28032,REYNOSA,5,2026-08-09
28,TAMAULIPAS,2026-01,LOCALIZADA_CON_VIDA,MUJER,28033,RÍO BRAVO,1,2026-08-09
28,TAMAULIPAS,2026-01,LOCALIZADA_CON_VIDA,MUJER,28038,TAMPICO,1,2026-08-09
28,TAMAULIPAS,2026-01,LOCALIZADA_CON_VIDA,HOMBRE,28039,TULA,1,2026-08-09
28,TAMAULIPAS,2026-01,LOCALIZADA_CON_VIDA,HOMBRE,28041,VICTORIA,7,2026-08-09
28,TAMAULIPAS,2026-01,LOCALIZADA_CON_VIDA,MUJER,28041,VICTORIA,2,2026-08-09
28,TAMAULIPAS,2026-01,LOCALIZADA_CON_VIDA,HOMBRE,28043,XICOTÉNCATL,3,2026-08-09
28,TAMAULIPAS,2026-01,LOCALIZADA_CON_VIDA,MUJER,28043,XICOTÉNCATL,1,2026-08-09
28,TAMAULIPAS,2026-01,LOCALIZADA_SIN_VIDA,HOMBRE,28021,EL MANTE,1,2026-08-09
28,TAMAULIPAS,2026-01,LOCALIZADA_SIN_VIDA,HOMBRE,28038,TAMPICO,1,2026-08-09
28,TAMAULIPAS,2026-01,LOCALIZADA_SIN_VIDA,HOMBRE,28041,VICTORIA,2,2026-08-09
28,TAMAULIPAS,2026-02,DESAPARECIDA_O_NO_LOCALIZADA,HOMBRE,28007,CAMARGO,1,2026-08-09
28,TAMAULIPAS,2026-02,DESAPARECIDA_O_NO_LOCALIZADA,HOMBRE,28012,GONZÁLEZ,1,2026-08-09
28,TAMAULIPAS,2026-02,DESAPARECIDA_O_NO_LOCALIZADA,HOMBRE,28021,EL MANTE,1,2026-08-09
28,TAMAULIPAS,2026-02,DESAPARECIDA_O_NO_LOCALIZADA,HOMBRE,28022,MATAMOROS,3,2026-08-09
28,TAMAULIPAS,2026-02,DESAPARECIDA_O_NO_LOCALIZADA,HOMBRE,28027,NUEVO LAREDO,6,2026-08-09
28,TAMAULIPAS,2026-02,DESAPARECIDA_O_NO_LOCALIZADA,MUJER,28027,NUEVO LAREDO,2,2026-08-09
28,TAMAULIPAS,2026-02,DESAPARECIDA_O_NO_LOCALIZADA,MUJER,28032,REYNOSA,2,2026-08-09
28,TAMAULIPAS,2026-02,DESAPARECIDA_O_NO_LOCALIZADA,HOMBRE,28037,SOTO LA MARINA,1,2026-08-09
28,TAMAULIPAS,2026-02,DESAPARECIDA_O_NO_LOCALIZADA,HOMBRE,28038,TAMPICO,1,2026-08-09
28,TAMAULIPAS,2026-02,DESAPARECIDA_O_NO_LOCALIZADA,MUJER,28040,VALLE HERMOSO,1,2026-08-09
28,TAMAULIPAS,2026-02,DESAPARECIDA_O_NO_LOCALIZADA,HOMBRE,28041,VICTORIA,2,2026-08-09
28,TAMAULIPAS,2026-02,DESAPARECIDA_O_NO_LOCALIZADA,MUJER,28041,VICTORIA,2,2026-08-09
28,TAMAULIPAS,2026-02,LOCALIZADA_CON_VIDA,HOMBRE,28003,ALTAMIRA,1,2026-08-09
28,TAMAULIPAS,2026-02,LOCALIZADA_CON_VIDA,MUJER,28003,ALTAMIRA,3,2026-08-09
28,TAMAULIPAS,2026-02,LOCALIZADA_CON_VIDA,HOMBRE,28009,CIUDAD MADERO,2,2026-08-09
28,TAMAULIPAS,2026-02,LOCALIZADA_CON_VIDA,MUJER,28016,HIDALGO,1,2026-08-09
28,TAMAULIPAS,2026-02,LOCALIZADA_CON_VIDA,HOMBRE,28017,JAUMAVE,1,2026-08-09
28,TAMAULIPAS,2026-02,LOCALIZADA_CON_VIDA,HOMBRE,28021,EL MANTE,1,2026-08-09
28,TAMAULIPAS,2026-02,LOCALIZADA_CON_VIDA,HOMBRE,28022,MATAMOROS,7,2026-08-09
28,TAMAULIPAS,2026-02,LOCALIZADA_CON_VIDA,MUJER,28022,MATAMOROS,1,2026-08-09
28,TAMAULIPAS,2026-02,LOCALIZADA_CON_VIDA,MUJER,28024,MIER,3,2026-08-09
28,TAMAULIPAS,2026-02,LOCALIZADA_CON_VIDA,HOMBRE,28027,NUEVO LAREDO,3,2026-08-09
28,TAMAULIPAS,2026-02,LOCALIZADA_CON_VIDA,MUJER,28027,NUEVO LAREDO,1,2026-08-09
28,TAMAULIPAS,2026-02,LOCALIZADA_CON_VIDA,HOMBRE,28032,REYNOSA,16,2026-08-09
28,TAMAULIPAS,2026-02,LOCALIZADA_CON_VIDA,MUJER,28032,REYNOSA,5,2026-08-09
28,TAMAULIPAS,2026-02,LOCALIZADA_CON_VIDA,HOMBRE,28033,RÍO BRAVO,1,2026-08-09
28,TAMAULIPAS,2026-02,LOCALIZADA_CON_VIDA,HOMBRE,28038,TAMPICO,2,2026-08-09
28,TAMAULIPAS,2026-02,LOCALIZADA_CON_VIDA,MUJER,28038,TAMPICO,3,2026-08-09
28,TAMAULIPAS,2026-02,LOCALIZADA_CON_VIDA,HOMBRE,28041,VICTORIA,7,2026-08-09
28,TAMAULIPAS,2026-02,LOCALIZADA_CON_VIDA,MUJER,28041,VICTORIA,8,2026-08-09
28,TAMAULIPAS,2026-02,LOCALIZADA_SIN_VIDA,MUJER,28032,REYNOSA,1,2026-08-09
28,TAMAULIPAS,2026-03,DESAPARECIDA_O_NO_LOCALIZADA,HOMBRE,28003,ALTAMIRA,1,2026-08-09
28,TAMAULIPAS,2026-03,DESAPARECIDA_O_NO_LOCALIZADA,HOMBRE,28022,MATAMOROS,2,2026-08-09
28,TAMAULIPAS,2026-03,DESAPARECIDA_O_NO_LOCALIZADA,HOMBRE,28025,MIGUEL ALEMÁN,1,2026-08-09
28,TAMAULIPAS,2026-03,DESAPARECIDA_O_NO_LOCALIZADA,HOMBRE,28027,NUEVO LAREDO,4,2026-08-09
28,TAMAULIPAS,2026-03,DESAPARECIDA_O_NO_LOCALIZADA,MUJER,28027,NUEVO LAREDO,1,2026-08-09
28,TAMAULIPAS,2026-03,DESAPARECIDA_O_NO_LOCALIZADA,HOMBRE,28032,REYNOSA,11,2026-08-09
28,TAMAULIPAS,2026-03,DESAPARECIDA_O_NO_LOCALIZADA,HOMBRE,28035,SAN FERNANDO,1,2026-08-09
28,TAMAULIPAS,2026-03,DESAPARECIDA_O_NO_LOCALIZADA,MUJER,28035,SAN FERNANDO,1,2026-08-09
28,TAMAULIPAS,2026-03,DESAPARECIDA_O_NO_LOCALIZADA,HOMBRE,28037,SOTO LA MARINA,1,2026-08-09
28,TAMAULIPAS,2026-03,DESAPARECIDA_O_NO_LOCALIZADA,HOMBRE,28038,TAMPICO,1,2026-08-09
28,TAMAULIPAS,2026-03,DESAPARECIDA_O_NO_LOCALIZADA,HOMBRE,28040,VALLE HERMOSO,1,2026-08-09
28,TAMAULIPAS,2026-03,DESAPARECIDA_O_NO_LOCALIZADA,HOMBRE,28041,VICTORIA,1,2026-08-09
28,TAMAULIPAS,2026-03,LOCALIZADA_CON_VIDA,HOMBRE,28003,ALTAMIRA,3,2026-08-09
28,TAMAULIPAS,2026-03,LOCALIZADA_CON_VIDA,MUJER,28003,ALTAMIRA,2,2026-08-09
28,TAMAULIPAS,2026-03,LOCALIZADA_CON_VIDA,MUJER,28009,CIUDAD MADERO,3,2026-08-09
28,TAMAULIPAS,2026-03,LOCALIZADA_CON_VIDA,HOMBRE,28012,GONZÁLEZ,1,2026-08-09
28,TAMAULIPAS,2026-03,LOCALIZADA_CON_VIDA,HOMBRE,28021,EL MANTE,2,2026-08-09
28,TAMAULIPAS,2026-03,LOCALIZADA_CON_VIDA,HOMBRE,28022,MATAMOROS,7,2026-08-09
28,TAMAULIPAS,2026-03,LOCALIZADA_CON_VIDA,MUJER,28022,MATAMOROS,14,2026-08-09
28,TAMAULIPAS,2026-03,LOCALIZADA_CON_VIDA,MUJER,28025,MIGUEL ALEMÁN,1,2026-08-09
28,TAMAULIPAS,2026-03,LOCALIZADA_CON_VIDA,HOMBRE,28027,NUEVO LAREDO,5,2026-08-09
28,TAMAULIPAS,2026-03,LOCALIZADA_CON_VIDA,HOMBRE,28032,REYNOSA,18,2026-08-09
28,TAMAULIPAS,2026-03,LOCALIZADA_CON_VIDA,MUJER,28032,REYNOSA,5,2026-08-09
28,TAMAULIPAS,2026-03,LOCALIZADA_CON_VIDA,HOMBRE,28033,RÍO BRAVO,1,2026-08-09
28,TAMAULIPAS,2026-03,LOCALIZADA_CON_VIDA,HOMBRE,28038,TAMPICO,2,2026-08-09
28,TAMAULIPAS,2026-03,LOCALIZADA_CON_VIDA,MUJER,28038,TAMPICO,4,2026-08-09
28,TAMAULIPAS,2026-03,LOCALIZADA_CON_VIDA,MUJER,28039,TULA,1,2026-08-09
28,TAMAULIPAS,2026-03,LOCALIZADA_CON_VIDA,HOMBRE,28041,VICTORIA,5,2026-08-09
28,TAMAULIPAS,2026-03,LOCALIZADA_CON_VIDA,MUJER,28041,VICTORIA,3,2026-08-09
28,TAMAULIPAS,2026-03,LOCALIZADA_CON_VIDA,MUJER,28043,XICOTÉNCATL,1,2026-08-09
28,TAMAULIPAS,2026-03,LOCALIZADA_SIN_VIDA,HOMBRE,28032,REYNOSA,1,2026-08-09
28,TAMAULIPAS,2026-03,LOCALIZADA_SIN_VIDA,HOMBRE,28038,TAMPICO,1,2026-08-09
28,TAMAULIPAS,2026-04,DESAPARECIDA_O_NO_LOCALIZADA,HOMBRE,28003,ALTAMIRA,2,2026-08-09
28,TAMAULIPAS,2026-04,DESAPARECIDA_O_NO_LOCALIZADA,MUJER,28003,ALTAMIRA,1,2026-08-09
28,TAMAULIPAS,2026-04,DESAPARECIDA_O_NO_LOCALIZADA,HOMBRE,28016,HIDALGO,1,2026-08-09
28,TAMAULIPAS,2026-04,DESAPARECIDA_O_NO_LOCALIZADA,HOMBRE,28022,MATAMOROS,5,2026-08-09
28,TAMAULIPAS,2026-04,DESAPARECIDA_O_NO_LOCALIZADA,MUJER,28022,MATAMOROS,1,2026-08-09
28,TAMAULIPAS,2026-04,DESAPARECIDA_O_NO_LOCALIZADA,HOMBRE,28025,MIGUEL ALEMÁN,2,2026-08-09
28,TAMAULIPAS,2026-04,DESAPARECIDA_O_NO_LOCALIZADA,HOMBRE,28027,NUEVO LAREDO,1,2026-08-09
28,TAMAULIPAS,2026-04,DESAPARECIDA_O_NO_LOCALIZADA,HOMBRE,28032,REYNOSA,10,2026-08-09
28,TAMAULIPAS,2026-04,DESAPARECIDA_O_NO_LOCALIZADA,MUJER,28032,REYNOSA,1,2026-08-09
28,TAMAULIPAS,2026-04,DESAPARECIDA_O_NO_LOCALIZADA,HOMBRE,28033,RÍO BRAVO,1,2026-08-09
28,TAMAULIPAS,2026-04,DESAPARECIDA_O_NO_LOCALIZADA,HOMBRE,28035,SAN FERNANDO,1,2026-08-09
28,TAMAULIPAS,2026-04,DESAPARECIDA_O_NO_LOCALIZADA,HOMBRE,28038,TAMPICO,1,2026-08-09
28,TAMAULIPAS,2026-04,DESAPARECIDA_O_NO_LOCALIZADA,MUJER,28039,TULA,1,2026-08-09
28,TAMAULIPAS,2026-04,LOCALIZADA_CON_VIDA,HOMBRE,28003,ALTAMIRA,4,2026-08-09
28,TAMAULIPAS,2026-04,LOCALIZADA_CON_VIDA,MUJER,28003,ALTAMIRA,2,2026-08-09
28,TAMAULIPAS,2026-04,LOCALIZADA_CON_VIDA,HOMBRE,28009,CIUDAD MADERO,1,2026-08-09
28,TAMAULIPAS,2026-04,LOCALIZADA_CON_VIDA,MUJER,28009,CIUDAD MADERO,3,2026-08-09
28,TAMAULIPAS,2026-04,LOCALIZADA_CON_VIDA,MUJER,28021,EL MANTE,2,2026-08-09
28,TAMAULIPAS,2026-04,LOCALIZADA_CON_VIDA,HOMBRE,28022,MATAMOROS,13,2026-08-09
28,TAMAULIPAS,2026-04,LOCALIZADA_CON_VIDA,MUJER,28022,MATAMOROS,2,2026-08-09
28,TAMAULIPAS,2026-04,LOCALIZADA_CON_VIDA,HOMBRE,28027,NUEVO LAREDO,3,2026-08-09
28,TAMAULIPAS,2026-04,LOCALIZADA_CON_VIDA,MUJER,28027,NUEVO LAREDO,3,2026-08-09
28,TAMAULIPAS,2026-04,LOCALIZADA_CON_VIDA,HOMBRE,28032,REYNOSA,20,2026-08-09
28,TAMAULIPAS,2026-04,LOCALIZADA_CON_VIDA,MUJER,28032,REYNOSA,4,2026-08-09
28,TAMAULIPAS,2026-04,LOCALIZADA_CON_VIDA,HOMBRE,28035,SAN FERNANDO,1,2026-08-09
28,TAMAULIPAS,2026-04,LOCALIZADA_CON_VIDA,MUJER,28037,SOTO LA MARINA,1,2026-08-09
28,TAMAULIPAS,2026-04,LOCALIZADA_CON_VIDA,HOMBRE,28038,TAMPICO,2,2026-08-09
28,TAMAULIPAS,2026-04,LOCALIZADA_CON_VIDA,MUJER,28038,TAMPICO,3,2026-08-09
28,TAMAULIPAS,2026-04,LOCALIZADA_CON_VIDA,HOMBRE,28040,VALLE HERMOSO,1,2026-08-09
28,TAMAULIPAS,2026-04,LOCALIZADA_CON_VIDA,HOMBRE,28041,VICTORIA,5,2026-08-09
28,TAMAULIPAS,2026-04,LOCALIZADA_CON_VIDA,MUJER,28041,VICTORIA,6,2026-08-09
28,TAMAULIPAS,2026-05,DESAPARECIDA_O_NO_LOCALIZADA,HOMBRE,28003,ALTAMIRA,2,2026-08-09
28,TAMAULIPAS,2026-05,DESAPARECIDA_O_NO_LOCALIZADA,HOMBRE,28007,CAMARGO,1,2026-08-09
28,TAMAULIPAS,2026-05,DESAPARECIDA_O_NO_LOCALIZADA,HOMBRE,28022,MATAMOROS,7,2026-08-09
28,TAMAULIPAS,2026-05,DESAPARECIDA_O_NO_LOCALIZADA,HOMBRE,28025,MIGUEL ALEMÁN,2,2026-08-09
28,TAMAULIPAS,2026-05,DESAPARECIDA_O_NO_LOCALIZADA,MUJER,28025,MIGUEL ALEMÁN,1,2026-08-09
28,TAMAULIPAS,2026-05,DESAPARECIDA_O_NO_LOCALIZADA,HOMBRE,28027,NUEVO LAREDO,8,2026-08-09
28,TAMAULIPAS,2026-05,DESAPARECIDA_O_NO_LOCALIZADA,HOMBRE,28028,NUEVO MORELOS,1,2026-08-09
28,TAMAULIPAS,2026-05,DESAPARECIDA_O_NO_LOCALIZADA,HOMBRE,28032,REYNOSA,3,2026-08-09
28,TAMAULIPAS,2026-05,DESAPARECIDA_O_NO_LOCALIZADA,MUJER,28032,REYNOSA,2,2026-08-09
28,TAMAULIPAS,2026-05,DESAPARECIDA_O_NO_LOCALIZADA,MUJER,28033,RÍO BRAVO,1,2026-08-09
28,TAMAULIPAS,2026-05,DESAPARECIDA_O_NO_LOCALIZADA,HOMBRE,28041,VICTORIA,10,2026-08-09
28,TAMAULIPAS,2026-05,DESAPARECIDA_O_NO_LOCALIZADA,MUJER,28041,VICTORIA,1,2026-08-09
28,TAMAULIPAS,2026-05,LOCALIZADA_CON_VIDA,HOMBRE,28003,ALTAMIRA,1,2026-08-09
28,TAMAULIPAS,2026-05,LOCALIZADA_CON_VIDA,MUJER,28003,ALTAMIRA,2,2026-08-09
28,TAMAULIPAS,2026-05,LOCALIZADA_CON_VIDA,HOMBRE,28009,CIUDAD MADERO,2,2026-08-09
28,TAMAULIPAS,2026-05,LOCALIZADA_CON_VIDA,MUJER,28016,HIDALGO,1,2026-08-09
28,TAMAULIPAS,2026-05,LOCALIZADA_CON_VIDA,HOMBRE,28021,EL MANTE,3,2026-08-09
28,TAMAULIPAS,2026-05,LOCALIZADA_CON_VIDA,MUJER,28021,EL MANTE,1,2026-08-09
28,TAMAULIPAS,2026-05,LOCALIZADA_CON_VIDA,HOMBRE,28022,MATAMOROS,4,2026-08-09
28,TAMAULIPAS,2026-05,LOCALIZADA_CON_VIDA,MUJER,28022,MATAMOROS,3,2026-08-09
28,TAMAULIPAS,2026-05,LOCALIZADA_CON_VIDA,HOMBRE,28027,NUEVO LAREDO,1,2026-08-09
28,TAMAULIPAS,2026-05,LOCALIZADA_CON_VIDA,MUJER,28027,NUEVO LAREDO,2,2026-08-09
28,TAMAULIPAS,2026-05,LOCALIZADA_CON_VIDA,MUJER,28030,PADILLA,2,2026-08-09
28,TAMAULIPAS,2026-05,LOCALIZADA_CON_VIDA,HOMBRE,28032,REYNOSA,17,2026-08-09
28,TAMAULIPAS,2026-05,LOCALIZADA_CON_VIDA,MUJER,28032,REYNOSA,6,2026-08-09
28,TAMAULIPAS,2026-05,LOCALIZADA_CON_VIDA,HOMBRE,28035,SAN FERNANDO,1,2026-08-09
28,TAMAULIPAS,2026-05,LOCALIZADA_CON_VIDA,MUJER,28035,SAN FERNANDO,1,2026-08-09
28,TAMAULIPAS,2026-05,LOCALIZADA_CON_VIDA,HOMBRE,28038,TAMPICO,5,2026-08-09
28,TAMAULIPAS,2026-05,LOCALIZADA_CON_VIDA,MUJER,28038,TAMPICO,2,2026-08-09
28,TAMAULIPAS,2026-05,LOCALIZADA_CON_VIDA,HOMBRE,28041,VICTORIA,8,2026-08-09
28,TAMAULIPAS,2026-05,LOCALIZADA_CON_VIDA,MUJER,28041,VICTORIA,6,2026-08-09
28,TAMAULIPAS,2026-05,LOCALIZADA_CON_VIDA,HOMBRE,28043,XICOTÉNCATL,1,2026-08-09
28,TAMAULIPAS,2026-05,LOCALIZADA_SIN_VIDA,HOMBRE,28032,REYNOSA,1,2026-08-09
28,TAMAULIPAS,2026-05,LOCALIZADA_SIN_VIDA,MUJER,28032,REYNOSA,1,2026-08-09
28,TAMAULIPAS,2026-05,LOCALIZADA_SIN_VIDA,HOMBRE,28041,VICTORIA,1,2026-08-09
28,TAMAULIPAS,2026-06,DESAPARECIDA_O_NO_LOCALIZADA,HOMBRE,28003,ALTAMIRA,1,2026-08-09
28,TAMAULIPAS,2026-06,DESAPARECIDA_O_NO_LOCALIZADA,HOMBRE,28010,CRUILLAS,1,2026-08-09
28,TAMAULIPAS,2026-06,DESAPARECIDA_O_NO_LOCALIZADA,HOMBRE,28019,LLERA,1,2026-08-09
28,TAMAULIPAS,2026-06,DESAPARECIDA_O_NO_LOCALIZADA,MUJER,28019,LLERA,1,2026-08-09
28,TAMAULIPAS,2026-06,DESAPARECIDA_O_NO_LOCALIZADA,MUJER,28021,EL MANTE,1,2026-08-09
28,TAMAULIPAS,2026-06,DESAPARECIDA_O_NO_LOCALIZADA,HOMBRE,28022,MATAMOROS,2,2026-08-09
28,TAMAULIPAS,2026-06,DESAPARECIDA_O_NO_LOCALIZADA,MUJER,28022,MATAMOROS,1,2026-08-09
28,TAMAULIPAS,2026-06,DESAPARECIDA_O_NO_LOCALIZADA,HOMBRE,28025,MIGUEL ALEMÁN,1,2026-08-09
28,TAMAULIPAS,2026-06,DESAPARECIDA_O_NO_LOCALIZADA,HOMBRE,28027,NUEVO LAREDO,3,2026-08-09
28,TAMAULIPAS,2026-06,DESAPARECIDA_O_NO_LOCALIZADA,HOMBRE,28032,REYNOSA,5,2026-08-09
28,TAMAULIPAS,2026-06,DESAPARECIDA_O_NO_LOCALIZADA,MUJER,28032,REYNOSA,1,2026-08-09
28,TAMAULIPAS,2026-06,DESAPARECIDA_O_NO_LOCALIZADA,HOMBRE,28038,TAMPICO,1,2026-08-09
28,TAMAULIPAS,2026-06,DESAPARECIDA_O_NO_LOCALIZADA,HOMBRE,28041,VICTORIA,6,2026-08-09
28,TAMAULIPAS,2026-06,DESAPARECIDA_O_NO_LOCALIZADA,MUJER,28041,VICTORIA,1,2026-08-09
28,TAMAULIPAS,2026-06,LOCALIZADA_CON_VIDA,HOMBRE,28003,ALTAMIRA,1,2026-08-09
28,TAMAULIPAS,2026-06,LOCALIZADA_CON_VIDA,MUJER,28003,ALTAMIRA,1,2026-08-09
28,TAMAULIPAS,2026-06,LOCALIZADA_CON_VIDA,HOMBRE,28009,CIUDAD MADERO,2,2026-08-09
28,TAMAULIPAS,2026-06,LOCALIZADA_CON_VIDA,MUJER,28013,GÜÉMEZ,2,2026-08-09
28,TAMAULIPAS,2026-06,LOCALIZADA_CON_VIDA,HOMBRE,28017,JAUMAVE,2,2026-08-09
28,TAMAULIPAS,2026-06,LOCALIZADA_CON_VIDA,HOMBRE,28022,MATAMOROS,8,2026-08-09
28,TAMAULIPAS,2026-06,LOCALIZADA_CON_VIDA,MUJER,28022,MATAMOROS,3,2026-08-09
28,TAMAULIPAS,2026-06,LOCALIZADA_CON_VIDA,HOMBRE,28027,NUEVO LAREDO,3,2026-08-09
28,TAMAULIPAS,2026-06,LOCALIZADA_CON_VIDA,MUJER,28027,NUEVO LAREDO,1,2026-08-09
28,TAMAULIPAS,2026-06,LOCALIZADA_CON_VIDA,HOMBRE,28029,OCAMPO,1,2026-08-09
28,TAMAULIPAS,2026-06,LOCALIZADA_CON_VIDA,HOMBRE,28032,REYNOSA,18,2026-08-09
28,TAMAULIPAS,2026-06,LOCALIZADA_CON_VIDA,MUJER,28032,REYNOSA,10,2026-08-09
28,TAMAULIPAS,2026-06,LOCALIZADA_CON_VIDA,HOMBRE,28033,RÍO BRAVO,1,2026-08-09
28,TAMAULIPAS,2026-06,LOCALIZADA_CON_VIDA,MUJER,28033,RÍO BRAVO,1,2026-08-09
28,TAMAULIPAS,2026-06,LOCALIZADA_CON_VIDA,HOMBRE,28035,SAN FERNANDO,1,2026-08-09
28,TAMAULIPAS,2026-06,LOCALIZADA_CON_VIDA,MUJER,28035,SAN FERNANDO,1,2026-08-09
28,TAMAULIPAS,2026-06,LOCALIZADA_CON_VIDA,HOMBRE,28038,TAMPICO,2,2026-08-09
28,TAMAULIPAS,2026-06,LOCALIZADA_CON_VIDA,MUJER,28038,TAMPICO,2,2026-08-09
28,TAMAULIPAS,2026-06,LOCALIZADA_CON_VIDA,HOMBRE,28040,VALLE HERMOSO,1,2026-08-09
28,TAMAULIPAS,2026-06,LOCALIZADA_CON_VIDA,HOMBRE,28041,VICTORIA,5,2026-08-09
28,TAMAULIPAS,2026-06,LOCALIZADA_CON_VIDA,MUJER,28041,VICTORIA,6,2026-08-09
28,TAMAULIPAS,2026-06,LOCALIZADA_SIN_VIDA,HOMBRE,28038,TAMPICO,1,2026-08-09
28,TAMAULIPAS,2026-06,LOCALIZADA_SIN_VIDA,HOMBRE,28041,VICTORIA,1,2026-08-09
28,TAMAULIPAS,2026-07,DESAPARECIDA_O_NO_LOCALIZADA,HOMBRE,28003,ALTAMIRA,3,2026-08-09
28,TAMAULIPAS,2026-07,DESAPARECIDA_O_NO_LOCALIZADA,HOMBRE,28007,CAMARGO,1,2026-08-09
28,TAMAULIPAS,2026-07,DESAPARECIDA_O_NO_LOCALIZADA,HOMBRE,28009,CIUDAD MADERO,5,2026-08-09
28,TAMAULIPAS,2026-07,DESAPARECIDA_O_NO_LOCALIZADA,HOMBRE,28022,MATAMOROS,1,2026-08-09
28,TAMAULIPAS,2026-07,DESAPARECIDA_O_NO_LOCALIZADA,MUJER,28022,MATAMOROS,1,2026-08-09
28,TAMAULIPAS,2026-07,DESAPARECIDA_O_NO_LOCALIZADA,HOMBRE,28025,MIGUEL ALEMÁN,1,2026-08-09
28,TAMAULIPAS,2026-07,DESAPARECIDA_O_NO_LOCALIZADA,HOMBRE,28027,NUEVO LAREDO,2,2026-08-09
28,TAMAULIPAS,2026-07,DESAPARECIDA_O_NO_LOCALIZADA,MUJER,28027,NUEVO LAREDO,1,2026-08-09
28,TAMAULIPAS,2026-07,DESAPARECIDA_O_NO_LOCALIZADA,HOMBRE,28032,REYNOSA,11,2026-08-09
28,TAMAULIPAS,2026-07,DESAPARECIDA_O_NO_LOCALIZADA,MUJER,28032,REYNOSA,1,2026-08-09
28,TAMAULIPAS,2026-07,DESAPARECIDA_O_NO_LOCALIZADA,HOMBRE,28038,TAMPICO,2,2026-08-09
28,TAMAULIPAS,2026-07,DESAPARECIDA_O_NO_LOCALIZADA,HOMBRE,28041,VICTORIA,3,2026-08-09
28,TAMAULIPAS,2026-07,DESAPARECIDA_O_NO_LOCALIZADA,MUJER,28041,VICTORIA,2,2026-08-09
28,TAMAULIPAS,2026-07,LOCALIZADA_CON_VIDA,HOMBRE,28003,ALTAMIRA,1,2026-08-09
28,TAMAULIPAS,2026-07,LOCALIZADA_CON_VIDA,MUJER,28003,ALTAMIRA,2,2026-08-09
28,TAMAULIPAS,2026-07,LOCALIZADA_CON_VIDA,HOMBRE,28009,CIUDAD MADERO,2,2026-08-09
28,TAMAULIPAS,2026-07,LOCALIZADA_CON_VIDA,HOMBRE,28022,MATAMOROS,7,2026-08-09
28,TAMAULIPAS,2026-07,LOCALIZADA_CON_VIDA,MUJER,28022,MATAMOROS,3,2026-08-09
28,TAMAULIPAS,2026-07,LOCALIZADA_CON_VIDA,HOMBRE,28027,NUEVO LAREDO,1,2026-08-09
28,TAMAULIPAS,2026-07,LOCALIZADA_CON_VIDA,HOMBRE,28032,REYNOSA,10,2026-08-09
28,TAMAULIPAS,2026-07,LOCALIZADA_CON_VIDA,MUJER,28032,REYNOSA,6,2026-08-09
28,TAMAULIPAS,2026-07,LOCALIZADA_CON_VIDA,HOMBRE,28038,TAMPICO,2,2026-08-09
28,TAMAULIPAS,2026-07,LOCALIZADA_CON_VIDA,MUJER,28038,TAMPICO,3,2026-08-09
28,TAMAULIPAS,2026-07,LOCALIZADA_CON_VIDA,HOMBRE,28040,VALLE HERMOSO,2,2026-08-09
28,TAMAULIPAS,2026-07,LOCALIZADA_CON_VIDA,MUJER,28040,VALLE HERMOSO,1,2026-08-09
28,TAMAULIPAS,2026-07,LOCALIZADA_CON_VIDA,HOMBRE,28041,VICTORIA,10,2026-08-09
28,TAMAULIPAS,2026-07,LOCALIZADA_CON_VIDA,MUJER,28041,VICTORIA,6,2026-08-09
28,TAMAULIPAS,2026-07,LOCALIZADA_SIN_VIDA,HOMBRE,28041,VICTORIA,2,2026-08-09
28,TAMAULIPAS,SIN_FECHA,DESAPARECIDA_O_NO_LOCALIZADA,,,,1231,2026-08-09
28,TAMAULIPAS,SIN_FECHA,LOCALIZADA_CON_VIDA,,,,90,2026-08-09
28,TAMAULIPAS,SIN_FECHA,LOCALIZADA_SIN_VIDA,,,,60,2026-08-09
29,TLAXCALA,2026-01,LOCALIZADA_CON_VIDA,MUJER,29005,APIZACO,2,2026-08-09
29,TLAXCALA,2026-01,LOCALIZADA_CON_VIDA,HOMBRE,29008,CUAPIAXTLA,1,2026-08-09
29,TLAXCALA,2026-01,LOCALIZADA_CON_VIDA,HOMBRE,29010,CHIAUTEMPAN,1,2026-08-09
29,TLAXCALA,2026-01,LOCALIZADA_CON_VIDA,HOMBRE,29019,TEPETITLA DE LARDIZÁBAL,1,2026-08-09
29,TLAXCALA,2026-01,LOCALIZADA_CON_VIDA,MUJER,29026,SANTA CRUZ TLAXCALA,1,2026-08-09
29,TLAXCALA,2026-01,LOCALIZADA_CON_VIDA,MUJER,29031,TETLA DE LA SOLIDARIDAD,1,2026-08-09
29,TLAXCALA,2026-01,LOCALIZADA_CON_VIDA,MUJER,29041,PAPALOTLA DE XICOHTÉNCATL,1,2026-08-09
29,TLAXCALA,2026-01,LOCALIZADA_CON_VIDA,MUJER,29045,BENITO JUÁREZ,1,2026-08-09
29,TLAXCALA,2026-02,DESAPARECIDA_O_NO_LOCALIZADA,HOMBRE,29006,CALPULALPAN,1,2026-08-09
29,TLAXCALA,2026-02,DESAPARECIDA_O_NO_LOCALIZADA,MUJER,29021,NANACAMILPA DE MARIANO ARISTA,1,2026-08-09
29,TLAXCALA,2026-02,LOCALIZADA_CON_VIDA,MUJER,29002,APETATITLÁN DE ANTONIO CARVAJAL,1,2026-08-09
29,TLAXCALA,2026-02,LOCALIZADA_CON_VIDA,HOMBRE,29005,APIZACO,1,2026-08-09
29,TLAXCALA,2026-02,LOCALIZADA_CON_VIDA,MUJER,29005,APIZACO,1,2026-08-09
29,TLAXCALA,2026-02,LOCALIZADA_CON_VIDA,MUJER,29006,CALPULALPAN,1,2026-08-09
29,TLAXCALA,2026-02,LOCALIZADA_CON_VIDA,MUJER,29015,IXTACUIXTLA DE MARIANO MATAMOROS,1,2026-08-09
29,TLAXCALA,2026-02,LOCALIZADA_CON_VIDA,MUJER,29018,CONTLA DE JUAN CUAMATZI,1,2026-08-09
29,TLAXCALA,2026-02,LOCALIZADA_CON_VIDA,MUJER,29025,SAN PABLO DEL MONTE,3,2026-08-09
29,TLAXCALA,2026-02,LOCALIZADA_CON_VIDA,HOMBRE,29026,SANTA CRUZ TLAXCALA,1,2026-08-09
29,TLAXCALA,2026-02,LOCALIZADA_CON_VIDA,MUJER,29033,TLAXCALA,1,2026-08-09
29,TLAXCALA,2026-02,LOCALIZADA_CON_VIDA,HOMBRE,29054,SAN LORENZO AXOCOMANITLA,1,2026-08-09
29,TLAXCALA,2026-03,DESAPARECIDA_O_NO_LOCALIZADA,HOMBRE,29030,TERRENATE,1,2026-08-09
29,TLAXCALA,2026-03,DESAPARECIDA_O_NO_LOCALIZADA,MUJER,29044,ZACATELCO,1,2026-08-09
29,TLAXCALA,2026-03,LOCALIZADA_CON_VIDA,MUJER,29003,ATLANGATEPEC,1,2026-08-09
29,TLAXCALA,2026-03,LOCALIZADA_CON_VIDA,HOMBRE,29005,APIZACO,1,2026-08-09
29,TLAXCALA,2026-03,LOCALIZADA_CON_VIDA,HOMBRE,29015,IXTACUIXTLA DE MARIANO MATAMOROS,1,2026-08-09
29,TLAXCALA,2026-03,LOCALIZADA_CON_VIDA,MUJER,29018,CONTLA DE JUAN CUAMATZI,1,2026-08-09
29,TLAXCALA,2026-03,LOCALIZADA_CON_VIDA,MUJER,29024,PANOTLA,1,2026-08-09
29,TLAXCALA,2026-03,LOCALIZADA_CON_VIDA,MUJER,29041,PAPALOTLA DE XICOHTÉNCATL,1,2026-08-09
29,TLAXCALA,2026-03,LOCALIZADA_CON_VIDA,MUJER,29049,SAN DAMIÁN TEXOLOC,2,2026-08-09
29,TLAXCALA,2026-03,LOCALIZADA_CON_VIDA,MUJER,29052,SAN JOSÉ TEACALCO,1,2026-08-09
29,TLAXCALA,2026-03,LOCALIZADA_CON_VIDA,HOMBRE,29053,SAN JUAN HUACTZINCO,1,2026-08-09
29,TLAXCALA,2026-03,LOCALIZADA_CON_VIDA,MUJER,29059,SANTA CRUZ QUILEHTLA,1,2026-08-09
29,TLAXCALA,2026-04,DESAPARECIDA_O_NO_LOCALIZADA,HOMBRE,29025,SAN PABLO DEL MONTE,1,2026-08-09
29,TLAXCALA,2026-04,DESAPARECIDA_O_NO_LOCALIZADA,HOMBRE,29026,SANTA CRUZ TLAXCALA,1,2026-08-09
29,TLAXCALA,2026-04,DESAPARECIDA_O_NO_LOCALIZADA,HOMBRE,29031,TETLA DE LA SOLIDARIDAD,1,2026-08-09
29,TLAXCALA,2026-04,LOCALIZADA_CON_VIDA,HOMBRE,29010,CHIAUTEMPAN,1,2026-08-09
29,TLAXCALA,2026-04,LOCALIZADA_CON_VIDA,MUJER,29010,CHIAUTEMPAN,2,2026-08-09
29,TLAXCALA,2026-04,LOCALIZADA_CON_VIDA,MUJER,29016,IXTENCO,1,2026-08-09
29,TLAXCALA,2026-04,LOCALIZADA_CON_VIDA,HOMBRE,29018,CONTLA DE JUAN CUAMATZI,2,2026-08-09
29,TLAXCALA,2026-04,LOCALIZADA_CON_VIDA,MUJER,29027,TENANCINGO,1,2026-08-09
29,TLAXCALA,2026-04,LOCALIZADA_CON_VIDA,HOMBRE,29028,TEOLOCHOLCO,1,2026-08-09
29,TLAXCALA,2026-04,LOCALIZADA_CON_VIDA,MUJER,29034,TLAXCO,1,2026-08-09
29,TLAXCALA,2026-04,LOCALIZADA_CON_VIDA,MUJER,29038,TZOMPANTEPEC,1,2026-08-09
29,TLAXCALA,2026-04,LOCALIZADA_CON_VIDA,MUJER,29042,XICOHTZINCO,1,2026-08-09
29,TLAXCALA,2026-04,LOCALIZADA_CON_VIDA,HOMBRE,29044,ZACATELCO,1,2026-08-09
29,TLAXCALA,2026-04,LOCALIZADA_CON_VIDA,MUJER,29044,ZACATELCO,1,2026-08-09
29,TLAXCALA,2026-04,LOCALIZADA_SIN_VIDA,HOMBRE,29006,CALPULALPAN,1,2026-08-09
29,TLAXCALA,2026-05,LOCALIZADA_CON_VIDA,HOMBRE,29005,APIZACO,1,2026-08-09
29,TLAXCALA,2026-05,LOCALIZADA_CON_VIDA,MUJER,29005,APIZACO,1,2026-08-09
29,TLAXCALA,2026-05,LOCALIZADA_CON_VIDA,HOMBRE,29010,CHIAUTEMPAN,2,2026-08-09
29,TLAXCALA,2026-05,LOCALIZADA_CON_VIDA,HOMBRE,29018,CONTLA DE JUAN CUAMATZI,1,2026-08-09
29,TLAXCALA,2026-05,LOCALIZADA_CON_VIDA,MUJER,29030,TERRENATE,1,2026-08-09
29,TLAXCALA,2026-05,LOCALIZADA_CON_VIDA,HOMBRE,29033,TLAXCALA,2,2026-08-09
29,TLAXCALA,2026-05,LOCALIZADA_CON_VIDA,MUJER,29033,TLAXCALA,2,2026-08-09
29,TLAXCALA,2026-05,LOCALIZADA_CON_VIDA,HOMBRE,29039,XALOZTOC,1,2026-08-09
29,TLAXCALA,2026-05,LOCALIZADA_CON_VIDA,HOMBRE,29044,ZACATELCO,1,2026-08-09
29,TLAXCALA,2026-05,LOCALIZADA_SIN_VIDA,MUJER,29043,YAUHQUEMECAN,1,2026-08-09
29,TLAXCALA,2026-05,LOCALIZADA_SIN_VIDA,MUJER,29044,ZACATELCO,1,2026-08-09
29,TLAXCALA,2026-06,DESAPARECIDA_O_NO_LOCALIZADA,HOMBRE,29006,CALPULALPAN,1,2026-08-09
29,TLAXCALA,2026-06,DESAPARECIDA_O_NO_LOCALIZADA,HOMBRE,29019,TEPETITLA DE LARDIZÁBAL,1,2026-08-09
29,TLAXCALA,2026-06,LOCALIZADA_CON_VIDA,HOMBRE,29002,APETATITLÁN DE ANTONIO CARVAJAL,1,2026-08-09
29,TLAXCALA,2026-06,LOCALIZADA_CON_VIDA,MUJER,29004,ALTZAYANCA,1,2026-08-09
29,TLAXCALA,2026-06,LOCALIZADA_CON_VIDA,MUJER,29005,APIZACO,4,2026-08-09
29,TLAXCALA,2026-06,LOCALIZADA_CON_VIDA,HOMBRE,29006,CALPULALPAN,1,2026-08-09
29,TLAXCALA,2026-06,LOCALIZADA_CON_VIDA,MUJER,29006,CALPULALPAN,1,2026-08-09
29,TLAXCALA,2026-06,LOCALIZADA_CON_VIDA,MUJER,29010,CHIAUTEMPAN,1,2026-08-09
29,TLAXCALA,2026-06,LOCALIZADA_CON_VIDA,HOMBRE,29024,PANOTLA,1,2026-08-09
29,TLAXCALA,2026-06,LOCALIZADA_CON_VIDA,MUJER,29024,PANOTLA,1,2026-08-09
29,TLAXCALA,2026-06,LOCALIZADA_CON_VIDA,HOMBRE,29025,SAN PABLO DEL MONTE,1,2026-08-09
29,TLAXCALA,2026-06,LOCALIZADA_CON_VIDA,HOMBRE,29026,SANTA CRUZ TLAXCALA,1,2026-08-09
29,TLAXCALA,2026-06,LOCALIZADA_CON_VIDA,MUJER,29032,TETLATLAHUCA,1,2026-08-09
29,TLAXCALA,2026-06,LOCALIZADA_CON_VIDA,HOMBRE,29033,TLAXCALA,1,2026-08-09
29,TLAXCALA,2026-06,LOCALIZADA_CON_VIDA,MUJER,29033,TLAXCALA,1,2026-08-09
29,TLAXCALA,2026-06,LOCALIZADA_CON_VIDA,MUJER,29044,ZACATELCO,1,2026-08-09
29,TLAXCALA,2026-07,DESAPARECIDA_O_NO_LOCALIZADA,HOMBRE,29006,CALPULALPAN,1,2026-08-09
29,TLAXCALA,2026-07,DESAPARECIDA_O_NO_LOCALIZADA,MUJER,29013,HUAMANTLA,1,2026-08-09
29,TLAXCALA,2026-07,DESAPARECIDA_O_NO_LOCALIZADA,HOMBRE,29015,IXTACUIXTLA DE MARIANO MATAMOROS,1,2026-08-09
29,TLAXCALA,2026-07,DESAPARECIDA_O_NO_LOCALIZADA,HOMBRE,29033,TLAXCALA,1,2026-08-09
29,TLAXCALA,2026-07,DESAPARECIDA_O_NO_LOCALIZADA,MUJER,29042,XICOHTZINCO,1,2026-08-09
29,TLAXCALA,2026-07,LOCALIZADA_CON_VIDA,MUJER,29001,AMAXAC DE GUERRERO,1,2026-08-09
29,TLAXCALA,2026-07,LOCALIZADA_CON_VIDA,MUJER,29005,APIZACO,1,2026-08-09
29,TLAXCALA,2026-07,LOCALIZADA_CON_VIDA,HOMBRE,29010,CHIAUTEMPAN,3,2026-08-09
29,TLAXCALA,2026-07,LOCALIZADA_CON_VIDA,MUJER,29010,CHIAUTEMPAN,1,2026-08-09
29,TLAXCALA,2026-07,LOCALIZADA_CON_VIDA,MUJER,29015,IXTACUIXTLA DE MARIANO MATAMOROS,2,2026-08-09
29,TLAXCALA,2026-07,LOCALIZADA_CON_VIDA,MUJER,29018,CONTLA DE JUAN CUAMATZI,1,2026-08-09
29,TLAXCALA,2026-07,LOCALIZADA_CON_VIDA,MUJER,29022,ACUAMANALA DE MIGUEL HIDALGO,2,2026-08-09
29,TLAXCALA,2026-07,LOCALIZADA_CON_VIDA,MUJER,29025,SAN PABLO DEL MONTE,2,2026-08-09
29,TLAXCALA,2026-07,LOCALIZADA_CON_VIDA,HOMBRE,29027,TENANCINGO,1,2026-08-09
29,TLAXCALA,2026-07,LOCALIZADA_CON_VIDA,HOMBRE,29028,TEOLOCHOLCO,2,2026-08-09
29,TLAXCALA,2026-07,LOCALIZADA_CON_VIDA,MUJER,29028,TEOLOCHOLCO,1,2026-08-09
29,TLAXCALA,2026-07,LOCALIZADA_CON_VIDA,HOMBRE,29033,TLAXCALA,1,2026-08-09
29,TLAXCALA,2026-07,LOCALIZADA_CON_VIDA,MUJER,29041,PAPALOTLA DE XICOHTÉNCATL,2,2026-08-09
29,TLAXCALA,2026-07,LOCALIZADA_CON_VIDA,MUJER,29044,ZACATELCO,1,2026-08-09
29,TLAXCALA,2026-07,LOCALIZADA_CON_VIDA,HOMBRE,29048,LA MAGDALENA TLALTELULCO,1,2026-08-09
29,TLAXCALA,2026-07,LOCALIZADA_CON_VIDA,MUJER,29048,LA MAGDALENA TLALTELULCO,1,2026-08-09
29,TLAXCALA,2026-07,LOCALIZADA_CON_VIDA,MUJER,29054,SAN LORENZO AXOCOMANITLA,1,2026-08-09
29,TLAXCALA,2026-07,LOCALIZADA_CON_VIDA,HOMBRE,29058,SANTA CATARINA AYOMETLA,1,2026-08-09
29,TLAXCALA,2026-07,LOCALIZADA_CON_VIDA,MUJER,29058,SANTA CATARINA AYOMETLA,2,2026-08-09
29,TLAXCALA,SIN_FECHA,DESAPARECIDA_O_NO_LOCALIZADA,,,,6,2026-08-09
29,TLAXCALA,SIN_FECHA,LOCALIZADA_CON_VIDA,,,,18,2026-08-09
29,TLAXCALA,SIN_FECHA,LOCALIZADA_SIN_VIDA,,,,3,2026-08-09
30,VERACRUZ,2026-01,DESAPARECIDA_O_NO_LOCALIZADA,HOMBRE,30014,AMATLÁN DE LOS REYES,2,2026-08-09
30,VERACRUZ,2026-01,DESAPARECIDA_O_NO_LOCALIZADA,HOMBRE,30015,ANGEL R. CABADA,2,2026-08-09
30,VERACRUZ,2026-01,DESAPARECIDA_O_NO_LOCALIZADA,HOMBRE,30023,ATZALAN,1,2026-08-09
30,VERACRUZ,2026-01,DESAPARECIDA_O_NO_LOCALIZADA,HOMBRE,30045,COSAMALOAPAN DE CARPIO,1,2026-08-09
30,VERACRUZ,2026-01,DESAPARECIDA_O_NO_LOCALIZADA,HOMBRE,30053,CUITLÁHUAC,1,2026-08-09
30,VERACRUZ,2026-01,DESAPARECIDA_O_NO_LOCALIZADA,HOMBRE,30077,ISLA,1,2026-08-09
30,VERACRUZ,2026-01,DESAPARECIDA_O_NO_LOCALIZADA,HOMBRE,30100,MANLIO FABIO ALTAMIRANO,1,2026-08-09
30,VERACRUZ,2026-01,DESAPARECIDA_O_NO_LOCALIZADA,HOMBRE,30102,MARTÍNEZ DE LA TORRE,2,2026-08-09
30,VERACRUZ,2026-01,DESAPARECIDA_O_NO_LOCALIZADA,HOMBRE,30108,MINATITLÁN,1,2026-08-09
30,VERACRUZ,2026-01,DESAPARECIDA_O_NO_LOCALIZADA,HOMBRE,30114,NAUTLA,1,2026-08-09
30,VERACRUZ,2026-01,DESAPARECIDA_O_NO_LOCALIZADA,HOMBRE,30115,NOGALES,1,2026-08-09
30,VERACRUZ,2026-01,DESAPARECIDA_O_NO_LOCALIZADA,MUJER,30120,OTEAPAN,1,2026-08-09
30,VERACRUZ,2026-01,DESAPARECIDA_O_NO_LOCALIZADA,MUJER,30123,PÁNUCO,1,2026-08-09
30,VERACRUZ,2026-01,DESAPARECIDA_O_NO_LOCALIZADA,HOMBRE,30131,POZA RICA DE HIDALGO,1,2026-08-09
30,VERACRUZ,2026-01,DESAPARECIDA_O_NO_LOCALIZADA,MUJER,30131,POZA RICA DE HIDALGO,3,2026-08-09
30,VERACRUZ,2026-01,DESAPARECIDA_O_NO_LOCALIZADA,HOMBRE,30141,SAN ANDRÉS TUXTLA,1,2026-08-09
30,VERACRUZ,2026-01,DESAPARECIDA_O_NO_LOCALIZADA,MUJER,30141,SAN ANDRÉS TUXTLA,1,2026-08-09
30,VERACRUZ,2026-01,DESAPARECIDA_O_NO_LOCALIZADA,HOMBRE,30153,TANCOCO,1,2026-08-09
30,VERACRUZ,2026-01,DESAPARECIDA_O_NO_LOCALIZADA,HOMBRE,30158,TECOLUTLA,1,2026-08-09
30,VERACRUZ,2026-01,DESAPARECIDA_O_NO_LOCALIZADA,HOMBRE,30178,TLACOTALPAN,1,2026-08-09
30,VERACRUZ,2026-01,DESAPARECIDA_O_NO_LOCALIZADA,HOMBRE,30185,TLILAPAN,1,2026-08-09
30,VERACRUZ,2026-01,DESAPARECIDA_O_NO_LOCALIZADA,MUJER,30185,TLILAPAN,1,2026-08-09
30,VERACRUZ,2026-01,DESAPARECIDA_O_NO_LOCALIZADA,HOMBRE,30189,TÚXPAM,1,2026-08-09
30,VERACRUZ,2026-01,DESAPARECIDA_O_NO_LOCALIZADA,HOMBRE,30193,VERACRUZ,4,2026-08-09
30,VERACRUZ,2026-01,DESAPARECIDA_O_NO_LOCALIZADA,HOMBRE,30205,EL HIGO,1,2026-08-09
30,VERACRUZ,2026-01,LOCALIZADA_CON_VIDA,MUJER,30020,ATLAHUILCO,1,2026-08-09
30,VERACRUZ,2026-01,LOCALIZADA_CON_VIDA,HOMBRE,30030,CAMERINO Z. MENDOZA,1,2026-08-09
30,VERACRUZ,2026-01,LOCALIZADA_CON_VIDA,MUJER,30038,COATEPEC,1,2026-08-09
30,VERACRUZ,2026-01,LOCALIZADA_CON_VIDA,MUJER,30040,COATZINTLA,1,2026-08-09
30,VERACRUZ,2026-01,LOCALIZADA_CON_VIDA,HOMBRE,30044,CÓRDOBA,3,2026-08-09
30,VERACRUZ,2026-01,LOCALIZADA_CON_VIDA,MUJER,30044,CÓRDOBA,2,2026-08-09
30,VERACRUZ,2026-01,LOCALIZADA_CON_VIDA,HOMBRE,30048,COSOLEACAQUE,1,2026-08-09
30,VERACRUZ,2026-01,LOCALIZADA_CON_VIDA,MUJER,30048,COSOLEACAQUE,1,2026-08-09
30,VERACRUZ,2026-01,LOCALIZADA_CON_VIDA,MUJER,30051,COYUTLA,1,2026-08-09
30,VERACRUZ,2026-01,LOCALIZADA_CON_VIDA,MUJER,30063,CHONTLA,1,2026-08-09
30,VERACRUZ,2026-01,LOCALIZADA_CON_VIDA,HOMBRE,30065,EMILIANO ZAPATA,1,2026-08-09
30,VERACRUZ,2026-01,LOCALIZADA_CON_VIDA,MUJER,30065,EMILIANO ZAPATA,1,2026-08-09
30,VERACRUZ,2026-01,LOCALIZADA_CON_VIDA,HOMBRE,30071,HUATUSCO,2,2026-08-09
30,VERACRUZ,2026-01,LOCALIZADA_CON_VIDA,HOMBRE,30081,IXHUATLANCILLO,1,2026-08-09
30,VERACRUZ,2026-01,LOCALIZADA_CON_VIDA,MUJER,30081,IXHUATLANCILLO,1,2026-08-09
30,VERACRUZ,2026-01,LOCALIZADA_CON_VIDA,MUJER,30082,IXHUATLÁN DEL SURESTE,1,2026-08-09
30,VERACRUZ,2026-01,LOCALIZADA_CON_VIDA,HOMBRE,30087,XALAPA,5,2026-08-09
30,VERACRUZ,2026-01,LOCALIZADA_CON_VIDA,MUJER,30087,XALAPA,10,2026-08-09
30,VERACRUZ,2026-01,LOCALIZADA_CON_VIDA,MUJER,30089,JÁLTIPAN,1,2026-08-09
30,VERACRUZ,2026-01,LOCALIZADA_CON_VIDA,MUJER,30105,MEDELLÍN,1,2026-08-09
30,VERACRUZ,2026-01,LOCALIZADA_CON_VIDA,HOMBRE,30108,MINATITLÁN,2,2026-08-09
30,VERACRUZ,2026-01,LOCALIZADA_CON_VIDA,MUJER,30108,MINATITLÁN,1,2026-08-09
30,VERACRUZ,2026-01,LOCALIZADA_CON_VIDA,MUJER,30124,PAPANTLA,1,2026-08-09
30,VERACRUZ,2026-01,LOCALIZADA_CON_VIDA,MUJER,30185,TLILAPAN,1,2026-08-09
30,VERACRUZ,2026-01,LOCALIZADA_CON_VIDA,HOMBRE,30189,TÚXPAM,1,2026-08-09
30,VERACRUZ,2026-01,LOCALIZADA_CON_VIDA,MUJER,30189,TÚXPAM,1,2026-08-09
30,VERACRUZ,2026-01,LOCALIZADA_CON_VIDA,MUJER,30191,URSULO GALVÁN,1,2026-08-09
30,VERACRUZ,2026-01,LOCALIZADA_CON_VIDA,HOMBRE,30193,VERACRUZ,1,2026-08-09
30,VERACRUZ,2026-01,LOCALIZADA_CON_VIDA,MUJER,30193,VERACRUZ,2,2026-08-09
30,VERACRUZ,2026-01,LOCALIZADA_CON_VIDA,HOMBRE,30194,VILLA ALDAMA,1,2026-08-09
30,VERACRUZ,2026-01,LOCALIZADA_SIN_VIDA,HOMBRE,30039,COATZACOALCOS,1,2026-08-09
30,VERACRUZ,2026-01,LOCALIZADA_SIN_VIDA,HOMBRE,30048,COSOLEACAQUE,4,2026-08-09
30,VERACRUZ,2026-01,LOCALIZADA_SIN_VIDA,HOMBRE,30059,CHINAMECA,1,2026-08-09
30,VERACRUZ,2026-01,LOCALIZADA_SIN_VIDA,HOMBRE,30087,XALAPA,2,2026-08-09
30,VERACRUZ,2026-01,LOCALIZADA_SIN_VIDA,MUJER,30089,JÁLTIPAN,1,2026-08-09
30,VERACRUZ,2026-01,LOCALIZADA_SIN_VIDA,HOMBRE,30099,MALTRATA,2,2026-08-09
30,VERACRUZ,2026-01,LOCALIZADA_SIN_VIDA,HOMBRE,30129,PLATÓN SÁNCHEZ,1,2026-08-09
30,VERACRUZ,2026-01,LOCALIZADA_SIN_VIDA,HOMBRE,30133,PUEBLO VIEJO,1,2026-08-09
30,VERACRUZ,2026-01,LOCALIZADA_SIN_VIDA,HOMBRE,30144,SAYULA DE ALEMÁN,1,2026-08-09
30,VERACRUZ,2026-01,LOCALIZADA_SIN_VIDA,HOMBRE,30193,VERACRUZ,1,2026-08-09
30,VERACRUZ,2026-02,DESAPARECIDA_O_NO_LOCALIZADA,HOMBRE,30014,AMATLÁN DE LOS REYES,1,2026-08-09
30,VERACRUZ,2026-02,DESAPARECIDA_O_NO_LOCALIZADA,MUJER,30016,LA ANTIGUA,1,2026-08-09
30,VERACRUZ,2026-02,DESAPARECIDA_O_NO_LOCALIZADA,HOMBRE,30028,BOCA DEL RÍO,1,2026-08-09
30,VERACRUZ,2026-02,DESAPARECIDA_O_NO_LOCALIZADA,HOMBRE,30032,CATEMACO,1,2026-08-09
30,VERACRUZ,2026-02,DESAPARECIDA_O_NO_LOCALIZADA,HOMBRE,30033,CAZONES,1,2026-08-09
30,VERACRUZ,2026-02,DESAPARECIDA_O_NO_LOCALIZADA,HOMBRE,30034,CERRO AZUL,1,2026-08-09
30,VERACRUZ,2026-02,DESAPARECIDA_O_NO_LOCALIZADA,MUJER,30035,CITLALTÉPETL,1,2026-08-09
30,VERACRUZ,2026-02,DESAPARECIDA_O_NO_LOCALIZADA,MUJER,30036,COACOATZINTLA,1,2026-08-09
30,VERACRUZ,2026-02,DESAPARECIDA_O_NO_LOCALIZADA,MUJER,30039,COATZACOALCOS,1,2026-08-09
30,VERACRUZ,2026-02,DESAPARECIDA_O_NO_LOCALIZADA,MUJER,30040,COATZINTLA,1,2026-08-09
30,VERACRUZ,2026-02,DESAPARECIDA_O_NO_LOCALIZADA,MUJER,30068,FORTÍN,1,2026-08-09
30,VERACRUZ,2026-02,DESAPARECIDA_O_NO_LOCALIZADA,HOMBRE,30069,GUTIÉRREZ ZAMORA,1,2026-08-09
30,VERACRUZ,2026-02,DESAPARECIDA_O_NO_LOCALIZADA,MUJER,30085,IXTACZOQUITLÁN,1,2026-08-09
30,VERACRUZ,2026-02,DESAPARECIDA_O_NO_LOCALIZADA,MUJER,30087,XALAPA,2,2026-08-09
30,VERACRUZ,2026-02,DESAPARECIDA_O_NO_LOCALIZADA,HOMBRE,30090,JAMAPA,1,2026-08-09
30,VERACRUZ,2026-02,DESAPARECIDA_O_NO_LOCALIZADA,HOMBRE,30092,XICO,1,2026-08-09
30,VERACRUZ,2026-02,DESAPARECIDA_O_NO_LOCALIZADA,HOMBRE,30105,MEDELLÍN,2,2026-08-09
30,VERACRUZ,2026-02,DESAPARECIDA_O_NO_LOCALIZADA,MUJER,30124,PAPANTLA,1,2026-08-09
30,VERACRUZ,2026-02,DESAPARECIDA_O_NO_LOCALIZADA,HOMBRE,30126,PASO DE OVEJAS,1,2026-08-09
30,VERACRUZ,2026-02,DESAPARECIDA_O_NO_LOCALIZADA,HOMBRE,30131,POZA RICA DE HIDALGO,2,2026-08-09
30,VERACRUZ,2026-02,DESAPARECIDA_O_NO_LOCALIZADA,HOMBRE,30133,PUEBLO VIEJO,1,2026-08-09
30,VERACRUZ,2026-02,DESAPARECIDA_O_NO_LOCALIZADA,HOMBRE,30141,SAN ANDRÉS TUXTLA,2,2026-08-09
30,VERACRUZ,2026-02,DESAPARECIDA_O_NO_LOCALIZADA,MUJER,30141,SAN ANDRÉS TUXTLA,1,2026-08-09
30,VERACRUZ,2026-02,DESAPARECIDA_O_NO_LOCALIZADA,MUJER,30143,SANTIAGO TUXTLA,1,2026-08-09
30,VERACRUZ,2026-02,DESAPARECIDA_O_NO_LOCALIZADA,HOMBRE,30160,TEMAPACHE,1,2026-08-09
30,VERACRUZ,2026-02,DESAPARECIDA_O_NO_LOCALIZADA,HOMBRE,30173,TEZONAPA,1,2026-08-09
30,VERACRUZ,2026-02,DESAPARECIDA_O_NO_LOCALIZADA,HOMBRE,30175,TIHUATLÁN,2,2026-08-09
30,VERACRUZ,2026-02,DESAPARECIDA_O_NO_LOCALIZADA,MUJER,30189,TÚXPAM,1,2026-08-09
30,VERACRUZ,2026-02,DESAPARECIDA_O_NO_LOCALIZADA,HOMBRE,30193,VERACRUZ,6,2026-08-09
30,VERACRUZ,2026-02,DESAPARECIDA_O_NO_LOCALIZADA,MUJER,30193,VERACRUZ,2,2026-08-09
30,VERACRUZ,2026-02,LOCALIZADA_CON_VIDA,HOMBRE,30005,ACULA,1,2026-08-09
30,VERACRUZ,2026-02,LOCALIZADA_CON_VIDA,HOMBRE,30006,ACULTZINGO,1,2026-08-09
30,VERACRUZ,2026-02,LOCALIZADA_CON_VIDA,HOMBRE,30030,CAMERINO Z. MENDOZA,1,2026-08-09
30,VERACRUZ,2026-02,LOCALIZADA_CON_VIDA,MUJER,30038,COATEPEC,2,2026-08-09
30,VERACRUZ,2026-02,LOCALIZADA_CON_VIDA,HOMBRE,30039,COATZACOALCOS,1,2026-08-09
30,VERACRUZ,2026-02,LOCALIZADA_CON_VIDA,HOMBRE,30044,CÓRDOBA,1,2026-08-09
30,VERACRUZ,2026-02,LOCALIZADA_CON_VIDA,MUJER,30044,CÓRDOBA,1,2026-08-09
30,VERACRUZ,2026-02,LOCALIZADA_CON_VIDA,MUJER,30047,COSCOMATEPEC,1,2026-08-09
30,VERACRUZ,2026-02,LOCALIZADA_CON_VIDA,HOMBRE,30048,COSOLEACAQUE,1,2026-08-09
30,VERACRUZ,2026-02,LOCALIZADA_CON_VIDA,MUJER,30049,COTAXTLA,2,2026-08-09
30,VERACRUZ,2026-02,LOCALIZADA_CON_VIDA,MUJER,30065,EMILIANO ZAPATA,1,2026-08-09
30,VERACRUZ,2026-02,LOCALIZADA_CON_VIDA,MUJER,30068,FORTÍN,1,2026-08-09
30,VERACRUZ,2026-02,LOCALIZADA_CON_VIDA,MUJER,30071,HUATUSCO,2,2026-08-09
30,VERACRUZ,2026-02,LOCALIZADA_CON_VIDA,HOMBRE,30087,XALAPA,2,2026-08-09
30,VERACRUZ,2026-02,LOCALIZADA_CON_VIDA,MUJER,30087,XALAPA,5,2026-08-09
30,VERACRUZ,2026-02,LOCALIZADA_CON_VIDA,MUJER,30101,MARIANO ESCOBEDO,1,2026-08-09
30,VERACRUZ,2026-02,LOCALIZADA_CON_VIDA,MUJER,30102,MARTÍNEZ DE LA TORRE,3,2026-08-09
30,VERACRUZ,2026-02,LOCALIZADA_CON_VIDA,MUJER,30108,MINATITLÁN,1,2026-08-09
30,VERACRUZ,2026-02,LOCALIZADA_CON_VIDA,MUJER,30115,NOGALES,1,2026-08-09
30,VERACRUZ,2026-02,LOCALIZADA_CON_VIDA,MUJER,30118,ORIZABA,1,2026-08-09
30,VERACRUZ,2026-02,LOCALIZADA_CON_VIDA,MUJER,30124,PAPANTLA,1,2026-08-09
30,VERACRUZ,2026-02,LOCALIZADA_CON_VIDA,HOMBRE,30131,POZA RICA DE HIDALGO,1,2026-08-09
30,VERACRUZ,2026-02,LOCALIZADA_CON_VIDA,MUJER,30131,POZA RICA DE HIDALGO,2,2026-08-09
30,VERACRUZ,2026-02,LOCALIZADA_CON_VIDA,HOMBRE,30134,PUENTE NACIONAL,1,2026-08-09
30,VERACRUZ,2026-02,LOCALIZADA_CON_VIDA,HOMBRE,30136,RAFAEL LUCIO,1,2026-08-09
30,VERACRUZ,2026-02,LOCALIZADA_CON_VIDA,MUJER,30138,RÍO BLANCO,1,2026-08-09
30,VERACRUZ,2026-02,LOCALIZADA_CON_VIDA,MUJER,30141,SAN ANDRÉS TUXTLA,1,2026-08-09
30,VERACRUZ,2026-02,LOCALIZADA_CON_VIDA,MUJER,30149,SOTEAPAN,2,2026-08-09
30,VERACRUZ,2026-02,LOCALIZADA_CON_VIDA,HOMBRE,30160,TEMAPACHE,1,2026-08-09
30,VERACRUZ,2026-02,LOCALIZADA_CON_VIDA,MUJER,30168,TEQUILA,1,2026-08-09
30,VERACRUZ,2026-02,LOCALIZADA_CON_VIDA,MUJER,30175,TIHUATLÁN,1,2026-08-09
30,VERACRUZ,2026-02,LOCALIZADA_CON_VIDA,HOMBRE,30181,TLALIXCOYAN,1,2026-08-09
30,VERACRUZ,2026-02,LOCALIZADA_CON_VIDA,MUJER,30182,TLALNELHUAYOCAN,2,2026-08-09
30,VERACRUZ,2026-02,LOCALIZADA_CON_VIDA,MUJER,30189,TÚXPAM,3,2026-08-09
30,VERACRUZ,2026-02,LOCALIZADA_CON_VIDA,HOMBRE,30193,VERACRUZ,4,2026-08-09
30,VERACRUZ,2026-02,LOCALIZADA_CON_VIDA,MUJER,30193,VERACRUZ,1,2026-08-09
30,VERACRUZ,2026-02,LOCALIZADA_SIN_VIDA,MUJER,30028,BOCA DEL RÍO,1,2026-08-09
30,VERACRUZ,2026-02,LOCALIZADA_SIN_VIDA,HOMBRE,30102,MARTÍNEZ DE LA TORRE,1,2026-08-09
30,VERACRUZ,2026-02,LOCALIZADA_SIN_VIDA,HOMBRE,30117,OMEALCA,1,2026-08-09
30,VERACRUZ,2026-02,LOCALIZADA_SIN_VIDA,HOMBRE,30125,PASO DEL MACHO,1,2026-08-09
30,VERACRUZ,2026-02,LOCALIZADA_SIN_VIDA,HOMBRE,30193,VERACRUZ,2,2026-08-09
30,VERACRUZ,2026-02,LOCALIZADA_SIN_VIDA,HOMBRE,30206,NANCHITAL DE LÁZARO CÁRDENAS DEL RÍO,1,2026-08-09
30,VERACRUZ,2026-03,DESAPARECIDA_O_NO_LOCALIZADA,MUJER,30010,ALTOTONGA,1,2026-08-09
30,VERACRUZ,2026-03,DESAPARECIDA_O_NO_LOCALIZADA,HOMBRE,30011,ALVARADO,1,2026-08-09
30,VERACRUZ,2026-03,DESAPARECIDA_O_NO_LOCALIZADA,HOMBRE,30014,AMATLÁN DE LOS REYES,1,2026-08-09
30,VERACRUZ,2026-03,DESAPARECIDA_O_NO_LOCALIZADA,HOMBRE,30016,LA ANTIGUA,1,2026-08-09
30,VERACRUZ,2026-03,DESAPARECIDA_O_NO_LOCALIZADA,HOMBRE,30034,CERRO AZUL,1,2026-08-09
30,VERACRUZ,2026-03,DESAPARECIDA_O_NO_LOCALIZADA,HOMBRE,30039,COATZACOALCOS,2,2026-08-09
30,VERACRUZ,2026-03,DESAPARECIDA_O_NO_LOCALIZADA,HOMBRE,30040,COATZINTLA,1,2026-08-09
30,VERACRUZ,2026-03,DESAPARECIDA_O_NO_LOCALIZADA,MUJER,30040,COATZINTLA,2,2026-08-09
30,VERACRUZ,2026-03,DESAPARECIDA_O_NO_LOCALIZADA,MUJER,30044,CÓRDOBA,1,2026-08-09
30,VERACRUZ,2026-03,DESAPARECIDA_O_NO_LOCALIZADA,HOMBRE,30045,COSAMALOAPAN DE CARPIO,1,2026-08-09
30,VERACRUZ,2026-03,DESAPARECIDA_O_NO_LOCALIZADA,HOMBRE,30047,COSCOMATEPEC,1,2026-08-09
30,VERACRUZ,2026-03,DESAPARECIDA_O_NO_LOCALIZADA,HOMBRE,30069,GUTIÉRREZ ZAMORA,1,2026-08-09
30,VERACRUZ,2026-03,DESAPARECIDA_O_NO_LOCALIZADA,HOMBRE,30081,IXHUATLANCILLO,1,2026-08-09
30,VERACRUZ,2026-03,DESAPARECIDA_O_NO_LOCALIZADA,HOMBRE,30087,XALAPA,1,2026-08-09
30,VERACRUZ,2026-03,DESAPARECIDA_O_NO_LOCALIZADA,HOMBRE,30100,MANLIO FABIO ALTAMIRANO,3,2026-08-09
30,VERACRUZ,2026-03,DESAPARECIDA_O_NO_LOCALIZADA,HOMBRE,30108,MINATITLÁN,1,2026-08-09
30,VERACRUZ,2026-03,DESAPARECIDA_O_NO_LOCALIZADA,HOMBRE,30131,POZA RICA DE HIDALGO,2,2026-08-09
30,VERACRUZ,2026-03,DESAPARECIDA_O_NO_LOCALIZADA,HOMBRE,30138,RÍO BLANCO,1,2026-08-09
30,VERACRUZ,2026-03,DESAPARECIDA_O_NO_LOCALIZADA,HOMBRE,30141,SAN ANDRÉS TUXTLA,3,2026-08-09
30,VERACRUZ,2026-03,DESAPARECIDA_O_NO_LOCALIZADA,HOMBRE,30144,SAYULA DE ALEMÁN,1,2026-08-09
30,VERACRUZ,2026-03,DESAPARECIDA_O_NO_LOCALIZADA,HOMBRE,30160,TEMAPACHE,1,2026-08-09
30,VERACRUZ,2026-03,DESAPARECIDA_O_NO_LOCALIZADA,HOMBRE,30175,TIHUATLÁN,1,2026-08-09
30,VERACRUZ,2026-03,DESAPARECIDA_O_NO_LOCALIZADA,HOMBRE,30183,TLAPACOYAN,1,2026-08-09
30,VERACRUZ,2026-03,DESAPARECIDA_O_NO_LOCALIZADA,HOMBRE,30191,URSULO GALVÁN,1,2026-08-09
30,VERACRUZ,2026-03,DESAPARECIDA_O_NO_LOCALIZADA,HOMBRE,30193,VERACRUZ,3,2026-08-09
30,VERACRUZ,2026-03,DESAPARECIDA_O_NO_LOCALIZADA,MUJER,30193,VERACRUZ,1,2026-08-09
30,VERACRUZ,2026-03,LOCALIZADA_CON_VIDA,HOMBRE,30002,ACATLÁN,1,2026-08-09
30,VERACRUZ,2026-03,LOCALIZADA_CON_VIDA,HOMBRE,30004,ACTOPAN,1,2026-08-09
30,VERACRUZ,2026-03,LOCALIZADA_CON_VIDA,HOMBRE,30009,ALTO LUCERO DE GUTIÉRREZ BARRIOS,1,2026-08-09
30,VERACRUZ,2026-03,LOCALIZADA_CON_VIDA,MUJER,30009,ALTO LUCERO DE GUTIÉRREZ BARRIOS,1,2026-08-09
30,VERACRUZ,2026-03,LOCALIZADA_CON_VIDA,MUJER,30010,ALTOTONGA,2,2026-08-09
30,VERACRUZ,2026-03,LOCALIZADA_CON_VIDA,MUJER,30014,AMATLÁN DE LOS REYES,1,2026-08-09
30,VERACRUZ,2026-03,LOCALIZADA_CON_VIDA,MUJER,30026,BANDERILLA,1,2026-08-09
30,VERACRUZ,2026-03,LOCALIZADA_CON_VIDA,HOMBRE,30028,BOCA DEL RÍO,1,2026-08-09
30,VERACRUZ,2026-03,LOCALIZADA_CON_VIDA,MUJER,30028,BOCA DEL RÍO,1,2026-08-09
30,VERACRUZ,2026-03,LOCALIZADA_CON_VIDA,MUJER,30033,CAZONES,1,2026-08-09
30,VERACRUZ,2026-03,LOCALIZADA_CON_VIDA,HOMBRE,30039,COATZACOALCOS,2,2026-08-09
30,VERACRUZ,2026-03,LOCALIZADA_CON_VIDA,MUJER,30039,COATZACOALCOS,4,2026-08-09
30,VERACRUZ,2026-03,LOCALIZADA_CON_VIDA,HOMBRE,30044,CÓRDOBA,4,2026-08-09
30,VERACRUZ,2026-03,LOCALIZADA_CON_VIDA,MUJER,30044,CÓRDOBA,1,2026-08-09
30,VERACRUZ,2026-03,LOCALIZADA_CON_VIDA,HOMBRE,30045,COSAMALOAPAN DE CARPIO,1,2026-08-09
30,VERACRUZ,2026-03,LOCALIZADA_CON_VIDA,MUJER,30050,COXQUIHUI,1,2026-08-09
30,VERACRUZ,2026-03,LOCALIZADA_CON_VIDA,HOMBRE,30065,EMILIANO ZAPATA,1,2026-08-09
30,VERACRUZ,2026-03,LOCALIZADA_CON_VIDA,MUJER,30068,FORTÍN,1,2026-08-09
30,VERACRUZ,2026-03,LOCALIZADA_CON_VIDA,HOMBRE,30071,HUATUSCO,1,2026-08-09
30,VERACRUZ,2026-03,LOCALIZADA_CON_VIDA,MUJER,30073,HUEYAPAN DE OCAMPO,1,2026-08-09
30,VERACRUZ,2026-03,LOCALIZADA_CON_VIDA,MUJER,30081,IXHUATLANCILLO,2,2026-08-09
30,VERACRUZ,2026-03,LOCALIZADA_CON_VIDA,HOMBRE,30087,XALAPA,3,2026-08-09
30,VERACRUZ,2026-03,LOCALIZADA_CON_VIDA,MUJER,30087,XALAPA,12,2026-08-09
30,VERACRUZ,2026-03,LOCALIZADA_CON_VIDA,MUJER,30099,MALTRATA,1,2026-08-09
30,VERACRUZ,2026-03,LOCALIZADA_CON_VIDA,HOMBRE,30102,MARTÍNEZ DE LA TORRE,1,2026-08-09
30,VERACRUZ,2026-03,LOCALIZADA_CON_VIDA,MUJER,30102,MARTÍNEZ DE LA TORRE,1,2026-08-09
30,VERACRUZ,2026-03,LOCALIZADA_CON_VIDA,HOMBRE,30108,MINATITLÁN,1,2026-08-09
30,VERACRUZ,2026-03,LOCALIZADA_CON_VIDA,HOMBRE,30109,MISANTLA,1,2026-08-09
30,VERACRUZ,2026-03,LOCALIZADA_CON_VIDA,HOMBRE,30115,NOGALES,1,2026-08-09
30,VERACRUZ,2026-03,LOCALIZADA_CON_VIDA,HOMBRE,30118,ORIZABA,1,2026-08-09
30,VERACRUZ,2026-03,LOCALIZADA_CON_VIDA,MUJER,30118,ORIZABA,1,2026-08-09
30,VERACRUZ,2026-03,LOCALIZADA_CON_VIDA,HOMBRE,30125,PASO DEL MACHO,1,2026-08-09
30,VERACRUZ,2026-03,LOCALIZADA_CON_VIDA,MUJER,30125,PASO DEL MACHO,1,2026-08-09
30,VERACRUZ,2026-03,LOCALIZADA_CON_VIDA,MUJER,30128,PEROTE,1,2026-08-09
30,VERACRUZ,2026-03,LOCALIZADA_CON_VIDA,HOMBRE,30131,POZA RICA DE HIDALGO,1,2026-08-09
30,VERACRUZ,2026-03,LOCALIZADA_CON_VIDA,MUJER,30131,POZA RICA DE HIDALGO,1,2026-08-09
30,VERACRUZ,2026-03,LOCALIZADA_CON_VIDA,HOMBRE,30132,LAS VIGAS DE RAMÍREZ,1,2026-08-09
30,VERACRUZ,2026-03,LOCALIZADA_CON_VIDA,HOMBRE,30136,RAFAEL LUCIO,1,2026-08-09
30,VERACRUZ,2026-03,LOCALIZADA_CON_VIDA,HOMBRE,30138,RÍO BLANCO,2,2026-08-09
30,VERACRUZ,2026-03,LOCALIZADA_CON_VIDA,MUJER,30138,RÍO BLANCO,1,2026-08-09
30,VERACRUZ,2026-03,LOCALIZADA_CON_VIDA,HOMBRE,30155,TANTOYUCA,1,2026-08-09
30,VERACRUZ,2026-03,LOCALIZADA_CON_VIDA,MUJER,30155,TANTOYUCA,1,2026-08-09
30,VERACRUZ,2026-03,LOCALIZADA_CON_VIDA,MUJER,30175,TIHUATLÁN,1,2026-08-09
30,VERACRUZ,2026-03,LOCALIZADA_CON_VIDA,HOMBRE,30189,TÚXPAM,1,2026-08-09
30,VERACRUZ,2026-03,LOCALIZADA_CON_VIDA,HOMBRE,30191,URSULO GALVÁN,1,2026-08-09
30,VERACRUZ,2026-03,LOCALIZADA_CON_VIDA,HOMBRE,30193,VERACRUZ,3,2026-08-09
30,VERACRUZ,2026-03,LOCALIZADA_CON_VIDA,MUJER,30193,VERACRUZ,2,2026-08-09
30,VERACRUZ,2026-03,LOCALIZADA_SIN_VIDA,HOMBRE,30066,ESPINAL,2,2026-08-09
30,VERACRUZ,2026-03,LOCALIZADA_SIN_VIDA,HOMBRE,30128,PEROTE,2,2026-08-09
30,VERACRUZ,2026-03,LOCALIZADA_SIN_VIDA,HOMBRE,30189,TÚXPAM,1,2026-08-09
30,VERACRUZ,2026-04,DESAPARECIDA_O_NO_LOCALIZADA,MUJER,30016,LA ANTIGUA,1,2026-08-09
30,VERACRUZ,2026-04,DESAPARECIDA_O_NO_LOCALIZADA,HOMBRE,30021,ATOYAC,1,2026-08-09
30,VERACRUZ,2026-04,DESAPARECIDA_O_NO_LOCALIZADA,HOMBRE,30024,TLALTETELA,1,2026-08-09
30,VERACRUZ,2026-04,DESAPARECIDA_O_NO_LOCALIZADA,HOMBRE,30038,COATEPEC,1,2026-08-09
30,VERACRUZ,2026-04,DESAPARECIDA_O_NO_LOCALIZADA,HOMBRE,30042,COLIPA,1,2026-08-09
30,VERACRUZ,2026-04,DESAPARECIDA_O_NO_LOCALIZADA,HOMBRE,30044,CÓRDOBA,1,2026-08-09
30,VERACRUZ,2026-04,DESAPARECIDA_O_NO_LOCALIZADA,HOMBRE,30053,CUITLÁHUAC,1,2026-08-09
30,VERACRUZ,2026-04,DESAPARECIDA_O_NO_LOCALIZADA,HOMBRE,30066,ESPINAL,1,2026-08-09
30,VERACRUZ,2026-04,DESAPARECIDA_O_NO_LOCALIZADA,HOMBRE,30087,XALAPA,1,2026-08-09
30,VERACRUZ,2026-04,DESAPARECIDA_O_NO_LOCALIZADA,HOMBRE,30097,LERDO DE TEJADA,1,2026-08-09
30,VERACRUZ,2026-04,DESAPARECIDA_O_NO_LOCALIZADA,HOMBRE,30100,MANLIO FABIO ALTAMIRANO,1,2026-08-09
30,VERACRUZ,2026-04,DESAPARECIDA_O_NO_LOCALIZADA,HOMBRE,30105,MEDELLÍN,1,2026-08-09
30,VERACRUZ,2026-04,DESAPARECIDA_O_NO_LOCALIZADA,MUJER,30108,MINATITLÁN,1,2026-08-09
30,VERACRUZ,2026-04,DESAPARECIDA_O_NO_LOCALIZADA,HOMBRE,30109,MISANTLA,1,2026-08-09
30,VERACRUZ,2026-04,DESAPARECIDA_O_NO_LOCALIZADA,HOMBRE,30114,NAUTLA,1,2026-08-09
30,VERACRUZ,2026-04,DESAPARECIDA_O_NO_LOCALIZADA,HOMBRE,30118,ORIZABA,1,2026-08-09
30,VERACRUZ,2026-04,DESAPARECIDA_O_NO_LOCALIZADA,HOMBRE,30124,PAPANTLA,2,2026-08-09
30,VERACRUZ,2026-04,DESAPARECIDA_O_NO_LOCALIZADA,HOMBRE,30129,PLATÓN SÁNCHEZ,1,2026-08-09
30,VERACRUZ,2026-04,DESAPARECIDA_O_NO_LOCALIZADA,HOMBRE,30131,POZA RICA DE HIDALGO,1,2026-08-09
30,VERACRUZ,2026-04,DESAPARECIDA_O_NO_LOCALIZADA,HOMBRE,30133,PUEBLO VIEJO,1,2026-08-09
30,VERACRUZ,2026-04,DESAPARECIDA_O_NO_LOCALIZADA,HOMBRE,30138,RÍO BLANCO,1,2026-08-09
30,VERACRUZ,2026-04,DESAPARECIDA_O_NO_LOCALIZADA,HOMBRE,30141,SAN ANDRÉS TUXTLA,1,2026-08-09
30,VERACRUZ,2026-04,DESAPARECIDA_O_NO_LOCALIZADA,HOMBRE,30158,TECOLUTLA,1,2026-08-09
30,VERACRUZ,2026-04,DESAPARECIDA_O_NO_LOCALIZADA,HOMBRE,30160,TEMAPACHE,1,2026-08-09
30,VERACRUZ,2026-04,DESAPARECIDA_O_NO_LOCALIZADA,HOMBRE,30173,TEZONAPA,1,2026-08-09
30,VERACRUZ,2026-04,DESAPARECIDA_O_NO_LOCALIZADA,HOMBRE,30186,TOMATLÁN,1,2026-08-09
30,VERACRUZ,2026-04,DESAPARECIDA_O_NO_LOCALIZADA,HOMBRE,30193,VERACRUZ,1,2026-08-09
30,VERACRUZ,2026-04,DESAPARECIDA_O_NO_LOCALIZADA,MUJER,30193,VERACRUZ,1,2026-08-09
30,VERACRUZ,2026-04,LOCALIZADA_CON_VIDA,MUJER,30009,ALTO LUCERO DE GUTIÉRREZ BARRIOS,1,2026-08-09
30,VERACRUZ,2026-04,LOCALIZADA_CON_VIDA,HOMBRE,30021,ATOYAC,1,2026-08-09
30,VERACRUZ,2026-04,LOCALIZADA_CON_VIDA,MUJER,30026,BANDERILLA,1,2026-08-09
30,VERACRUZ,2026-04,LOCALIZADA_CON_VIDA,HOMBRE,30030,CAMERINO Z. MENDOZA,1,2026-08-09
30,VERACRUZ,2026-04,LOCALIZADA_CON_VIDA,HOMBRE,30039,COATZACOALCOS,3,2026-08-09
30,VERACRUZ,2026-04,LOCALIZADA_CON_VIDA,HOMBRE,30040,COATZINTLA,1,2026-08-09
30,VERACRUZ,2026-04,LOCALIZADA_CON_VIDA,HOMBRE,30044,CÓRDOBA,4,2026-08-09
30,VERACRUZ,2026-04,LOCALIZADA_CON_VIDA,MUJER,30044,CÓRDOBA,2,2026-08-09
30,VERACRUZ,2026-04,LOCALIZADA_CON_VIDA,HOMBRE,30048,COSOLEACAQUE,1,2026-08-09
30,VERACRUZ,2026-04,LOCALIZADA_CON_VIDA,HOMBRE,30068,FORTÍN,1,2026-08-09
30,VERACRUZ,2026-04,LOCALIZADA_CON_VIDA,HOMBRE,30085,IXTACZOQUITLÁN,1,2026-08-09
30,VERACRUZ,2026-04,LOCALIZADA_CON_VIDA,HOMBRE,30087,XALAPA,6,2026-08-09
30,VERACRUZ,2026-04,LOCALIZADA_CON_VIDA,MUJER,30087,XALAPA,4,2026-08-09
30,VERACRUZ,2026-04,LOCALIZADA_CON_VIDA,MUJER,30102,MARTÍNEZ DE LA TORRE,1,2026-08-09
30,VERACRUZ,2026-04,LOCALIZADA_CON_VIDA,HOMBRE,30112,NAOLINCO,1,2026-08-09
30,VERACRUZ,2026-04,LOCALIZADA_CON_VIDA,HOMBRE,30118,ORIZABA,1,2026-08-09
30,VERACRUZ,2026-04,LOCALIZADA_CON_VIDA,HOMBRE,30127,LA PERLA,1,2026-08-09
30,VERACRUZ,2026-04,LOCALIZADA_CON_VIDA,HOMBRE,30128,PEROTE,1,2026-08-09
30,VERACRUZ,2026-04,LOCALIZADA_CON_VIDA,HOMBRE,30131,POZA RICA DE HIDALGO,1,2026-08-09
30,VERACRUZ,2026-04,LOCALIZADA_CON_VIDA,HOMBRE,30175,TIHUATLÁN,1,2026-08-09
30,VERACRUZ,2026-04,LOCALIZADA_CON_VIDA,MUJER,30175,TIHUATLÁN,1,2026-08-09
30,VERACRUZ,2026-04,LOCALIZADA_CON_VIDA,HOMBRE,30183,TLAPACOYAN,1,2026-08-09
30,VERACRUZ,2026-04,LOCALIZADA_CON_VIDA,HOMBRE,30193,VERACRUZ,2,2026-08-09
30,VERACRUZ,2026-04,LOCALIZADA_CON_VIDA,MUJER,30193,VERACRUZ,1,2026-08-09
30,VERACRUZ,2026-04,LOCALIZADA_CON_VIDA,MUJER,30196,YANGA,1,2026-08-09
30,VERACRUZ,2026-04,LOCALIZADA_SIN_VIDA,HOMBRE,30010,ALTOTONGA,1,2026-08-09
30,VERACRUZ,2026-04,LOCALIZADA_SIN_VIDA,HOMBRE,30057,CHICONQUIACO,1,2026-08-09
30,VERACRUZ,2026-04,LOCALIZADA_SIN_VIDA,HOMBRE,30074,HUILOAPAN,1,2026-08-09
30,VERACRUZ,2026-04,LOCALIZADA_SIN_VIDA,HOMBRE,30132,LAS VIGAS DE RAMÍREZ,1,2026-08-09
30,VERACRUZ,2026-04,LOCALIZADA_SIN_VIDA,HOMBRE,30158,TECOLUTLA,2,2026-08-09
30,VERACRUZ,2026-05,DESAPARECIDA_O_NO_LOCALIZADA,MUJER,30004,ACTOPAN,1,2026-08-09
30,VERACRUZ,2026-05,DESAPARECIDA_O_NO_LOCALIZADA,HOMBRE,30011,ALVARADO,1,2026-08-09
30,VERACRUZ,2026-05,DESAPARECIDA_O_NO_LOCALIZADA,MUJER,30023,ATZALAN,1,2026-08-09
30,VERACRUZ,2026-05,DESAPARECIDA_O_NO_LOCALIZADA,HOMBRE,30026,BANDERILLA,1,2026-08-09
30,VERACRUZ,2026-05,DESAPARECIDA_O_NO_LOCALIZADA,HOMBRE,30028,BOCA DEL RÍO,1,2026-08-09
30,VERACRUZ,2026-05,DESAPARECIDA_O_NO_LOCALIZADA,HOMBRE,30030,CAMERINO Z. MENDOZA,1,2026-08-09
30,VERACRUZ,2026-05,DESAPARECIDA_O_NO_LOCALIZADA,HOMBRE,30038,COATEPEC,1,2026-08-09
30,VERACRUZ,2026-05,DESAPARECIDA_O_NO_LOCALIZADA,HOMBRE,30042,COLIPA,2,2026-08-09
30,VERACRUZ,2026-05,DESAPARECIDA_O_NO_LOCALIZADA,HOMBRE,30044,CÓRDOBA,1,2026-08-09
30,VERACRUZ,2026-05,DESAPARECIDA_O_NO_LOCALIZADA,MUJER,30044,CÓRDOBA,2,2026-08-09
30,VERACRUZ,2026-05,DESAPARECIDA_O_NO_LOCALIZADA,HOMBRE,30045,COSAMALOAPAN DE CARPIO,1,2026-08-09
30,VERACRUZ,2026-05,DESAPARECIDA_O_NO_LOCALIZADA,HOMBRE,30047,COSCOMATEPEC,1,2026-08-09
30,VERACRUZ,2026-05,DESAPARECIDA_O_NO_LOCALIZADA,HOMBRE,30065,EMILIANO ZAPATA,1,2026-08-09
30,VERACRUZ,2026-05,DESAPARECIDA_O_NO_LOCALIZADA,HOMBRE,30084,IXMATLAHUACAN,1,2026-08-09
30,VERACRUZ,2026-05,DESAPARECIDA_O_NO_LOCALIZADA,HOMBRE,30087,XALAPA,1,2026-08-09
30,VERACRUZ,2026-05,DESAPARECIDA_O_NO_LOCALIZADA,HOMBRE,30100,MANLIO FABIO ALTAMIRANO,1,2026-08-09
30,VERACRUZ,2026-05,DESAPARECIDA_O_NO_LOCALIZADA,HOMBRE,30101,MARIANO ESCOBEDO,1,2026-08-09
30,VERACRUZ,2026-05,DESAPARECIDA_O_NO_LOCALIZADA,HOMBRE,30102,MARTÍNEZ DE LA TORRE,2,2026-08-09
30,VERACRUZ,2026-05,DESAPARECIDA_O_NO_LOCALIZADA,HOMBRE,30108,MINATITLÁN,1,2026-08-09
30,VERACRUZ,2026-05,DESAPARECIDA_O_NO_LOCALIZADA,MUJER,30108,MINATITLÁN,1,2026-08-09
30,VERACRUZ,2026-05,DESAPARECIDA_O_NO_LOCALIZADA,HOMBRE,30112,NAOLINCO,1,2026-08-09
30,VERACRUZ,2026-05,DESAPARECIDA_O_NO_LOCALIZADA,HOMBRE,30114,NAUTLA,1,2026-08-09
30,VERACRUZ,2026-05,DESAPARECIDA_O_NO_LOCALIZADA,HOMBRE,30118,ORIZABA,1,2026-08-09
30,VERACRUZ,2026-05,DESAPARECIDA_O_NO_LOCALIZADA,HOMBRE,30124,PAPANTLA,2,2026-08-09
30,VERACRUZ,2026-05,DESAPARECIDA_O_NO_LOCALIZADA,HOMBRE,30126,PASO DE OVEJAS,1,2026-08-09
30,VERACRUZ,2026-05,DESAPARECIDA_O_NO_LOCALIZADA,HOMBRE,30131,POZA RICA DE HIDALGO,1,2026-08-09
30,VERACRUZ,2026-05,DESAPARECIDA_O_NO_LOCALIZADA,MUJER,30131,POZA RICA DE HIDALGO,1,2026-08-09
30,VERACRUZ,2026-05,DESAPARECIDA_O_NO_LOCALIZADA,MUJER,30141,SAN ANDRÉS TUXTLA,1,2026-08-09
30,VERACRUZ,2026-05,DESAPARECIDA_O_NO_LOCALIZADA,HOMBRE,30144,SAYULA DE ALEMÁN,1,2026-08-09
30,VERACRUZ,2026-05,DESAPARECIDA_O_NO_LOCALIZADA,HOMBRE,30158,TECOLUTLA,1,2026-08-09
30,VERACRUZ,2026-05,DESAPARECIDA_O_NO_LOCALIZADA,HOMBRE,30173,TEZONAPA,1,2026-08-09
30,VERACRUZ,2026-05,DESAPARECIDA_O_NO_LOCALIZADA,MUJER,30174,TIERRA BLANCA,1,2026-08-09
30,VERACRUZ,2026-05,DESAPARECIDA_O_NO_LOCALIZADA,HOMBRE,30175,TIHUATLÁN,1,2026-08-09
30,VERACRUZ,2026-05,DESAPARECIDA_O_NO_LOCALIZADA,HOMBRE,30191,URSULO GALVÁN,1,2026-08-09
30,VERACRUZ,2026-05,DESAPARECIDA_O_NO_LOCALIZADA,HOMBRE,30193,VERACRUZ,2,2026-08-09
30,VERACRUZ,2026-05,DESAPARECIDA_O_NO_LOCALIZADA,MUJER,30193,VERACRUZ,1,2026-08-09
30,VERACRUZ,2026-05,DESAPARECIDA_O_NO_LOCALIZADA,MUJER,30205,EL HIGO,1,2026-08-09
30,VERACRUZ,2026-05,LOCALIZADA_CON_VIDA,MUJER,30010,ALTOTONGA,1,2026-08-09
30,VERACRUZ,2026-05,LOCALIZADA_CON_VIDA,HOMBRE,30011,ALVARADO,1,2026-08-09
30,VERACRUZ,2026-05,LOCALIZADA_CON_VIDA,MUJER,30014,AMATLÁN DE LOS REYES,2,2026-08-09
30,VERACRUZ,2026-05,LOCALIZADA_CON_VIDA,HOMBRE,30026,BANDERILLA,2,2026-08-09
30,VERACRUZ,2026-05,LOCALIZADA_CON_VIDA,MUJER,30026,BANDERILLA,1,2026-08-09
30,VERACRUZ,2026-05,LOCALIZADA_CON_VIDA,HOMBRE,30038,COATEPEC,1,2026-08-09
30,VERACRUZ,2026-05,LOCALIZADA_CON_VIDA,HOMBRE,30039,COATZACOALCOS,4,2026-08-09
30,VERACRUZ,2026-05,LOCALIZADA_CON_VIDA,MUJER,30039,COATZACOALCOS,1,2026-08-09
30,VERACRUZ,2026-05,LOCALIZADA_CON_VIDA,HOMBRE,30044,CÓRDOBA,2,2026-08-09
30,VERACRUZ,2026-05,LOCALIZADA_CON_VIDA,MUJER,30044,CÓRDOBA,1,2026-08-09
30,VERACRUZ,2026-05,LOCALIZADA_CON_VIDA,HOMBRE,30045,COSAMALOAPAN DE CARPIO,1,2026-08-09
30,VERACRUZ,2026-05,LOCALIZADA_CON_VIDA,MUJER,30045,COSAMALOAPAN DE CARPIO,1,2026-08-09
30,VERACRUZ,2026-05,LOCALIZADA_CON_VIDA,MUJER,30048,COSOLEACAQUE,1,2026-08-09
30,VERACRUZ,2026-05,LOCALIZADA_CON_VIDA,HOMBRE,30057,CHICONQUIACO,1,2026-08-09
30,VERACRUZ,2026-05,LOCALIZADA_CON_VIDA,MUJER,30062,CHOCAMÁN,1,2026-08-09
30,VERACRUZ,2026-05,LOCALIZADA_CON_VIDA,MUJER,30065,EMILIANO ZAPATA,2,2026-08-09
30,VERACRUZ,2026-05,LOCALIZADA_CON_VIDA,HOMBRE,30068,FORTÍN,1,2026-08-09
30,VERACRUZ,2026-05,LOCALIZADA_CON_VIDA,MUJER,30070,HIDALGOTITLÁN,1,2026-08-09
30,VERACRUZ,2026-05,LOCALIZADA_CON_VIDA,HOMBRE,30086,JALACINGO,1,2026-08-09
30,VERACRUZ,2026-05,LOCALIZADA_CON_VIDA,HOMBRE,30087,XALAPA,7,2026-08-09
30,VERACRUZ,2026-05,LOCALIZADA_CON_VIDA,MUJER,30087,XALAPA,4,2026-08-09
30,VERACRUZ,2026-05,LOCALIZADA_CON_VIDA,MUJER,30102,MARTÍNEZ DE LA TORRE,3,2026-08-09
30,VERACRUZ,2026-05,LOCALIZADA_CON_VIDA,HOMBRE,30124,PAPANTLA,1,2026-08-09
30,VERACRUZ,2026-05,LOCALIZADA_CON_VIDA,HOMBRE,30131,POZA RICA DE HIDALGO,2,2026-08-09
30,VERACRUZ,2026-05,LOCALIZADA_CON_VIDA,HOMBRE,30136,RAFAEL LUCIO,1,2026-08-09
30,VERACRUZ,2026-05,LOCALIZADA_CON_VIDA,MUJER,30141,SAN ANDRÉS TUXTLA,1,2026-08-09
30,VERACRUZ,2026-05,LOCALIZADA_CON_VIDA,MUJER,30174,TIERRA BLANCA,1,2026-08-09
30,VERACRUZ,2026-05,LOCALIZADA_CON_VIDA,MUJER,30175,TIHUATLÁN,1,2026-08-09
30,VERACRUZ,2026-05,LOCALIZADA_CON_VIDA,MUJER,30178,TLACOTALPAN,1,2026-08-09
30,VERACRUZ,2026-05,LOCALIZADA_CON_VIDA,HOMBRE,30183,TLAPACOYAN,1,2026-08-09
30,VERACRUZ,2026-05,LOCALIZADA_CON_VIDA,MUJER,30183,TLAPACOYAN,1,2026-08-09
30,VERACRUZ,2026-05,LOCALIZADA_CON_VIDA,HOMBRE,30193,VERACRUZ,3,2026-08-09
30,VERACRUZ,2026-05,LOCALIZADA_CON_VIDA,MUJER,30193,VERACRUZ,4,2026-08-09
30,VERACRUZ,2026-05,LOCALIZADA_SIN_VIDA,MUJER,30038,COATEPEC,1,2026-08-09
30,VERACRUZ,2026-05,LOCALIZADA_SIN_VIDA,HOMBRE,30080,IXHUATLÁN DEL CAFÉ,1,2026-08-09
30,VERACRUZ,2026-05,LOCALIZADA_SIN_VIDA,HOMBRE,30092,XICO,2,2026-08-09
30,VERACRUZ,2026-05,LOCALIZADA_SIN_VIDA,HOMBRE,30193,VERACRUZ,1,2026-08-09
30,VERACRUZ,2026-06,DESAPARECIDA_O_NO_LOCALIZADA,HOMBRE,30003,ACAYUCAN,4,2026-08-09
30,VERACRUZ,2026-06,DESAPARECIDA_O_NO_LOCALIZADA,HOMBRE,30009,ALTO LUCERO DE GUTIÉRREZ BARRIOS,1,2026-08-09
30,VERACRUZ,2026-06,DESAPARECIDA_O_NO_LOCALIZADA,HOMBRE,30011,ALVARADO,2,2026-08-09
30,VERACRUZ,2026-06,DESAPARECIDA_O_NO_LOCALIZADA,HOMBRE,30014,AMATLÁN DE LOS REYES,1,2026-08-09
30,VERACRUZ,2026-06,DESAPARECIDA_O_NO_LOCALIZADA,HOMBRE,30028,BOCA DEL RÍO,1,2026-08-09
30,VERACRUZ,2026-06,DESAPARECIDA_O_NO_LOCALIZADA,HOMBRE,30038,COATEPEC,1,2026-08-09
30,VERACRUZ,2026-06,DESAPARECIDA_O_NO_LOCALIZADA,HOMBRE,30039,COATZACOALCOS,1,2026-08-09
30,VERACRUZ,2026-06,DESAPARECIDA_O_NO_LOCALIZADA,HOMBRE,30044,CÓRDOBA,1,2026-08-09
30,VERACRUZ,2026-06,DESAPARECIDA_O_NO_LOCALIZADA,HOMBRE,30045,COSAMALOAPAN DE CARPIO,2,2026-08-09
30,VERACRUZ,2026-06,DESAPARECIDA_O_NO_LOCALIZADA,HOMBRE,30073,HUEYAPAN DE OCAMPO,1,2026-08-09
30,VERACRUZ,2026-06,DESAPARECIDA_O_NO_LOCALIZADA,HOMBRE,30087,XALAPA,3,2026-08-09
30,VERACRUZ,2026-06,DESAPARECIDA_O_NO_LOCALIZADA,HOMBRE,30117,OMEALCA,1,2026-08-09
30,VERACRUZ,2026-06,DESAPARECIDA_O_NO_LOCALIZADA,MUJER,30118,ORIZABA,1,2026-08-09
30,VERACRUZ,2026-06,DESAPARECIDA_O_NO_LOCALIZADA,MUJER,30131,POZA RICA DE HIDALGO,1,2026-08-09
30,VERACRUZ,2026-06,DESAPARECIDA_O_NO_LOCALIZADA,HOMBRE,30135,RAFAEL DELGADO,1,2026-08-09
30,VERACRUZ,2026-06,DESAPARECIDA_O_NO_LOCALIZADA,MUJER,30144,SAYULA DE ALEMÁN,1,2026-08-09
30,VERACRUZ,2026-06,DESAPARECIDA_O_NO_LOCALIZADA,HOMBRE,30193,VERACRUZ,6,2026-08-09
30,VERACRUZ,2026-06,DESAPARECIDA_O_NO_LOCALIZADA,MUJER,30193,VERACRUZ,1,2026-08-09
30,VERACRUZ,2026-06,DESAPARECIDA_O_NO_LOCALIZADA,MUJER,30207,TRES VALLES,1,2026-08-09
30,VERACRUZ,2026-06,LOCALIZADA_CON_VIDA,HOMBRE,30003,ACAYUCAN,1,2026-08-09
30,VERACRUZ,2026-06,LOCALIZADA_CON_VIDA,HOMBRE,30004,ACTOPAN,1,2026-08-09
30,VERACRUZ,2026-06,LOCALIZADA_CON_VIDA,MUJER,30022,ATZACAN,1,2026-08-09
30,VERACRUZ,2026-06,LOCALIZADA_CON_VIDA,HOMBRE,30028,BOCA DEL RÍO,1,2026-08-09
30,VERACRUZ,2026-06,LOCALIZADA_CON_VIDA,HOMBRE,30044,CÓRDOBA,2,2026-08-09
30,VERACRUZ,2026-06,LOCALIZADA_CON_VIDA,MUJER,30044,CÓRDOBA,3,2026-08-09
30,VERACRUZ,2026-06,LOCALIZADA_CON_VIDA,HOMBRE,30045,COSAMALOAPAN DE CARPIO,1,2026-08-09
30,VERACRUZ,2026-06,LOCALIZADA_CON_VIDA,MUJER,30045,COSAMALOAPAN DE CARPIO,1,2026-08-09
30,VERACRUZ,2026-06,LOCALIZADA_CON_VIDA,HOMBRE,30065,EMILIANO ZAPATA,1,2026-08-09
30,VERACRUZ,2026-06,LOCALIZADA_CON_VIDA,MUJER,30068,FORTÍN,2,2026-08-09
30,VERACRUZ,2026-06,LOCALIZADA_CON_VIDA,HOMBRE,30087,XALAPA,6,2026-08-09
30,VERACRUZ,2026-06,LOCALIZADA_CON_VIDA,MUJER,30087,XALAPA,2,2026-08-09
30,VERACRUZ,2026-06,LOCALIZADA_CON_VIDA,MUJER,30102,MARTÍNEZ DE LA TORRE,2,2026-08-09
30,VERACRUZ,2026-06,LOCALIZADA_CON_VIDA,HOMBRE,30105,MEDELLÍN,1,2026-08-09
30,VERACRUZ,2026-06,LOCALIZADA_CON_VIDA,MUJER,30105,MEDELLÍN,1,2026-08-09
30,VERACRUZ,2026-06,LOCALIZADA_CON_VIDA,HOMBRE,30109,MISANTLA,2,2026-08-09
30,VERACRUZ,2026-06,LOCALIZADA_CON_VIDA,MUJER,30109,MISANTLA,1,2026-08-09
30,VERACRUZ,2026-06,LOCALIZADA_CON_VIDA,HOMBRE,30118,ORIZABA,1,2026-08-09
30,VERACRUZ,2026-06,LOCALIZADA_CON_VIDA,MUJER,30118,ORIZABA,2,2026-08-09
30,VERACRUZ,2026-06,LOCALIZADA_CON_VIDA,HOMBRE,30131,POZA RICA DE HIDALGO,2,2026-08-09
30,VERACRUZ,2026-06,LOCALIZADA_CON_VIDA,MUJER,30131,POZA RICA DE HIDALGO,1,2026-08-09
30,VERACRUZ,2026-06,LOCALIZADA_CON_VIDA,MUJER,30138,RÍO BLANCO,1,2026-08-09
30,VERACRUZ,2026-06,LOCALIZADA_CON_VIDA,HOMBRE,30144,SAYULA DE ALEMÁN,1,2026-08-09
30,VERACRUZ,2026-06,LOCALIZADA_CON_VIDA,HOMBRE,30160,TEMAPACHE,1,2026-08-09
30,VERACRUZ,2026-06,LOCALIZADA_CON_VIDA,HOMBRE,30166,TEPETLÁN,1,2026-08-09
30,VERACRUZ,2026-06,LOCALIZADA_CON_VIDA,HOMBRE,30175,TIHUATLÁN,1,2026-08-09
30,VERACRUZ,2026-06,LOCALIZADA_CON_VIDA,MUJER,30175,TIHUATLÁN,2,2026-08-09
30,VERACRUZ,2026-06,LOCALIZADA_CON_VIDA,MUJER,30183,TLAPACOYAN,1,2026-08-09
30,VERACRUZ,2026-06,LOCALIZADA_CON_VIDA,MUJER,30186,TOMATLÁN,1,2026-08-09
30,VERACRUZ,2026-06,LOCALIZADA_CON_VIDA,HOMBRE,30193,VERACRUZ,6,2026-08-09
30,VERACRUZ,2026-06,LOCALIZADA_CON_VIDA,MUJER,30193,VERACRUZ,4,2026-08-09
30,VERACRUZ,2026-06,LOCALIZADA_CON_VIDA,HOMBRE,30207,TRES VALLES,1,2026-08-09
30,VERACRUZ,2026-06,LOCALIZADA_SIN_VIDA,HOMBRE,30085,IXTACZOQUITLÁN,1,2026-08-09
30,VERACRUZ,2026-06,LOCALIZADA_SIN_VIDA,HOMBRE,30142,SAN JUAN EVANGELISTA,1,2026-08-09
30,VERACRUZ,2026-07,DESAPARECIDA_O_NO_LOCALIZADA,MUJER,30028,BOCA DEL RÍO,1,2026-08-09
30,VERACRUZ,2026-07,DESAPARECIDA_O_NO_LOCALIZADA,HOMBRE,30044,CÓRDOBA,3,2026-08-09
30,VERACRUZ,2026-07,DESAPARECIDA_O_NO_LOCALIZADA,MUJER,30044,CÓRDOBA,1,2026-08-09
30,VERACRUZ,2026-07,DESAPARECIDA_O_NO_LOCALIZADA,MUJER,30048,COSOLEACAQUE,1,2026-08-09
30,VERACRUZ,2026-07,DESAPARECIDA_O_NO_LOCALIZADA,HOMBRE,30085,IXTACZOQUITLÁN,1,2026-08-09
30,VERACRUZ,2026-07,DESAPARECIDA_O_NO_LOCALIZADA,HOMBRE,30087,XALAPA,4,2026-08-09
30,VERACRUZ,2026-07,DESAPARECIDA_O_NO_LOCALIZADA,MUJER,30087,XALAPA,3,2026-08-09
30,VERACRUZ,2026-07,DESAPARECIDA_O_NO_LOCALIZADA,MUJER,30089,JÁLTIPAN,1,2026-08-09
30,VERACRUZ,2026-07,DESAPARECIDA_O_NO_LOCALIZADA,HOMBRE,30094,JUAN RODRÍGUEZ CLARA,1,2026-08-09
30,VERACRUZ,2026-07,DESAPARECIDA_O_NO_LOCALIZADA,HOMBRE,30102,MARTÍNEZ DE LA TORRE,1,2026-08-09
30,VERACRUZ,2026-07,DESAPARECIDA_O_NO_LOCALIZADA,HOMBRE,30109,MISANTLA,1,2026-08-09
30,VERACRUZ,2026-07,DESAPARECIDA_O_NO_LOCALIZADA,MUJER,30111,MOLOACÁN,1,2026-08-09
30,VERACRUZ,2026-07,DESAPARECIDA_O_NO_LOCALIZADA,HOMBRE,30116,OLUTA,1,2026-08-09
30,VERACRUZ,2026-07,DESAPARECIDA_O_NO_LOCALIZADA,HOMBRE,30131,POZA RICA DE HIDALGO,1,2026-08-09
30,VERACRUZ,2026-07,DESAPARECIDA_O_NO_LOCALIZADA,HOMBRE,30132,LAS VIGAS DE RAMÍREZ,1,2026-08-09
30,VERACRUZ,2026-07,DESAPARECIDA_O_NO_LOCALIZADA,HOMBRE,30155,TANTOYUCA,1,2026-08-09
30,VERACRUZ,2026-07,DESAPARECIDA_O_NO_LOCALIZADA,HOMBRE,30158,TECOLUTLA,1,2026-08-09
30,VERACRUZ,2026-07,DESAPARECIDA_O_NO_LOCALIZADA,HOMBRE,30172,TEXISTEPEC,1,2026-08-09
30,VERACRUZ,2026-07,DESAPARECIDA_O_NO_LOCALIZADA,HOMBRE,30173,TEZONAPA,2,2026-08-09
30,VERACRUZ,2026-07,DESAPARECIDA_O_NO_LOCALIZADA,HOMBRE,30174,TIERRA BLANCA,1,2026-08-09
30,VERACRUZ,2026-07,DESAPARECIDA_O_NO_LOCALIZADA,HOMBRE,30189,TÚXPAM,1,2026-08-09
30,VERACRUZ,2026-07,DESAPARECIDA_O_NO_LOCALIZADA,HOMBRE,30193,VERACRUZ,2,2026-08-09
30,VERACRUZ,2026-07,DESAPARECIDA_O_NO_LOCALIZADA,MUJER,30193,VERACRUZ,1,2026-08-09
30,VERACRUZ,2026-07,LOCALIZADA_CON_VIDA,HOMBRE,30023,ATZALAN,1,2026-08-09
30,VERACRUZ,2026-07,LOCALIZADA_CON_VIDA,MUJER,30028,BOCA DEL RÍO,2,2026-08-09
30,VERACRUZ,2026-07,LOCALIZADA_CON_VIDA,MUJER,30030,CAMERINO Z. MENDOZA,1,2026-08-09
30,VERACRUZ,2026-07,LOCALIZADA_CON_VIDA,MUJER,30032,CATEMACO,1,2026-08-09
30,VERACRUZ,2026-07,LOCALIZADA_CON_VIDA,HOMBRE,30038,COATEPEC,1,2026-08-09
30,VERACRUZ,2026-07,LOCALIZADA_CON_VIDA,MUJER,30039,COATZACOALCOS,2,2026-08-09
30,VERACRUZ,2026-07,LOCALIZADA_CON_VIDA,HOMBRE,30040,COATZINTLA,1,2026-08-09
30,VERACRUZ,2026-07,LOCALIZADA_CON_VIDA,MUJER,30040,COATZINTLA,1,2026-08-09
30,VERACRUZ,2026-07,LOCALIZADA_CON_VIDA,MUJER,30044,CÓRDOBA,1,2026-08-09
30,VERACRUZ,2026-07,LOCALIZADA_CON_VIDA,MUJER,30047,COSCOMATEPEC,1,2026-08-09
30,VERACRUZ,2026-07,LOCALIZADA_CON_VIDA,HOMBRE,30061,LAS CHOAPAS,1,2026-08-09
30,VERACRUZ,2026-07,LOCALIZADA_CON_VIDA,HOMBRE,30065,EMILIANO ZAPATA,1,2026-08-09
30,VERACRUZ,2026-07,LOCALIZADA_CON_VIDA,HOMBRE,30079,IXHUACÁN DE LOS REYES,1,2026-08-09
30,VERACRUZ,2026-07,LOCALIZADA_CON_VIDA,HOMBRE,30087,XALAPA,5,2026-08-09
30,VERACRUZ,2026-07,LOCALIZADA_CON_VIDA,MUJER,30087,XALAPA,9,2026-08-09
30,VERACRUZ,2026-07,LOCALIZADA_CON_VIDA,MUJER,30093,JILOTEPEC,1,2026-08-09
30,VERACRUZ,2026-07,LOCALIZADA_CON_VIDA,HOMBRE,30102,MARTÍNEZ DE LA TORRE,1,2026-08-09
30,VERACRUZ,2026-07,LOCALIZADA_CON_VIDA,HOMBRE,30105,MEDELLÍN,1,2026-08-09
30,VERACRUZ,2026-07,LOCALIZADA_CON_VIDA,MUJER,30131,POZA RICA DE HIDALGO,2,2026-08-09
30,VERACRUZ,2026-07,LOCALIZADA_CON_VIDA,HOMBRE,30175,TIHUATLÁN,1,2026-08-09
30,VERACRUZ,2026-07,LOCALIZADA_CON_VIDA,HOMBRE,30193,VERACRUZ,1,2026-08-09
30,VERACRUZ,2026-07,LOCALIZADA_CON_VIDA,MUJER,30193,VERACRUZ,4,2026-08-09
30,VERACRUZ,SIN_FECHA,DESAPARECIDA_O_NO_LOCALIZADA,,,,535,2026-08-09
30,VERACRUZ,SIN_FECHA,LOCALIZADA_CON_VIDA,,,,555,2026-08-09
30,VERACRUZ,SIN_FECHA,LOCALIZADA_SIN_VIDA,,,,68,2026-08-09
31,YUCATAN,2026-01,DESAPARECIDA_O_NO_LOCALIZADA,MUJER,31050,MÉRIDA,1,2026-08-09
31,YUCATAN,2026-01,LOCALIZADA_CON_VIDA,HOMBRE,31050,MÉRIDA,1,2026-08-09
31,YUCATAN,2026-02,DESAPARECIDA_O_NO_LOCALIZADA,HOMBRE,31050,MÉRIDA,1,2026-08-09
31,YUCATAN,2026-02,LOCALIZADA_CON_VIDA,HOMBRE,31041,KANASÍN,1,2026-08-09
31,YUCATAN,2026-02,LOCALIZADA_CON_VIDA,HOMBRE,31050,MÉRIDA,2,2026-08-09
31,YUCATAN,2026-02,LOCALIZADA_CON_VIDA,MUJER,31050,MÉRIDA,2,2026-08-09
31,YUCATAN,2026-02,LOCALIZADA_SIN_VIDA,HOMBRE,31050,MÉRIDA,1,2026-08-09
31,YUCATAN,2026-03,DESAPARECIDA_O_NO_LOCALIZADA,HOMBRE,31050,MÉRIDA,6,2026-08-09
31,YUCATAN,2026-03,DESAPARECIDA_O_NO_LOCALIZADA,MUJER,31050,MÉRIDA,2,2026-08-09
31,YUCATAN,2026-03,DESAPARECIDA_O_NO_LOCALIZADA,HOMBRE,31056,OXKUTZCAB,1,2026-08-09
31,YUCATAN,2026-03,LOCALIZADA_CON_VIDA,HOMBRE,31041,KANASÍN,1,2026-08-09
31,YUCATAN,2026-03,LOCALIZADA_CON_VIDA,HOMBRE,31050,MÉRIDA,5,2026-08-09
31,YUCATAN,2026-03,LOCALIZADA_CON_VIDA,HOMBRE,31102,VALLADOLID,1,2026-08-09
31,YUCATAN,2026-03,LOCALIZADA_SIN_VIDA,HOMBRE,31050,MÉRIDA,2,2026-08-09
31,YUCATAN,2026-04,DESAPARECIDA_O_NO_LOCALIZADA,HOMBRE,,LÁZARO CÁRDENAS,1,2026-08-09
31,YUCATAN,2026-04,DESAPARECIDA_O_NO_LOCALIZADA,HOMBRE,31050,MÉRIDA,1,2026-08-09
31,YUCATAN,2026-04,LOCALIZADA_CON_VIDA,HOMBRE,31007,CACALCHÉN,1,2026-08-09
31,YUCATAN,2026-04,LOCALIZADA_CON_VIDA,HOMBRE,31041,KANASÍN,1,2026-08-09
31,YUCATAN,2026-04,LOCALIZADA_CON_VIDA,MUJER,31041,KANASÍN,5,2026-08-09
31,YUCATAN,2026-04,LOCALIZADA_CON_VIDA,HOMBRE,31050,MÉRIDA,12,2026-08-09
31,YUCATAN,2026-04,LOCALIZADA_CON_VIDA,MUJER,31050,MÉRIDA,9,2026-08-09
31,YUCATAN,2026-04,LOCALIZADA_CON_VIDA,HOMBRE,31059,PROGRESO,1,2026-08-09
31,YUCATAN,2026-04,LOCALIZADA_CON_VIDA,HOMBRE,31101,UMÁN,1,2026-08-09
31,YUCATAN,2026-04,LOCALIZADA_SIN_VIDA,HOMBRE,31050,MÉRIDA,1,2026-08-09
31,YUCATAN,2026-05,DESAPARECIDA_O_NO_LOCALIZADA,HOMBRE,31048,MAXCANÚ,1,2026-08-09
31,YUCATAN,2026-05,DESAPARECIDA_O_NO_LOCALIZADA,HOMBRE,31050,MÉRIDA,1,2026-08-09
31,YUCATAN,2026-05,DESAPARECIDA_O_NO_LOCALIZADA,HOMBRE,31089,TICUL,1,2026-08-09
31,YUCATAN,2026-05,LOCALIZADA_CON_VIDA,HOMBRE,31025,DZÁN,2,2026-08-09
31,YUCATAN,2026-05,LOCALIZADA_CON_VIDA,MUJER,31025,DZÁN,1,2026-08-09
31,YUCATAN,2026-05,LOCALIZADA_CON_VIDA,MUJER,31034,HOCABÁ,1,2026-08-09
31,YUCATAN,2026-05,LOCALIZADA_CON_VIDA,HOMBRE,31039,IXIL,1,2026-08-09
31,YUCATAN,2026-05,LOCALIZADA_CON_VIDA,HOMBRE,31040,IZAMAL,1,2026-08-09
31,YUCATAN,2026-05,LOCALIZADA_CON_VIDA,MUJER,31041,KANASÍN,3,2026-08-09
31,YUCATAN,2026-05,LOCALIZADA_CON_VIDA,HOMBRE,31050,MÉRIDA,14,2026-08-09
31,YUCATAN,2026-05,LOCALIZADA_CON_VIDA,MUJER,31050,MÉRIDA,15,2026-08-09
31,YUCATAN,2026-05,LOCALIZADA_SIN_VIDA,HOMBRE,31050,MÉRIDA,1,2026-08-09
31,YUCATAN,2026-06,DESAPARECIDA_O_NO_LOCALIZADA,HOMBRE,31041,KANASÍN,3,2026-08-09
31,YUCATAN,2026-06,DESAPARECIDA_O_NO_LOCALIZADA,MUJER,31041,KANASÍN,1,2026-08-09
31,YUCATAN,2026-06,DESAPARECIDA_O_NO_LOCALIZADA,HOMBRE,31050,MÉRIDA,4,2026-08-09
31,YUCATAN,2026-06,DESAPARECIDA_O_NO_LOCALIZADA,MUJER,31050,MÉRIDA,1,2026-08-09
31,YUCATAN,2026-06,DESAPARECIDA_O_NO_LOCALIZADA,HOMBRE,31059,PROGRESO,1,2026-08-09
31,YUCATAN,2026-06,DESAPARECIDA_O_NO_LOCALIZADA,MUJER,31093,TIXKOKOB,1,2026-08-09
31,YUCATAN,2026-06,DESAPARECIDA_O_NO_LOCALIZADA,HOMBRE,31096,TIZIMÍN,1,2026-08-09
31,YUCATAN,2026-06,DESAPARECIDA_O_NO_LOCALIZADA,MUJER,31096,TIZIMÍN,1,2026-08-09
31,YUCATAN,2026-06,DESAPARECIDA_O_NO_LOCALIZADA,MUJER,31098,TZUCACAB,1,2026-08-09
31,YUCATAN,2026-06,DESAPARECIDA_O_NO_LOCALIZADA,MUJER,31102,VALLADOLID,1,2026-08-09
31,YUCATAN,2026-06,LOCALIZADA_CON_VIDA,HOMBRE,31002,ACANCEH,1,2026-08-09
31,YUCATAN,2026-06,LOCALIZADA_CON_VIDA,HOMBRE,31004,BACA,1,2026-08-09
31,YUCATAN,2026-06,LOCALIZADA_CON_VIDA,HOMBRE,31013,CONKAL,1,2026-08-09
31,YUCATAN,2026-06,LOCALIZADA_CON_VIDA,HOMBRE,31033,HALACHÓ,1,2026-08-09
31,YUCATAN,2026-06,LOCALIZADA_CON_VIDA,MUJER,31041,KANASÍN,5,2026-08-09
31,YUCATAN,2026-06,LOCALIZADA_CON_VIDA,HOMBRE,31050,MÉRIDA,7,2026-08-09
31,YUCATAN,2026-06,LOCALIZADA_CON_VIDA,MUJER,31050,MÉRIDA,12,2026-08-09
31,YUCATAN,2026-06,LOCALIZADA_CON_VIDA,MUJER,31056,OXKUTZCAB,4,2026-08-09
31,YUCATAN,2026-06,LOCALIZADA_CON_VIDA,HOMBRE,31059,PROGRESO,1,2026-08-09
31,YUCATAN,2026-06,LOCALIZADA_CON_VIDA,MUJER,31059,PROGRESO,2,2026-08-09
31,YUCATAN,2026-06,LOCALIZADA_CON_VIDA,HOMBRE,31079,TEKAX,1,2026-08-09
31,YUCATAN,2026-06,LOCALIZADA_CON_VIDA,MUJER,31079,TEKAX,1,2026-08-09
31,YUCATAN,2026-06,LOCALIZADA_CON_VIDA,MUJER,31084,TEMAX,1,2026-08-09
31,YUCATAN,2026-06,LOCALIZADA_CON_VIDA,HOMBRE,31085,TEMOZÓN,1,2026-08-09
31,YUCATAN,2026-06,LOCALIZADA_CON_VIDA,HOMBRE,31098,TZUCACAB,1,2026-08-09
31,YUCATAN,2026-06,LOCALIZADA_CON_VIDA,MUJER,31101,UMÁN,1,2026-08-09
31,YUCATAN,2026-07,DESAPARECIDA_O_NO_LOCALIZADA,HOMBRE,31041,KANASÍN,1,2026-08-09
31,YUCATAN,2026-07,DESAPARECIDA_O_NO_LOCALIZADA,MUJER,31041,KANASÍN,1,2026-08-09
31,YUCATAN,2026-07,DESAPARECIDA_O_NO_LOCALIZADA,HOMBRE,31050,MÉRIDA,2,2026-08-09
31,YUCATAN,2026-07,DESAPARECIDA_O_NO_LOCALIZADA,MUJER,31050,MÉRIDA,2,2026-08-09
31,YUCATAN,2026-07,DESAPARECIDA_O_NO_LOCALIZADA,HOMBRE,31053,MUNA,1,2026-08-09
31,YUCATAN,2026-07,DESAPARECIDA_O_NO_LOCALIZADA,MUJER,31059,PROGRESO,1,2026-08-09
31,YUCATAN,2026-07,DESAPARECIDA_O_NO_LOCALIZADA,HOMBRE,31063,SAMAHIL,1,2026-08-09
31,YUCATAN,2026-07,DESAPARECIDA_O_NO_LOCALIZADA,HOMBRE,31067,SEYÉ,1,2026-08-09
31,YUCATAN,2026-07,DESAPARECIDA_O_NO_LOCALIZADA,HOMBRE,31075,TEABO,1,2026-08-09
31,YUCATAN,2026-07,DESAPARECIDA_O_NO_LOCALIZADA,MUJER,31079,TEKAX,1,2026-08-09
31,YUCATAN,2026-07,DESAPARECIDA_O_NO_LOCALIZADA,HOMBRE,31086,TEPAKÁN,1,2026-08-09
31,YUCATAN,2026-07,DESAPARECIDA_O_NO_LOCALIZADA,HOMBRE,31096,TIZIMÍN,1,2026-08-09
31,YUCATAN,2026-07,LOCALIZADA_CON_VIDA,HOMBRE,31019,CHEMAX,1,2026-08-09
31,YUCATAN,2026-07,LOCALIZADA_CON_VIDA,HOMBRE,31038,HUNUCMÁ,1,2026-08-09
31,YUCATAN,2026-07,LOCALIZADA_CON_VIDA,HOMBRE,31041,KANASÍN,4,2026-08-09
31,YUCATAN,2026-07,LOCALIZADA_CON_VIDA,HOMBRE,31050,MÉRIDA,16,2026-08-09
31,YUCATAN,2026-07,LOCALIZADA_CON_VIDA,MUJER,31050,MÉRIDA,9,2026-08-09
31,YUCATAN,2026-07,LOCALIZADA_CON_VIDA,MUJER,31097,TUNKÁS,1,2026-08-09
31,YUCATAN,2026-07,LOCALIZADA_SIN_VIDA,HOMBRE,31101,UMÁN,1,2026-08-09
31,YUCATAN,SIN_FECHA,DESAPARECIDA_O_NO_LOCALIZADA,,,,5,2026-08-09
31,YUCATAN,SIN_FECHA,LOCALIZADA_CON_VIDA,,,,637,2026-08-09
31,YUCATAN,SIN_FECHA,LOCALIZADA_SIN_VIDA,,,,8,2026-08-09
32,ZACATECAS,2026-01,DESAPARECIDA_O_NO_LOCALIZADA,MUJER,32010,FRESNILLO,1,2026-08-09
32,ZACATECAS,2026-01,DESAPARECIDA_O_NO_LOCALIZADA,HOMBRE,32017,GUADALUPE,2,2026-08-09
32,ZACATECAS,2026-01,DESAPARECIDA_O_NO_LOCALIZADA,HOMBRE,32019,JALPA,1,2026-08-09
32,ZACATECAS,2026-01,DESAPARECIDA_O_NO_LOCALIZADA,HOMBRE,32024,LORETO,1,2026-08-09
32,ZACATECAS,2026-01,DESAPARECIDA_O_NO_LOCALIZADA,HOMBRE,32038,PINOS,3,2026-08-09
32,ZACATECAS,2026-01,DESAPARECIDA_O_NO_LOCALIZADA,MUJER,32038,PINOS,1,2026-08-09
32,ZACATECAS,2026-01,DESAPARECIDA_O_NO_LOCALIZADA,HOMBRE,32039,RÍO GRANDE,1,2026-08-09
32,ZACATECAS,2026-01,DESAPARECIDA_O_NO_LOCALIZADA,MUJER,32045,TEPECHITLÁN,1,2026-08-09
32,ZACATECAS,2026-01,DESAPARECIDA_O_NO_LOCALIZADA,HOMBRE,32048,TLALTENANGO DE SÁNCHEZ ROMÁN,3,2026-08-09
32,ZACATECAS,2026-01,DESAPARECIDA_O_NO_LOCALIZADA,HOMBRE,32055,VILLANUEVA,2,2026-08-09
32,ZACATECAS,2026-01,DESAPARECIDA_O_NO_LOCALIZADA,MUJER,32056,ZACATECAS,1,2026-08-09
32,ZACATECAS,2026-01,LOCALIZADA_CON_VIDA,MUJER,32005,CALERA,1,2026-08-09
32,ZACATECAS,2026-01,LOCALIZADA_CON_VIDA,MUJER,32008,CUAUHTÉMOC,2,2026-08-09
32,ZACATECAS,2026-01,LOCALIZADA_CON_VIDA,HOMBRE,32010,FRESNILLO,2,2026-08-09
32,ZACATECAS,2026-01,LOCALIZADA_CON_VIDA,MUJER,32010,FRESNILLO,2,2026-08-09
32,ZACATECAS,2026-01,LOCALIZADA_CON_VIDA,HOMBRE,32017,GUADALUPE,5,2026-08-09
32,ZACATECAS,2026-01,LOCALIZADA_CON_VIDA,MUJER,32017,GUADALUPE,3,2026-08-09
32,ZACATECAS,2026-01,LOCALIZADA_CON_VIDA,HOMBRE,32039,RÍO GRANDE,1,2026-08-09
32,ZACATECAS,2026-01,LOCALIZADA_CON_VIDA,HOMBRE,32042,SOMBRERETE,1,2026-08-09
32,ZACATECAS,2026-01,LOCALIZADA_CON_VIDA,HOMBRE,32048,TLALTENANGO DE SÁNCHEZ ROMÁN,2,2026-08-09
32,ZACATECAS,2026-01,LOCALIZADA_CON_VIDA,MUJER,32055,VILLANUEVA,1,2026-08-09
32,ZACATECAS,2026-01,LOCALIZADA_CON_VIDA,HOMBRE,32056,ZACATECAS,3,2026-08-09
32,ZACATECAS,2026-01,LOCALIZADA_CON_VIDA,MUJER,32056,ZACATECAS,2,2026-08-09
32,ZACATECAS,2026-01,LOCALIZADA_SIN_VIDA,HOMBRE,32010,FRESNILLO,1,2026-08-09
32,ZACATECAS,2026-02,DESAPARECIDA_O_NO_LOCALIZADA,HOMBRE,32005,CALERA,1,2026-08-09
32,ZACATECAS,2026-02,DESAPARECIDA_O_NO_LOCALIZADA,HOMBRE,32020,JEREZ,2,2026-08-09
32,ZACATECAS,2026-02,DESAPARECIDA_O_NO_LOCALIZADA,HOMBRE,32024,LORETO,3,2026-08-09
32,ZACATECAS,2026-02,DESAPARECIDA_O_NO_LOCALIZADA,HOMBRE,32038,PINOS,2,2026-08-09
32,ZACATECAS,2026-02,DESAPARECIDA_O_NO_LOCALIZADA,HOMBRE,32042,SOMBRERETE,2,2026-08-09
32,ZACATECAS,2026-02,DESAPARECIDA_O_NO_LOCALIZADA,HOMBRE,32044,TABASCO,1,2026-08-09
32,ZACATECAS,2026-02,DESAPARECIDA_O_NO_LOCALIZADA,HOMBRE,32050,VETAGRANDE,1,2026-08-09
32,ZACATECAS,2026-02,DESAPARECIDA_O_NO_LOCALIZADA,HOMBRE,32055,VILLANUEVA,3,2026-08-09
32,ZACATECAS,2026-02,DESAPARECIDA_O_NO_LOCALIZADA,MUJER,32055,VILLANUEVA,2,2026-08-09
32,ZACATECAS,2026-02,DESAPARECIDA_O_NO_LOCALIZADA,HOMBRE,32056,ZACATECAS,1,2026-08-09
32,ZACATECAS,2026-02,LOCALIZADA_CON_VIDA,HOMBRE,32008,CUAUHTÉMOC,1,2026-08-09
32,ZACATECAS,2026-02,LOCALIZADA_CON_VIDA,HOMBRE,32010,FRESNILLO,3,2026-08-09
32,ZACATECAS,2026-02,LOCALIZADA_CON_VIDA,MUJER,32010,FRESNILLO,2,2026-08-09
32,ZACATECAS,2026-02,LOCALIZADA_CON_VIDA,HOMBRE,32017,GUADALUPE,3,2026-08-09
32,ZACATECAS,2026-02,LOCALIZADA_CON_VIDA,MUJER,32017,GUADALUPE,5,2026-08-09
32,ZACATECAS,2026-02,LOCALIZADA_CON_VIDA,HOMBRE,32024,LORETO,1,2026-08-09
32,ZACATECAS,2026-02,LOCALIZADA_CON_VIDA,HOMBRE,32026,MAZAPIL,1,2026-08-09
32,ZACATECAS,2026-02,LOCALIZADA_CON_VIDA,MUJER,32039,RÍO GRANDE,3,2026-08-09
32,ZACATECAS,2026-02,LOCALIZADA_CON_VIDA,MUJER,32048,TLALTENANGO DE SÁNCHEZ ROMÁN,1,2026-08-09
32,ZACATECAS,2026-02,LOCALIZADA_CON_VIDA,HOMBRE,32055,VILLANUEVA,1,2026-08-09
32,ZACATECAS,2026-02,LOCALIZADA_CON_VIDA,HOMBRE,32056,ZACATECAS,4,2026-08-09
32,ZACATECAS,2026-02,LOCALIZADA_CON_VIDA,MUJER,32056,ZACATECAS,3,2026-08-09
32,ZACATECAS,2026-02,LOCALIZADA_SIN_VIDA,MUJER,32010,FRESNILLO,1,2026-08-09
32,ZACATECAS,2026-02,LOCALIZADA_SIN_VIDA,HOMBRE,32042,SOMBRERETE,1,2026-08-09
32,ZACATECAS,2026-02,LOCALIZADA_SIN_VIDA,HOMBRE,32046,TEPETONGO,1,2026-08-09
32,ZACATECAS,2026-02,LOCALIZADA_SIN_VIDA,HOMBRE,32055,VILLANUEVA,1,2026-08-09
32,ZACATECAS,2026-03,DESAPARECIDA_O_NO_LOCALIZADA,HOMBRE,32017,GUADALUPE,2,2026-08-09
32,ZACATECAS,2026-03,DESAPARECIDA_O_NO_LOCALIZADA,HOMBRE,32020,JEREZ,1,2026-08-09
32,ZACATECAS,2026-03,DESAPARECIDA_O_NO_LOCALIZADA,HOMBRE,32024,LORETO,1,2026-08-09
32,ZACATECAS,2026-03,DESAPARECIDA_O_NO_LOCALIZADA,HOMBRE,32031,MONTE ESCOBEDO,1,2026-08-09
32,ZACATECAS,2026-03,DESAPARECIDA_O_NO_LOCALIZADA,MUJER,32031,MONTE ESCOBEDO,1,2026-08-09
32,ZACATECAS,2026-03,DESAPARECIDA_O_NO_LOCALIZADA,HOMBRE,32037,PÁNUCO,3,2026-08-09
32,ZACATECAS,2026-03,DESAPARECIDA_O_NO_LOCALIZADA,HOMBRE,32038,PINOS,1,2026-08-09
32,ZACATECAS,2026-03,DESAPARECIDA_O_NO_LOCALIZADA,HOMBRE,32048,TLALTENANGO DE SÁNCHEZ ROMÁN,1,2026-08-09
32,ZACATECAS,2026-03,DESAPARECIDA_O_NO_LOCALIZADA,HOMBRE,32052,VILLA GARCÍA,2,2026-08-09
32,ZACATECAS,2026-03,DESAPARECIDA_O_NO_LOCALIZADA,HOMBRE,32055,VILLANUEVA,4,2026-08-09
32,ZACATECAS,2026-03,DESAPARECIDA_O_NO_LOCALIZADA,HOMBRE,32056,ZACATECAS,2,2026-08-09
32,ZACATECAS,2026-03,LOCALIZADA_CON_VIDA,MUJER,32005,CALERA,1,2026-08-09
32,ZACATECAS,2026-03,LOCALIZADA_CON_VIDA,HOMBRE,32008,CUAUHTÉMOC,2,2026-08-09
32,ZACATECAS,2026-03,LOCALIZADA_CON_VIDA,HOMBRE,32009,CHALCHIHUITES,1,2026-08-09
32,ZACATECAS,2026-03,LOCALIZADA_CON_VIDA,HOMBRE,32010,FRESNILLO,3,2026-08-09
32,ZACATECAS,2026-03,LOCALIZADA_CON_VIDA,MUJER,32010,FRESNILLO,6,2026-08-09
32,ZACATECAS,2026-03,LOCALIZADA_CON_VIDA,HOMBRE,32014,GENERAL FRANCISCO R. MURGUÍA,1,2026-08-09
32,ZACATECAS,2026-03,LOCALIZADA_CON_VIDA,HOMBRE,32017,GUADALUPE,5,2026-08-09
32,ZACATECAS,2026-03,LOCALIZADA_CON_VIDA,MUJER,32017,GUADALUPE,2,2026-08-09
32,ZACATECAS,2026-03,LOCALIZADA_CON_VIDA,HOMBRE,32032,MORELOS,1,2026-08-09
32,ZACATECAS,2026-03,LOCALIZADA_CON_VIDA,HOMBRE,32034,NOCHISTLÁN DE MEJÍA,1,2026-08-09
32,ZACATECAS,2026-03,LOCALIZADA_CON_VIDA,HOMBRE,32037,PÁNUCO,1,2026-08-09
32,ZACATECAS,2026-03,LOCALIZADA_CON_VIDA,HOMBRE,32038,PINOS,2,2026-08-09
32,ZACATECAS,2026-03,LOCALIZADA_CON_VIDA,HOMBRE,32042,SOMBRERETE,1,2026-08-09
32,ZACATECAS,2026-03,LOCALIZADA_CON_VIDA,HOMBRE,32049,VALPARAÍSO,2,2026-08-09
32,ZACATECAS,2026-03,LOCALIZADA_CON_VIDA,MUJER,32052,VILLA GARCÍA,1,2026-08-09
32,ZACATECAS,2026-03,LOCALIZADA_CON_VIDA,HOMBRE,32055,VILLANUEVA,1,2026-08-09
32,ZACATECAS,2026-03,LOCALIZADA_CON_VIDA,HOMBRE,32056,ZACATECAS,7,2026-08-09
32,ZACATECAS,2026-03,LOCALIZADA_CON_VIDA,MUJER,32056,ZACATECAS,2,2026-08-09
32,ZACATECAS,2026-03,LOCALIZADA_SIN_VIDA,HOMBRE,32017,GUADALUPE,1,2026-08-09
32,ZACATECAS,2026-04,DESAPARECIDA_O_NO_LOCALIZADA,HOMBRE,32005,CALERA,1,2026-08-09
32,ZACATECAS,2026-04,DESAPARECIDA_O_NO_LOCALIZADA,HOMBRE,32008,CUAUHTÉMOC,1,2026-08-09
32,ZACATECAS,2026-04,DESAPARECIDA_O_NO_LOCALIZADA,HOMBRE,32010,FRESNILLO,1,2026-08-09
32,ZACATECAS,2026-04,DESAPARECIDA_O_NO_LOCALIZADA,MUJER,32010,FRESNILLO,1,2026-08-09
32,ZACATECAS,2026-04,DESAPARECIDA_O_NO_LOCALIZADA,HOMBRE,32011,TRINIDAD GARCÍA DE LA CADENA,1,2026-08-09
32,ZACATECAS,2026-04,DESAPARECIDA_O_NO_LOCALIZADA,HOMBRE,32016,GENERAL PÁNFILO NATERA,1,2026-08-09
32,ZACATECAS,2026-04,DESAPARECIDA_O_NO_LOCALIZADA,MUJER,32017,GUADALUPE,1,2026-08-09
32,ZACATECAS,2026-04,DESAPARECIDA_O_NO_LOCALIZADA,HOMBRE,32020,JEREZ,2,2026-08-09
32,ZACATECAS,2026-04,DESAPARECIDA_O_NO_LOCALIZADA,HOMBRE,32030,MOMAX,2,2026-08-09
32,ZACATECAS,2026-04,DESAPARECIDA_O_NO_LOCALIZADA,HOMBRE,32036,OJOCALIENTE,1,2026-08-09
32,ZACATECAS,2026-04,DESAPARECIDA_O_NO_LOCALIZADA,HOMBRE,32048,TLALTENANGO DE SÁNCHEZ ROMÁN,2,2026-08-09
32,ZACATECAS,2026-04,DESAPARECIDA_O_NO_LOCALIZADA,HOMBRE,32049,VALPARAÍSO,1,2026-08-09
32,ZACATECAS,2026-04,DESAPARECIDA_O_NO_LOCALIZADA,HOMBRE,32056,ZACATECAS,2,2026-08-09
32,ZACATECAS,2026-04,LOCALIZADA_CON_VIDA,HOMBRE,32010,FRESNILLO,1,2026-08-09
32,ZACATECAS,2026-04,LOCALIZADA_CON_VIDA,MUJER,32010,FRESNILLO,2,2026-08-09
32,ZACATECAS,2026-04,LOCALIZADA_CON_VIDA,HOMBRE,32012,GENARO CODINA,1,2026-08-09
32,ZACATECAS,2026-04,LOCALIZADA_CON_VIDA,HOMBRE,32017,GUADALUPE,4,2026-08-09
32,ZACATECAS,2026-04,LOCALIZADA_CON_VIDA,HOMBRE,32020,JEREZ,1,2026-08-09
32,ZACATECAS,2026-04,LOCALIZADA_CON_VIDA,HOMBRE,32024,LORETO,1,2026-08-09
32,ZACATECAS,2026-04,LOCALIZADA_CON_VIDA,HOMBRE,32035,NORIA DE ÁNGELES,1,2026-08-09
32,ZACATECAS,2026-04,LOCALIZADA_CON_VIDA,MUJER,32036,OJOCALIENTE,1,2026-08-09
32,ZACATECAS,2026-04,LOCALIZADA_CON_VIDA,HOMBRE,32037,PÁNUCO,1,2026-08-09
32,ZACATECAS,2026-04,LOCALIZADA_CON_VIDA,HOMBRE,32056,ZACATECAS,3,2026-08-09
32,ZACATECAS,2026-04,LOCALIZADA_CON_VIDA,MUJER,32056,ZACATECAS,2,2026-08-09
32,ZACATECAS,2026-04,LOCALIZADA_CON_VIDA,HOMBRE,32057,TRANCOSO,1,2026-08-09
32,ZACATECAS,2026-04,LOCALIZADA_SIN_VIDA,HOMBRE,32017,GUADALUPE,2,2026-08-09
32,ZACATECAS,2026-04,LOCALIZADA_SIN_VIDA,MUJER,32017,GUADALUPE,1,2026-08-09
32,ZACATECAS,2026-04,LOCALIZADA_SIN_VIDA,HOMBRE,32042,SOMBRERETE,1,2026-08-09
32,ZACATECAS,2026-04,LOCALIZADA_SIN_VIDA,HOMBRE,32048,TLALTENANGO DE SÁNCHEZ ROMÁN,1,2026-08-09
32,ZACATECAS,2026-04,LOCALIZADA_SIN_VIDA,MUJER,32055,VILLANUEVA,1,2026-08-09
32,ZACATECAS,2026-04,LOCALIZADA_SIN_VIDA,HOMBRE,32056,ZACATECAS,1,2026-08-09
32,ZACATECAS,2026-05,DESAPARECIDA_O_NO_LOCALIZADA,HOMBRE,32008,CUAUHTÉMOC,1,2026-08-09
32,ZACATECAS,2026-05,DESAPARECIDA_O_NO_LOCALIZADA,HOMBRE,32010,FRESNILLO,1,2026-08-09
32,ZACATECAS,2026-05,DESAPARECIDA_O_NO_LOCALIZADA,HOMBRE,32019,JALPA,1,2026-08-09
32,ZACATECAS,2026-05,DESAPARECIDA_O_NO_LOCALIZADA,HOMBRE,32020,JEREZ,2,2026-08-09
32,ZACATECAS,2026-05,DESAPARECIDA_O_NO_LOCALIZADA,HOMBRE,32024,LORETO,1,2026-08-09
32,ZACATECAS,2026-05,DESAPARECIDA_O_NO_LOCALIZADA,HOMBRE,32025,LUIS MOYA,1,2026-08-09
32,ZACATECAS,2026-05,DESAPARECIDA_O_NO_LOCALIZADA,HOMBRE,32036,OJOCALIENTE,2,2026-08-09
32,ZACATECAS,2026-05,DESAPARECIDA_O_NO_LOCALIZADA,HOMBRE,32038,PINOS,2,2026-08-09
32,ZACATECAS,2026-05,DESAPARECIDA_O_NO_LOCALIZADA,HOMBRE,32048,TLALTENANGO DE SÁNCHEZ ROMÁN,1,2026-08-09
32,ZACATECAS,2026-05,DESAPARECIDA_O_NO_LOCALIZADA,MUJER,32048,TLALTENANGO DE SÁNCHEZ ROMÁN,1,2026-08-09
32,ZACATECAS,2026-05,DESAPARECIDA_O_NO_LOCALIZADA,HOMBRE,32055,VILLANUEVA,2,2026-08-09
32,ZACATECAS,2026-05,DESAPARECIDA_O_NO_LOCALIZADA,MUJER,32055,VILLANUEVA,1,2026-08-09
32,ZACATECAS,2026-05,DESAPARECIDA_O_NO_LOCALIZADA,HOMBRE,32056,ZACATECAS,3,2026-08-09
32,ZACATECAS,2026-05,DESAPARECIDA_O_NO_LOCALIZADA,HOMBRE,32057,TRANCOSO,1,2026-08-09
32,ZACATECAS,2026-05,LOCALIZADA_CON_VIDA,MUJER,32005,CALERA,1,2026-08-09
32,ZACATECAS,2026-05,LOCALIZADA_CON_VIDA,HOMBRE,32010,FRESNILLO,3,2026-08-09
32,ZACATECAS,2026-05,LOCALIZADA_CON_VIDA,MUJER,32010,FRESNILLO,7,2026-08-09
32,ZACATECAS,2026-05,LOCALIZADA_CON_VIDA,HOMBRE,32017,GUADALUPE,3,2026-08-09
32,ZACATECAS,2026-05,LOCALIZADA_CON_VIDA,MUJER,32017,GUADALUPE,2,2026-08-09
32,ZACATECAS,2026-05,LOCALIZADA_CON_VIDA,HOMBRE,32020,JEREZ,1,2026-08-09
32,ZACATECAS,2026-05,LOCALIZADA_CON_VIDA,HOMBRE,32024,LORETO,1,2026-08-09
32,ZACATECAS,2026-05,LOCALIZADA_CON_VIDA,HOMBRE,32025,LUIS MOYA,1,2026-08-09
32,ZACATECAS,2026-05,LOCALIZADA_CON_VIDA,HOMBRE,32032,MORELOS,1,2026-08-09
32,ZACATECAS,2026-05,LOCALIZADA_CON_VIDA,MUJER,32038,PINOS,2,2026-08-09
32,ZACATECAS,2026-05,LOCALIZADA_CON_VIDA,HOMBRE,32039,RÍO GRANDE,1,2026-08-09
32,ZACATECAS,2026-05,LOCALIZADA_CON_VIDA,HOMBRE,32045,TEPECHITLÁN,1,2026-08-09
32,ZACATECAS,2026-05,LOCALIZADA_CON_VIDA,MUJER,32048,TLALTENANGO DE SÁNCHEZ ROMÁN,1,2026-08-09
32,ZACATECAS,2026-05,LOCALIZADA_CON_VIDA,HOMBRE,32055,VILLANUEVA,1,2026-08-09
32,ZACATECAS,2026-05,LOCALIZADA_CON_VIDA,HOMBRE,32056,ZACATECAS,4,2026-08-09
32,ZACATECAS,2026-05,LOCALIZADA_CON_VIDA,MUJER,32056,ZACATECAS,1,2026-08-09
32,ZACATECAS,2026-05,LOCALIZADA_SIN_VIDA,HOMBRE,32013,GENERAL ENRIQUE ESTRADA,1,2026-08-09
32,ZACATECAS,2026-05,LOCALIZADA_SIN_VIDA,MUJER,32051,VILLA DE COS,1,2026-08-09
32,ZACATECAS,2026-05,LOCALIZADA_SIN_VIDA,HOMBRE,32056,ZACATECAS,1,2026-08-09
32,ZACATECAS,2026-06,DESAPARECIDA_O_NO_LOCALIZADA,HOMBRE,32008,CUAUHTÉMOC,1,2026-08-09
32,ZACATECAS,2026-06,DESAPARECIDA_O_NO_LOCALIZADA,HOMBRE,32010,FRESNILLO,1,2026-08-09
32,ZACATECAS,2026-06,DESAPARECIDA_O_NO_LOCALIZADA,MUJER,32017,GUADALUPE,1,2026-08-09
32,ZACATECAS,2026-06,DESAPARECIDA_O_NO_LOCALIZADA,HOMBRE,32020,JEREZ,1,2026-08-09
32,ZACATECAS,2026-06,DESAPARECIDA_O_NO_LOCALIZADA,HOMBRE,32036,OJOCALIENTE,1,2026-08-09
32,ZACATECAS,2026-06,DESAPARECIDA_O_NO_LOCALIZADA,MUJER,32049,VALPARAÍSO,1,2026-08-09
32,ZACATECAS,2026-06,DESAPARECIDA_O_NO_LOCALIZADA,MUJER,32055,VILLANUEVA,1,2026-08-09
32,ZACATECAS,2026-06,DESAPARECIDA_O_NO_LOCALIZADA,HOMBRE,32056,ZACATECAS,1,2026-08-09
32,ZACATECAS,2026-06,DESAPARECIDA_O_NO_LOCALIZADA,MUJER,32056,ZACATECAS,1,2026-08-09
32,ZACATECAS,2026-06,LOCALIZADA_CON_VIDA,HOMBRE,32007,CONCEPCIÓN DEL ORO,2,2026-08-09
32,ZACATECAS,2026-06,LOCALIZADA_CON_VIDA,HOMBRE,32010,FRESNILLO,3,2026-08-09
32,ZACATECAS,2026-06,LOCALIZADA_CON_VIDA,MUJER,32010,FRESNILLO,3,2026-08-09
32,ZACATECAS,2026-06,LOCALIZADA_CON_VIDA,HOMBRE,32017,GUADALUPE,3,2026-08-09
32,ZACATECAS,2026-06,LOCALIZADA_CON_VIDA,MUJER,32017,GUADALUPE,3,2026-08-09
32,ZACATECAS,2026-06,LOCALIZADA_CON_VIDA,HOMBRE,32020,JEREZ,1,2026-08-09
32,ZACATECAS,2026-06,LOCALIZADA_CON_VIDA,MUJER,32025,LUIS MOYA,1,2026-08-09
32,ZACATECAS,2026-06,LOCALIZADA_CON_VIDA,MUJER,32028,MEZQUITAL DEL ORO,1,2026-08-09
32,ZACATECAS,2026-06,LOCALIZADA_CON_VIDA,MUJER,32036,OJOCALIENTE,1,2026-08-09
32,ZACATECAS,2026-06,LOCALIZADA_CON_VIDA,HOMBRE,32038,PINOS,1,2026-08-09
32,ZACATECAS,2026-06,LOCALIZADA_CON_VIDA,HOMBRE,32039,RÍO GRANDE,3,2026-08-09
32,ZACATECAS,2026-06,LOCALIZADA_CON_VIDA,HOMBRE,32048,TLALTENANGO DE SÁNCHEZ ROMÁN,1,2026-08-09
32,ZACATECAS,2026-06,LOCALIZADA_CON_VIDA,HOMBRE,32051,VILLA DE COS,1,2026-08-09
32,ZACATECAS,2026-06,LOCALIZADA_CON_VIDA,HOMBRE,32056,ZACATECAS,4,2026-08-09
32,ZACATECAS,2026-06,LOCALIZADA_CON_VIDA,MUJER,32056,ZACATECAS,2,2026-08-09
32,ZACATECAS,2026-06,LOCALIZADA_SIN_VIDA,HOMBRE,32055,VILLANUEVA,1,2026-08-09
32,ZACATECAS,2026-07,DESAPARECIDA_O_NO_LOCALIZADA,HOMBRE,32005,CALERA,1,2026-08-09
32,ZACATECAS,2026-07,DESAPARECIDA_O_NO_LOCALIZADA,HOMBRE,32010,FRESNILLO,1,2026-08-09
32,ZACATECAS,2026-07,DESAPARECIDA_O_NO_LOCALIZADA,MUJER,32010,FRESNILLO,2,2026-08-09
32,ZACATECAS,2026-07,DESAPARECIDA_O_NO_LOCALIZADA,HOMBRE,32024,LORETO,3,2026-08-09
32,ZACATECAS,2026-07,DESAPARECIDA_O_NO_LOCALIZADA,MUJER,32024,LORETO,1,2026-08-09
32,ZACATECAS,2026-07,DESAPARECIDA_O_NO_LOCALIZADA,HOMBRE,32056,ZACATECAS,1,2026-08-09
32,ZACATECAS,2026-07,DESAPARECIDA_O_NO_LOCALIZADA,MUJER,32056,ZACATECAS,1,2026-08-09
32,ZACATECAS,2026-07,DESAPARECIDA_O_NO_LOCALIZADA,HOMBRE,32057,TRANCOSO,2,2026-08-09
32,ZACATECAS,2026-07,DESAPARECIDA_O_NO_LOCALIZADA,MUJER,32057,TRANCOSO,1,2026-08-09
32,ZACATECAS,2026-07,LOCALIZADA_CON_VIDA,HOMBRE,32005,CALERA,2,2026-08-09
32,ZACATECAS,2026-07,LOCALIZADA_CON_VIDA,HOMBRE,32010,FRESNILLO,3,2026-08-09
32,ZACATECAS,2026-07,LOCALIZADA_CON_VIDA,MUJER,32010,FRESNILLO,6,2026-08-09
32,ZACATECAS,2026-07,LOCALIZADA_CON_VIDA,HOMBRE,32017,GUADALUPE,2,2026-08-09
32,ZACATECAS,2026-07,LOCALIZADA_CON_VIDA,MUJER,32017,GUADALUPE,1,2026-08-09
32,ZACATECAS,2026-07,LOCALIZADA_CON_VIDA,HOMBRE,32020,JEREZ,1,2026-08-09
32,ZACATECAS,2026-07,LOCALIZADA_CON_VIDA,HOMBRE,32037,PÁNUCO,1,2026-08-09
32,ZACATECAS,2026-07,LOCALIZADA_CON_VIDA,HOMBRE,32038,PINOS,1,2026-08-09
32,ZACATECAS,2026-07,LOCALIZADA_CON_VIDA,MUJER,32049,VALPARAÍSO,1,2026-08-09
32,ZACATECAS,2026-07,LOCALIZADA_CON_VIDA,HOMBRE,32055,VILLANUEVA,1,2026-08-09
32,ZACATECAS,2026-07,LOCALIZADA_CON_VIDA,HOMBRE,32056,ZACATECAS,6,2026-08-09
32,ZACATECAS,2026-07,LOCALIZADA_CON_VIDA,MUJER,32056,ZACATECAS,4,2026-08-09
32,ZACATECAS,SIN_FECHA,DESAPARECIDA_O_NO_LOCALIZADA,,,,39,2026-08-09
32,ZACATECAS,SIN_FECHA,LOCALIZADA_CON_VIDA,,,,314,2026-08-09
32,ZACATECAS,SIN_FECHA,LOCALIZADA_SIN_VIDA,,,,38,2026-08-09
33,ENTIDAD NO ESPECIFICADA,SIN_FECHA,DESAPARECIDA_O_NO_LOCALIZADA,,,,463,2026-08-09
33,ENTIDAD NO ESPECIFICADA,SIN_FECHA,LOCALIZADA_CON_VIDA,,,,34,2026-08-09
33,ENTIDAD NO ESPECIFICADA,SIN_FECHA,LOCALIZADA_SIN_VIDA,,,,12,2026-08-09
